model,year,price,transmission,mileage,fuelType,tax,mpg,engineSize,car_age,is_automatic,is_manual,is_semi_auto,fuelType_grouped,model_encoded,transmission_encoded,fuelType_grouped_encoded,price_class,cluster
5 Series,2012,5748,Automatic,88081,Diesel,94,41.3,3.5,11,1,0,0,Diesel,4,0,0,0,0
X7,2017,62629,Automatic,54441,Diesel,147,59.4,2.5,6,1,0,0,Diesel,13,0,0,2,1
X5,2016,42002,Automatic,80220,Diesel,258,41.3,2.0,7,1,0,0,Diesel,11,0,0,1,1
X1,2012,15483,Automatic,13651,Diesel,29,48.9,5.0,11,1,0,0,Diesel,7,0,0,0,0
3 Series,2015,26743,Automatic,133737,Petrol,17,24.5,3.0,8,1,0,0,Petrol,2,0,4,1,0
3 Series,2013,50849,Manual,7918,Petrol,186,32.0,2.5,10,0,1,0,Petrol,2,1,4,2,0
1 Series,2020,26964,Automatic,24007,Diesel,211,31.0,4.0,3,1,0,0,Diesel,0,0,0,1,1
4 Series,2014,83136,Semi-Auto,26035,Hybrid,34,43.0,2.5,9,0,0,1,Hybrid,3,2,2,2,0
X1,2020,54104,Automatic,90352,Diesel,146,33.2,3.0,3,1,0,0,Diesel,7,0,0,2,1
X3,2014,50723,Automatic,77749,Diesel,281,45.6,4.0,9,1,0,0,Diesel,9,0,0,2,0
1 Series,2016,26944,Semi-Auto,115049,Petrol,34,47.6,2.5,7,0,0,1,Petrol,0,2,4,1,0
X7,2020,37693,Automatic,89148,Diesel,75,21.3,3.5,3,1,0,0,Diesel,13,0,0,1,1
2 Series,2014,37806,Manual,23211,Diesel,71,45.6,2.0,9,0,1,0,Diesel,1,1,0,1,0
3 Series,2020,82789,Manual,27866,Petrol,248,24.7,3.0,3,0,1,0,Petrol,2,1,4,2,1
3 Series,2012,31021,Automatic,8344,Diesel,56,38.6,2.5,11,1,0,0,Diesel,2,0,0,1,0
3 Series,2019,80682,Automatic,69737,Other,9,49.1,2.0,4,1,0,0,Other,2,0,3,2,1
3 Series,2014,64856,Automatic,71288,Diesel,212,48.1,2.0,9,1,0,0,Diesel,2,0,0,2,0
7 Series,2016,8559,Automatic,63546,Petrol,236,32.0,2.5,7,1,0,0,Petrol,6,0,4,0,0
5 Series,2014,56644,Automatic,108879,Diesel,233,30.9,3.0,9,1,0,0,Diesel,4,0,0,2,0
3 Series,2014,25719,Manual,11327,Petrol,222,37.6,3.0,9,0,1,0,Petrol,2,1,4,1,0
X1,2018,76988,Automatic,28608,Petrol,103,27.5,4.0,5,1,0,0,Petrol,7,0,4,2,1
1 Series,2012,63045,Automatic,89534,Hybrid,97,59.0,2.5,11,1,0,0,Hybrid,0,0,2,2,0
3 Series,2022,56365,Automatic,117209,Petrol,225,33.8,3.5,1,1,0,0,Petrol,2,0,4,2,1
5 Series,2015,14211,Semi-Auto,19007,Petrol,221,56.9,1.5,8,0,0,1,Petrol,4,2,4,0,0
5 Series,2010,66508,Automatic,26257,Diesel,279,56.3,2.5,13,1,0,0,Diesel,4,0,0,2,0
X5,2019,3000,Automatic,86054,Diesel,42,34.6,1.5,4,1,0,0,Diesel,11,0,0,0,1
3 Series,2014,48951,Automatic,30784,Diesel,152,30.2,4.4,9,1,0,0,Diesel,2,0,0,1,0
7 Series,2017,45598,Semi-Auto,45221,Petrol,289,50.8,2.5,6,0,0,1,Petrol,6,2,4,1,1
X1,2014,75416,Semi-Auto,22378,Diesel,223,29.2,2.5,9,0,0,1,Diesel,7,2,0,2,0
1 Series,2018,39113,Automatic,5696,Diesel,118,40.8,2.5,5,1,0,0,Diesel,0,0,0,1,1
X1,2020,3000,Manual,94531,Diesel,213,24.4,2.5,3,0,1,0,Diesel,7,1,0,0,1
3 Series,2015,76411,Automatic,35635,Diesel,52,35.4,3.5,8,1,0,0,Diesel,2,0,0,2,1
1 Series,2017,3000,Semi-Auto,127489,Petrol,219,23.1,2.5,6,0,0,1,Petrol,0,2,4,0,1
X4,2019,13089,Automatic,59543,Other,242,31.3,2.5,4,1,0,0,Other,10,0,3,0,1
X7,2017,86304,Automatic,12817,Diesel,52,46.6,5.0,6,1,0,0,Diesel,13,0,0,2,1
X6,2022,51259,Automatic,56258,Petrol,116,59.7,5.0,1,1,0,0,Petrol,12,0,4,2,1
3 Series,2012,44300,Automatic,132240,Diesel,41,30.2,1.5,11,1,0,0,Diesel,2,0,0,1,0
1 Series,2016,44493,Manual,123475,Petrol,246,38.9,3.0,7,0,1,0,Petrol,0,1,4,1,1
X3,2016,11685,Automatic,66199,Diesel,290,37.9,2.5,7,1,0,0,Diesel,9,0,0,0,0
5 Series,2019,18121,Semi-Auto,65948,Petrol,247,27.4,3.0,4,0,0,1,Petrol,4,2,4,0,1
1 Series,2021,34093,Automatic,58782,Petrol,100,44.4,3.0,2,1,0,0,Petrol,0,0,4,1,1
5 Series,2015,52152,Automatic,81759,Diesel,86,49.0,2.5,8,1,0,0,Diesel,4,0,0,2,0
1 Series,2021,34201,Automatic,62599,Diesel,83,25.9,6.0,2,1,0,0,Diesel,0,0,0,1,1
6 Series,2016,94871,Automatic,17291,Petrol,260,50.3,2.5,7,1,0,0,Petrol,5,0,4,2,1
3 Series,2011,47686,Manual,109945,Diesel,220,48.0,3.0,12,0,1,0,Diesel,2,1,0,1,0
X3,2018,7264,Automatic,88057,Diesel,153,27.9,3.5,5,1,0,0,Diesel,9,0,0,0,1
3 Series,2019,13241,Automatic,91251,Diesel,50,46.0,2.0,4,1,0,0,Diesel,2,0,0,0,1
7 Series,2019,79423,Automatic,88154,Petrol,37,35.7,2.5,4,1,0,0,Petrol,6,0,4,2,1
7 Series,2010,3000,Automatic,95535,Diesel,258,47.2,2.0,13,1,0,0,Diesel,6,0,0,0,0
3 Series,2010,76837,Semi-Auto,2573,Petrol,186,39.8,3.5,13,0,0,1,Petrol,2,2,4,2,0
X7,2012,72379,Automatic,9577,Hybrid,12,21.9,3.5,11,1,0,0,Hybrid,13,0,2,2,0
X5,2012,3000,Manual,140784,Diesel,222,51.5,2.0,11,0,1,0,Diesel,11,1,0,0,0
X4,2010,40865,Automatic,30948,Diesel,86,42.2,1.5,13,1,0,0,Diesel,10,0,0,1,0
6 Series,2021,32527,Automatic,78700,Petrol,258,49.0,2.5,2,1,0,0,Petrol,5,0,4,1,1
X1,2016,34503,Semi-Auto,6217,Diesel,180,25.0,3.0,7,0,0,1,Diesel,7,2,0,1,1
X2,2013,11982,Automatic,61178,Petrol,172,48.9,3.0,10,1,0,0,Petrol,8,0,4,0,0
1 Series,2019,48200,Automatic,86062,Diesel,194,36.5,2.5,4,1,0,0,Diesel,0,0,0,1,1
3 Series,2022,82462,Automatic,97806,Petrol,244,52.0,2.5,1,1,0,0,Petrol,2,0,4,2,1
1 Series,2011,24646,Automatic,110657,Diesel,195,44.0,2.5,12,1,0,0,Diesel,0,0,0,1,0
3 Series,2019,71738,Manual,68035,Petrol,61,34.2,1.5,4,0,1,0,Petrol,2,1,4,2,1
5 Series,2014,3000,Automatic,94075,Petrol,24,28.1,1.5,9,1,0,0,Petrol,4,0,4,0,0
3 Series,2015,17901,Semi-Auto,141741,Diesel,51,52.6,2.0,8,0,0,1,Diesel,2,2,0,0,0
X6,2018,84091,Automatic,22629,Diesel,49,42.4,3.0,5,1,0,0,Diesel,12,0,0,2,1
5 Series,2013,49961,Automatic,92282,Diesel,294,59.5,2.0,10,1,0,0,Diesel,4,0,0,2,0
3 Series,2011,37652,Automatic,47007,Petrol,51,34.9,2.5,12,1,0,0,Petrol,2,0,4,1,0
7 Series,2014,90248,Automatic,3039,Petrol,39,47.4,3.0,9,1,0,0,Petrol,6,0,4,2,0
1 Series,2012,3000,Semi-Auto,107615,Diesel,231,44.9,3.5,11,0,0,1,Diesel,0,2,0,0,0
X6,2011,16336,Automatic,4857,Diesel,59,45.5,2.5,12,1,0,0,Diesel,12,0,0,0,0
1 Series,2021,16596,Automatic,92432,Petrol,215,49.5,2.0,2,1,0,0,Petrol,0,0,4,0,1
i3,2010,17187,Manual,81977,Diesel,196,25.6,5.0,13,0,1,0,Diesel,15,1,0,0,0
X5,2019,45191,Manual,13735,Diesel,275,42.0,1.5,4,0,1,0,Diesel,11,1,0,1,1
3 Series,2011,71026,Automatic,47051,Diesel,1,40.4,2.5,12,1,0,0,Diesel,2,0,0,2,0
1 Series,2015,40694,Manual,125822,Petrol,105,33.7,4.4,8,0,1,0,Petrol,0,1,4,1,0
X6,2017,45969,Automatic,53693,Diesel,215,37.4,3.0,6,1,0,0,Diesel,12,0,0,1,1
X3,2022,42005,Automatic,108942,Petrol,264,40.8,3.0,1,1,0,0,Petrol,9,0,4,1,1
X3,2012,6618,Automatic,70152,Diesel,166,32.8,2.5,11,1,0,0,Diesel,9,0,0,0,0
X5,2020,7341,Automatic,81919,Petrol,246,31.7,1.5,3,1,0,0,Petrol,11,0,4,0,1
1 Series,2018,36468,Automatic,30756,Diesel,209,49.5,2.5,5,1,0,0,Diesel,0,0,0,1,1
5 Series,2021,3654,Automatic,135966,Diesel,57,22.7,2.5,2,1,0,0,Diesel,4,0,0,0,1
1 Series,2018,45072,Automatic,117412,Diesel,42,32.5,2.0,5,1,0,0,Diesel,0,0,0,1,1
4 Series,2011,5488,Manual,105531,Diesel,137,46.1,2.0,12,0,1,0,Diesel,3,1,0,0,0
X1,2017,60083,Semi-Auto,54214,Diesel,108,28.4,2.5,6,0,0,1,Diesel,7,2,0,2,1
3 Series,2019,22832,Manual,70817,Diesel,47,42.9,3.0,4,0,1,0,Diesel,2,1,0,1,1
1 Series,2020,64140,Automatic,64862,Petrol,125,32.1,4.4,3,1,0,0,Petrol,0,0,4,2,1
3 Series,2021,72854,Automatic,114084,Petrol,213,53.7,3.0,2,1,0,0,Petrol,2,0,4,2,1
3 Series,2014,51588,Automatic,29333,Diesel,127,34.0,3.5,9,1,0,0,Diesel,2,0,0,2,0
X3,2013,40918,Automatic,125361,Diesel,197,29.2,2.5,10,1,0,0,Diesel,9,0,0,1,0
X1,2019,6532,Automatic,98330,Diesel,201,41.2,2.0,4,1,0,0,Diesel,7,0,0,0,1
4 Series,2014,38461,Automatic,40288,Petrol,191,25.4,2.0,9,1,0,0,Petrol,3,0,4,1,0
5 Series,2013,4690,Manual,79588,Diesel,106,51.9,2.5,10,0,1,0,Diesel,4,1,0,0,0
1 Series,2017,41262,Automatic,116784,Petrol,193,47.2,3.0,6,1,0,0,Petrol,0,0,4,1,1
X3,2013,23836,Automatic,33175,Other,237,50.8,4.4,10,1,0,0,Other,9,0,3,1,0
X5,2022,80121,Automatic,9915,Petrol,131,36.0,3.5,1,1,0,0,Petrol,11,0,4,2,1
X1,2019,16063,Automatic,82658,Diesel,82,53.4,2.0,4,1,0,0,Diesel,7,0,0,0,1
X5,2021,27051,Automatic,110735,Diesel,283,39.7,3.5,2,1,0,0,Diesel,11,0,0,1,1
5 Series,2022,28643,Automatic,73454,Diesel,221,23.8,2.5,1,1,0,0,Diesel,4,0,0,1,1
7 Series,2015,3000,Automatic,96973,Petrol,105,29.0,2.0,8,1,0,0,Petrol,6,0,4,0,0
5 Series,2011,7118,Automatic,112342,Petrol,293,48.4,2.5,12,1,0,0,Petrol,4,0,4,0,0
1 Series,2014,35846,Automatic,14805,Diesel,65,55.9,3.0,9,1,0,0,Diesel,0,0,0,1,0
1 Series,2015,54354,Manual,55716,Diesel,194,23.8,3.5,8,0,1,0,Diesel,0,1,0,2,0
1 Series,2014,4834,Manual,134943,Petrol,187,54.6,2.5,9,0,1,0,Petrol,0,1,4,0,0
X1,2021,54691,Automatic,103793,Diesel,46,52.0,2.0,2,1,0,0,Diesel,7,0,0,2,1
3 Series,2011,5207,Automatic,38375,Diesel,24,34.3,1.5,12,1,0,0,Diesel,2,0,0,0,0
7 Series,2016,50047,Manual,111415,Diesel,65,47.6,2.0,7,0,1,0,Diesel,6,1,0,2,1
6 Series,2013,83876,Automatic,6834,Petrol,66,27.5,5.0,10,1,0,0,Petrol,5,0,4,2,0
3 Series,2017,77691,Automatic,43680,Petrol,196,52.5,5.0,6,1,0,0,Petrol,2,0,4,2,1
5 Series,2016,15464,Automatic,129802,Diesel,245,46.3,5.0,7,1,0,0,Diesel,4,0,0,0,0
X5,2016,74269,Automatic,4399,Diesel,295,37.6,2.5,7,1,0,0,Diesel,11,0,0,2,1
3 Series,2018,42895,Manual,106908,Diesel,99,54.6,2.0,5,0,1,0,Diesel,2,1,0,1,1
1 Series,2010,33820,Manual,77493,Diesel,177,25.6,6.0,13,0,1,0,Diesel,0,1,0,1,0
3 Series,2019,48780,Automatic,107035,Petrol,114,53.8,6.0,4,1,0,0,Petrol,2,0,4,1,1
3 Series,2015,32776,Automatic,127766,Petrol,167,21.0,1.5,8,1,0,0,Petrol,2,0,4,1,0
X2,2015,27531,Automatic,93674,Petrol,118,50.1,3.5,8,1,0,0,Petrol,8,0,4,1,0
X6,2015,24332,Automatic,82344,Hybrid,164,42.9,2.0,8,1,0,0,Hybrid,12,0,2,1,0
X1,2022,27613,Semi-Auto,94779,Diesel,218,47.9,4.4,1,0,0,1,Diesel,7,2,0,1,1
4 Series,2021,55663,Automatic,12809,Petrol,196,36.5,1.5,2,1,0,0,Petrol,3,0,4,2,1
X6,2015,3000,Automatic,149768,Petrol,236,54.6,4.0,8,1,0,0,Petrol,12,0,4,0,0
3 Series,2021,25220,Manual,131306,Diesel,168,32.5,1.5,2,0,1,0,Diesel,2,1,0,1,1
6 Series,2019,23864,Manual,60151,Diesel,75,31.0,2.5,4,0,1,0,Diesel,5,1,0,1,1
7 Series,2016,44671,Manual,85661,Hybrid,286,32.1,2.5,7,0,1,0,Hybrid,6,1,2,1,1
X6,2019,46422,Automatic,57632,Petrol,32,51.0,2.5,4,1,0,0,Petrol,12,0,4,1,1
6 Series,2015,3000,Automatic,120847,Diesel,298,39.8,2.5,8,1,0,0,Diesel,5,0,0,0,0
3 Series,2010,69634,Automatic,67533,Petrol,229,41.5,3.0,13,1,0,0,Petrol,2,0,4,2,0
1 Series,2012,12281,Automatic,114459,Petrol,194,53.3,1.5,11,1,0,0,Petrol,0,0,4,0,0
3 Series,2011,47425,Semi-Auto,72889,Petrol,293,53.3,3.0,12,0,0,1,Petrol,2,2,4,1,0
5 Series,2015,20320,Automatic,85239,Petrol,296,26.5,1.5,8,1,0,0,Petrol,4,0,4,0,0
X6,2017,48199,Semi-Auto,102511,Diesel,277,42.0,2.0,6,0,0,1,Diesel,12,2,0,1,1
4 Series,2012,16038,Automatic,58942,Hybrid,229,25.0,3.0,11,1,0,0,Hybrid,3,0,2,0,0
1 Series,2019,26662,Manual,10275,Petrol,95,54.7,1.5,4,0,1,0,Petrol,0,1,4,1,1
7 Series,2017,74842,Automatic,20965,Hybrid,170,53.5,6.0,6,1,0,0,Hybrid,6,0,2,2,1
5 Series,2017,57642,Semi-Auto,98955,Petrol,31,54.0,3.5,6,0,0,1,Petrol,4,2,4,2,1
3 Series,2014,3000,Automatic,115178,Diesel,44,48.2,3.0,9,1,0,0,Diesel,2,0,0,0,0
1 Series,2017,3000,Automatic,148045,Petrol,71,38.7,2.0,6,1,0,0,Petrol,0,0,4,0,1
3 Series,2015,26275,Manual,90086,Diesel,19,36.2,1.5,8,0,1,0,Diesel,2,1,0,1,0
X4,2014,57248,Automatic,27878,Petrol,238,35.8,5.0,9,1,0,0,Petrol,10,0,4,2,0
3 Series,2018,3000,Automatic,126664,Diesel,198,22.6,2.0,5,1,0,0,Diesel,2,0,0,0,1
7 Series,2016,43956,Semi-Auto,149177,Diesel,64,58.0,3.5,7,0,0,1,Diesel,6,2,0,1,1
X3,2017,3000,Automatic,114174,Diesel,187,38.0,2.0,6,1,0,0,Diesel,9,0,0,0,1
5 Series,2010,14288,Automatic,65746,Petrol,88,57.2,2.5,13,1,0,0,Petrol,4,0,4,0,0
Z4,2020,64614,Automatic,100458,Diesel,200,55.2,3.0,3,1,0,0,Diesel,14,0,0,2,1
X7,2011,3000,Manual,129684,Diesel,22,53.1,4.4,12,0,1,0,Diesel,13,1,0,0,0
3 Series,2017,83165,Automatic,40935,Electric,295,43.5,1.5,6,1,0,0,Electric,2,0,1,2,1
5 Series,2021,67126,Automatic,33784,Diesel,129,24.1,2.0,2,1,0,0,Diesel,4,0,0,2,1
3 Series,2018,37595,Automatic,40865,Other,153,33.0,3.5,5,1,0,0,Other,2,0,3,1,1
3 Series,2013,34150,Automatic,98081,Diesel,77,44.1,2.0,10,1,0,0,Diesel,2,0,0,1,0
1 Series,2021,50048,Automatic,79701,Diesel,189,20.5,2.0,2,1,0,0,Diesel,0,0,0,2,1
X1,2019,85925,Automatic,12654,Petrol,299,21.7,1.5,4,1,0,0,Petrol,7,0,4,2,1
7 Series,2020,49371,Automatic,18830,Diesel,153,47.1,2.5,3,1,0,0,Diesel,6,0,0,2,1
1 Series,2019,31467,Automatic,148277,Diesel,112,55.5,3.5,4,1,0,0,Diesel,0,0,0,1,1
3 Series,2018,26772,Automatic,43425,Petrol,116,54.2,5.0,5,1,0,0,Petrol,2,0,4,1,1
6 Series,2013,56632,Automatic,78355,Petrol,4,26.7,2.0,10,1,0,0,Petrol,5,0,4,2,0
3 Series,2019,20530,Automatic,109039,Electric,34,56.4,2.0,4,1,0,0,Electric,2,0,1,0,1
1 Series,2019,36920,Automatic,139024,Diesel,271,47.9,2.5,4,1,0,0,Diesel,0,0,0,1,1
5 Series,2019,18053,Automatic,48405,Petrol,158,48.7,1.5,4,1,0,0,Petrol,4,0,4,0,1
i3,2018,65228,Automatic,6391,Diesel,209,32.2,2.5,5,1,0,0,Diesel,15,0,0,2,1
3 Series,2020,103094,Automatic,16091,Petrol,13,48.6,3.0,3,1,0,0,Petrol,2,0,4,2,1
X3,2016,50167,Manual,31237,Diesel,24,48.4,2.0,7,0,1,0,Diesel,9,1,0,2,1
X5,2011,28095,Automatic,114268,Diesel,217,43.8,3.0,12,1,0,0,Diesel,11,0,0,1,0
3 Series,2018,54506,Automatic,59353,Petrol,253,34.3,5.0,5,1,0,0,Petrol,2,0,4,2,1
X3,2013,3000,Automatic,75500,Diesel,202,52.4,4.0,10,1,0,0,Diesel,9,0,0,0,0
5 Series,2017,14111,Automatic,113780,Petrol,100,57.5,2.5,6,1,0,0,Petrol,4,0,4,0,1
X1,2016,75705,Semi-Auto,27968,Diesel,228,54.8,2.5,7,0,0,1,Diesel,7,2,0,2,1
X1,2022,46534,Automatic,126401,Electric,198,29.7,2.5,1,1,0,0,Electric,7,0,1,1,1
7 Series,2016,50447,Automatic,29285,Petrol,177,37.8,4.0,7,1,0,0,Petrol,6,0,4,2,1
1 Series,2017,11330,Automatic,104507,Diesel,275,33.7,6.0,6,1,0,0,Diesel,0,0,0,0,1
2 Series,2010,69525,Automatic,16430,Diesel,129,48.3,3.5,13,1,0,0,Diesel,1,0,0,2,0
3 Series,2014,3000,Automatic,141105,Diesel,278,53.3,3.0,9,1,0,0,Diesel,2,0,0,0,0
3 Series,2011,11232,Automatic,19256,Petrol,287,28.6,1.5,12,1,0,0,Petrol,2,0,4,0,0
1 Series,2011,3000,Manual,122946,Diesel,140,57.9,5.0,12,0,1,0,Diesel,0,1,0,0,0
X1,2010,27114,Automatic,32188,Electric,12,47.1,4.0,13,1,0,0,Electric,7,0,1,1,0
X3,2014,25921,Automatic,56134,Petrol,216,28.7,3.5,9,1,0,0,Petrol,9,0,4,1,0
1 Series,2011,14578,Automatic,53657,Petrol,185,34.8,2.5,12,1,0,0,Petrol,0,0,4,0,0
7 Series,2013,61255,Automatic,37088,Petrol,26,24.2,2.5,10,1,0,0,Petrol,6,0,4,2,0
3 Series,2012,19049,Automatic,147051,Diesel,217,43.9,2.0,11,1,0,0,Diesel,2,0,0,0,0
X1,2012,22296,Automatic,51106,Hybrid,13,26.8,4.4,11,1,0,0,Hybrid,7,0,2,1,0
3 Series,2011,3000,Automatic,133667,Diesel,141,47.7,4.4,12,1,0,0,Diesel,2,0,0,0,0
X3,2022,9483,Automatic,68824,Petrol,54,49.5,2.0,1,1,0,0,Petrol,9,0,4,0,1
5 Series,2015,15876,Manual,106149,Diesel,190,39.2,3.0,8,0,1,0,Diesel,4,1,0,0,0
X4,2011,11641,Automatic,95547,Petrol,284,23.8,2.0,12,1,0,0,Petrol,10,0,4,0,0
1 Series,2017,57239,Manual,122624,Petrol,88,44.4,2.5,6,0,1,0,Petrol,0,1,4,2,1
3 Series,2017,3000,Automatic,149199,Diesel,44,34.9,2.5,6,1,0,0,Diesel,2,0,0,0,1
1 Series,2022,74257,Automatic,18878,Petrol,131,58.0,2.5,1,1,0,0,Petrol,0,0,4,2,1
X2,2021,32086,Semi-Auto,61690,Diesel,65,40.5,2.5,2,0,0,1,Diesel,8,2,0,1,1
4 Series,2014,17930,Automatic,78838,Diesel,278,22.9,2.5,9,1,0,0,Diesel,3,0,0,0,0
3 Series,2019,54467,Manual,109484,Diesel,147,45.4,3.5,4,0,1,0,Diesel,2,1,0,2,1
X3,2016,47622,Manual,132279,Electric,144,51.2,2.5,7,0,1,0,Electric,9,1,1,1,1
X6,2013,83457,Automatic,2083,Hybrid,5,26.4,3.5,10,1,0,0,Hybrid,12,0,2,2,0
X1,2010,92102,Automatic,4311,Petrol,81,38.0,3.0,13,1,0,0,Petrol,7,0,4,2,0
7 Series,2020,41872,Automatic,24135,Hybrid,122,49.7,3.5,3,1,0,0,Hybrid,6,0,2,1,1
3 Series,2011,42220,Semi-Auto,58109,Diesel,166,20.8,4.4,12,0,0,1,Diesel,2,2,0,1,0
1 Series,2019,16584,Manual,62354,Diesel,236,21.2,2.0,4,0,1,0,Diesel,0,1,0,0,1
6 Series,2019,3000,Automatic,107892,Petrol,104,47.1,2.5,4,1,0,0,Petrol,5,0,4,0,1
6 Series,2013,61444,Automatic,63233,Petrol,289,49.0,1.5,10,1,0,0,Petrol,5,0,4,2,0
X1,2010,57923,Automatic,90468,Electric,237,53.8,2.5,13,1,0,0,Electric,7,0,1,2,0
3 Series,2022,50900,Automatic,52588,Petrol,81,36.0,2.0,1,1,0,0,Petrol,2,0,4,2,1
3 Series,2017,69889,Automatic,32716,Petrol,93,35.6,3.0,6,1,0,0,Petrol,2,0,4,2,1
X3,2018,67401,Automatic,128558,Petrol,284,42.1,3.5,5,1,0,0,Petrol,9,0,4,2,1
6 Series,2013,74967,Automatic,79255,Hybrid,296,50.3,2.5,10,1,0,0,Hybrid,5,0,2,2,0
4 Series,2019,59220,Automatic,128326,Diesel,65,45.6,2.5,4,1,0,0,Diesel,3,0,0,2,1
X5,2012,41916,Manual,122921,Hybrid,111,33.1,2.0,11,0,1,0,Hybrid,11,1,2,1,0
X1,2011,54941,Semi-Auto,94481,Petrol,170,33.9,1.5,12,0,0,1,Petrol,7,2,4,2,0
1 Series,2014,14310,Manual,136091,Petrol,246,50.5,3.0,9,0,1,0,Petrol,0,1,4,0,0
3 Series,2012,46354,Manual,76018,Diesel,65,41.4,1.5,11,0,1,0,Diesel,2,1,0,1,0
6 Series,2019,43154,Automatic,47873,Diesel,67,23.9,4.4,4,1,0,0,Diesel,5,0,0,1,1
X1,2016,58674,Automatic,131241,Petrol,33,26.1,3.0,7,1,0,0,Petrol,7,0,4,2,1
1 Series,2020,44345,Automatic,141967,Petrol,0,54.0,2.5,3,1,0,0,Petrol,0,0,4,1,1
1 Series,2015,36070,Manual,95672,Petrol,150,60.0,1.5,8,0,1,0,Petrol,0,1,4,1,0
X3,2010,3000,Semi-Auto,48672,Petrol,271,33.4,2.5,13,0,0,1,Petrol,9,2,4,0,0
1 Series,2021,34386,Manual,7121,Diesel,257,35.5,4.0,2,0,1,0,Diesel,0,1,0,1,1
3 Series,2017,46855,Manual,100332,Petrol,237,26.2,5.0,6,0,1,0,Petrol,2,1,4,1,1
7 Series,2011,60850,Automatic,83445,Petrol,115,29.4,1.5,12,1,0,0,Petrol,6,0,4,2,0
X3,2014,82648,Automatic,68863,Petrol,75,37.0,3.5,9,1,0,0,Petrol,9,0,4,2,0
X3,2018,56085,Automatic,50987,Petrol,282,31.4,2.0,5,1,0,0,Petrol,9,0,4,2,1
3 Series,2017,34463,Automatic,101787,Hybrid,18,48.1,2.5,6,1,0,0,Hybrid,2,0,2,1,1
X3,2011,12728,Automatic,129215,Petrol,283,41.5,2.5,12,1,0,0,Petrol,9,0,4,0,0
3 Series,2018,45162,Automatic,98083,Petrol,34,52.9,6.0,5,1,0,0,Petrol,2,0,4,1,1
3 Series,2014,23626,Automatic,32688,Diesel,240,49.0,2.0,9,1,0,0,Diesel,2,0,0,1,0
X5,2019,14853,Automatic,109034,Diesel,6,25.1,2.0,4,1,0,0,Diesel,11,0,0,0,1
X1,2015,3841,Automatic,109406,Diesel,36,24.9,3.0,8,1,0,0,Diesel,7,0,0,0,0
2 Series,2022,116605,Automatic,8304,Petrol,152,55.8,4.0,1,1,0,0,Petrol,1,0,4,2,1
X3,2012,29214,Automatic,136121,Diesel,244,52.8,3.0,11,1,0,0,Diesel,9,0,0,1,0
X1,2022,50856,Automatic,15947,Diesel,249,38.7,2.5,1,1,0,0,Diesel,7,0,0,2,1
1 Series,2012,39320,Automatic,10495,Petrol,114,25.2,5.0,11,1,0,0,Petrol,0,0,4,1,0
5 Series,2019,85568,Manual,25707,Petrol,40,55.9,6.0,4,0,1,0,Petrol,4,1,4,2,1
3 Series,2017,24568,Automatic,45544,Diesel,61,29.2,3.5,6,1,0,0,Diesel,2,0,0,1,1
3 Series,2020,7355,Automatic,101770,Diesel,168,21.4,3.5,3,1,0,0,Diesel,2,0,0,0,1
Z4,2019,59299,Manual,15987,Electric,141,57.0,3.5,4,0,1,0,Electric,14,1,1,2,1
5 Series,2019,42052,Manual,66997,Diesel,257,52.4,2.0,4,0,1,0,Diesel,4,1,0,1,1
6 Series,2021,49359,Manual,10993,Diesel,87,47.7,2.0,2,0,1,0,Diesel,5,1,0,2,1
X1,2011,39259,Automatic,12465,Petrol,47,21.4,3.0,12,1,0,0,Petrol,7,0,4,1,0
X6,2020,57903,Automatic,83071,Diesel,11,41.1,5.0,3,1,0,0,Diesel,12,0,0,2,1
7 Series,2021,96352,Automatic,33640,Diesel,210,46.1,4.0,2,1,0,0,Diesel,6,0,0,2,1
X1,2021,46860,Automatic,76997,Diesel,243,50.4,2.0,2,1,0,0,Diesel,7,0,0,1,1
5 Series,2011,69867,Semi-Auto,13366,Petrol,238,38.8,1.5,12,0,0,1,Petrol,4,2,4,2,0
3 Series,2022,87885,Automatic,30895,Petrol,196,58.1,4.0,1,1,0,0,Petrol,2,0,4,2,1
X3,2014,83283,Automatic,2785,Diesel,256,29.8,3.0,9,1,0,0,Diesel,9,0,0,2,0
3 Series,2015,87591,Automatic,7242,Petrol,234,22.8,2.5,8,1,0,0,Petrol,2,0,4,2,1
1 Series,2021,79239,Automatic,25529,Petrol,186,33.3,3.0,2,1,0,0,Petrol,0,0,4,2,1
X1,2011,3000,Automatic,113616,Petrol,200,46.5,2.0,12,1,0,0,Petrol,7,0,4,0,0
3 Series,2014,31537,Manual,65399,Petrol,102,49.5,4.4,9,0,1,0,Petrol,2,1,4,1,0
X4,2016,81568,Manual,7356,Diesel,289,49.5,3.5,7,0,1,0,Diesel,10,1,0,2,1
X7,2019,31410,Semi-Auto,86380,Diesel,220,24.4,5.0,4,0,0,1,Diesel,13,2,0,1,1
X2,2019,75245,Automatic,19220,Petrol,186,55.4,2.0,4,1,0,0,Petrol,8,0,4,2,1
5 Series,2017,65532,Automatic,98222,Diesel,98,31.2,3.5,6,1,0,0,Diesel,4,0,0,2,1
1 Series,2021,62418,Automatic,89198,Diesel,244,28.4,3.0,2,1,0,0,Diesel,0,0,0,2,1
X2,2016,63741,Automatic,35261,Hybrid,21,44.6,2.5,7,1,0,0,Hybrid,8,0,2,2,1
5 Series,2017,36876,Semi-Auto,131792,Diesel,67,28.5,2.5,6,0,0,1,Diesel,4,2,0,1,1
X7,2021,9983,Automatic,104467,Diesel,64,40.3,4.4,2,1,0,0,Diesel,13,0,0,0,1
X7,2018,47435,Manual,43380,Petrol,291,36.3,3.0,5,0,1,0,Petrol,13,1,4,1,1
2 Series,2014,55223,Automatic,80833,Diesel,216,29.3,2.5,9,1,0,0,Diesel,1,0,0,2,0
3 Series,2022,23172,Automatic,105008,Diesel,28,31.7,6.0,1,1,0,0,Diesel,2,0,0,1,1
5 Series,2014,42763,Automatic,89324,Diesel,192,37.1,2.5,9,1,0,0,Diesel,4,0,0,1,0
2 Series,2020,56469,Automatic,128718,Petrol,55,33.8,3.5,3,1,0,0,Petrol,1,0,4,2,1
3 Series,2019,60059,Manual,105992,Diesel,211,35.3,3.5,4,0,1,0,Diesel,2,1,0,2,1
3 Series,2013,50392,Automatic,28011,Hybrid,237,49.4,3.0,10,1,0,0,Hybrid,2,0,2,2,0
X1,2022,27449,Manual,94593,Diesel,199,26.7,3.0,1,0,1,0,Diesel,7,1,0,1,1
X4,2018,3000,Manual,119339,Diesel,177,45.1,2.0,5,0,1,0,Diesel,10,1,0,0,1
X3,2014,20631,Automatic,84940,Petrol,152,47.1,6.0,9,1,0,0,Petrol,9,0,4,0,0
X1,2011,3000,Manual,87677,Petrol,43,52.1,2.0,12,0,1,0,Petrol,7,1,4,0,0
1 Series,2019,24436,Automatic,114570,Diesel,167,53.9,3.0,4,1,0,0,Diesel,0,0,0,1,1
X1,2017,66534,Automatic,65583,Petrol,286,26.3,2.0,6,1,0,0,Petrol,7,0,4,2,1
i8,2016,6573,Manual,64056,Diesel,196,25.5,2.0,7,0,1,0,Diesel,16,1,0,0,0
1 Series,2017,3000,Semi-Auto,82468,Diesel,73,44.6,3.0,6,0,0,1,Diesel,0,2,0,0,1
7 Series,2021,61647,Automatic,123897,Diesel,170,50.3,3.5,2,1,0,0,Diesel,6,0,0,2,1
4 Series,2012,21845,Automatic,13017,Diesel,182,30.9,2.5,11,1,0,0,Diesel,3,0,0,1,0
X5,2013,25143,Automatic,38880,Diesel,15,41.0,1.5,10,1,0,0,Diesel,11,0,0,1,0
X3,2014,99895,Automatic,2355,Petrol,67,50.9,3.0,9,1,0,0,Petrol,9,0,4,2,0
X3,2015,17855,Automatic,107360,Diesel,41,50.7,3.5,8,1,0,0,Diesel,9,0,0,0,0
5 Series,2010,3000,Semi-Auto,59936,Diesel,109,46.2,2.0,13,0,0,1,Diesel,4,2,0,0,0
3 Series,2013,4270,Automatic,48266,Hybrid,40,23.2,3.0,10,1,0,0,Hybrid,2,0,2,0,0
X6,2020,9125,Automatic,100138,Diesel,5,22.0,1.5,3,1,0,0,Diesel,12,0,0,0,1
X6,2021,38101,Automatic,61656,Diesel,180,35.5,2.5,2,1,0,0,Diesel,12,0,0,1,1
4 Series,2019,31119,Automatic,55104,Electric,272,21.1,2.5,4,1,0,0,Electric,3,0,1,1,1
X2,2022,57283,Automatic,77844,Diesel,184,56.2,3.5,1,1,0,0,Diesel,8,0,0,2,1
7 Series,2014,76087,Automatic,1969,Diesel,143,20.8,2.5,9,1,0,0,Diesel,6,0,0,2,0
7 Series,2016,19536,Manual,99896,Petrol,99,21.2,2.5,7,0,1,0,Petrol,6,1,4,0,0
X6,2022,117129,Automatic,1254,Petrol,89,26.6,3.0,1,1,0,0,Petrol,12,0,4,2,1
X1,2014,3000,Automatic,142378,Diesel,245,45.1,3.0,9,1,0,0,Diesel,7,0,0,0,0
X3,2022,71981,Manual,66516,Diesel,238,41.7,2.5,1,0,1,0,Diesel,9,1,0,2,1
X6,2022,75104,Automatic,94077,Diesel,211,46.4,2.5,1,1,0,0,Diesel,12,0,0,2,1
6 Series,2010,9486,Automatic,68967,Petrol,80,55.7,3.0,13,1,0,0,Petrol,5,0,4,0,0
3 Series,2020,24312,Automatic,51117,Diesel,114,38.2,3.5,3,1,0,0,Diesel,2,0,0,1,1
5 Series,2016,42776,Automatic,2737,Diesel,275,21.8,2.0,7,1,0,0,Diesel,4,0,0,1,1
1 Series,2017,3000,Automatic,83404,Diesel,79,50.5,2.5,6,1,0,0,Diesel,0,0,0,0,1
X1,2022,28441,Automatic,144398,Electric,55,52.5,3.0,1,1,0,0,Electric,7,0,1,1,1
1 Series,2016,90422,Manual,13911,Petrol,178,22.0,3.5,7,0,1,0,Petrol,0,1,4,2,1
5 Series,2020,71982,Manual,23635,Diesel,48,29.7,3.5,3,0,1,0,Diesel,4,1,0,2,1
7 Series,2022,89990,Automatic,52179,Diesel,259,50.8,3.0,1,1,0,0,Diesel,6,0,0,2,1
3 Series,2013,3299,Automatic,137285,Diesel,273,35.0,2.5,10,1,0,0,Diesel,2,0,0,0,0
X1,2017,40141,Automatic,64545,Diesel,291,38.9,3.0,6,1,0,0,Diesel,7,0,0,1,1
1 Series,2014,55651,Automatic,126918,Petrol,290,52.9,2.0,9,1,0,0,Petrol,0,0,4,2,0
1 Series,2019,35281,Automatic,49604,Diesel,29,23.8,2.0,4,1,0,0,Diesel,0,0,0,1,1
X6,2018,78578,Automatic,75332,Petrol,251,47.1,4.4,5,1,0,0,Petrol,12,0,4,2,1
5 Series,2021,27131,Automatic,50119,Petrol,62,28.6,4.4,2,1,0,0,Petrol,4,0,4,1,1
1 Series,2021,7799,Manual,83888,Diesel,81,22.5,3.0,2,0,1,0,Diesel,0,1,0,0,1
7 Series,2019,53154,Automatic,62604,Diesel,168,46.5,2.5,4,1,0,0,Diesel,6,0,0,2,1
X5,2014,20629,Manual,17820,Diesel,157,24.9,3.0,9,0,1,0,Diesel,11,1,0,0,0
3 Series,2010,52517,Manual,77502,Diesel,55,49.9,3.0,13,0,1,0,Diesel,2,1,0,2,0
X1,2021,9898,Automatic,113271,Diesel,141,28.1,2.5,2,1,0,0,Diesel,7,0,0,0,1
1 Series,2018,43237,Manual,68345,Other,148,21.9,3.0,5,0,1,0,Other,0,1,3,1,1
1 Series,2021,54707,Manual,41875,Electric,225,24.0,1.5,2,0,1,0,Electric,0,1,1,2,1
7 Series,2014,3000,Automatic,72041,Petrol,24,53.7,2.0,9,1,0,0,Petrol,6,0,4,0,0
7 Series,2015,23680,Automatic,71793,Diesel,177,34.8,3.5,8,1,0,0,Diesel,6,0,0,1,0
X1,2013,59827,Automatic,5909,Petrol,94,32.1,4.4,10,1,0,0,Petrol,7,0,4,2,0
X3,2015,53344,Semi-Auto,93881,Petrol,52,39.6,4.0,8,0,0,1,Petrol,9,2,4,2,0
Z4,2021,35882,Automatic,15866,Diesel,69,45.3,3.0,2,1,0,0,Diesel,14,0,0,1,1
7 Series,2017,61916,Automatic,91404,Electric,175,21.5,2.0,6,1,0,0,Electric,6,0,1,2,1
3 Series,2012,24663,Automatic,66997,Electric,131,55.9,2.5,11,1,0,0,Electric,2,0,1,1,0
X6,2014,48874,Automatic,29460,Petrol,212,58.3,1.5,9,1,0,0,Petrol,12,0,4,1,0
3 Series,2011,33050,Automatic,49500,Diesel,210,36.7,3.0,12,1,0,0,Diesel,2,0,0,1,0
5 Series,2011,48714,Manual,13128,Diesel,63,36.5,2.5,12,0,1,0,Diesel,4,1,0,1,0
1 Series,2022,63425,Automatic,6202,Petrol,34,55.1,3.0,1,1,0,0,Petrol,0,0,4,2,1
1 Series,2016,40913,Manual,102243,Diesel,11,37.2,5.0,7,0,1,0,Diesel,0,1,0,1,1
X7,2019,24755,Manual,80258,Diesel,247,54.2,2.5,4,0,1,0,Diesel,13,1,0,1,1
2 Series,2022,11185,Automatic,131388,Petrol,111,21.1,2.5,1,1,0,0,Petrol,1,0,4,0,1
X3,2019,3092,Automatic,112302,Diesel,90,39.6,2.0,4,1,0,0,Diesel,9,0,0,0,1
5 Series,2020,43839,Manual,129623,Petrol,293,58.1,2.0,3,0,1,0,Petrol,4,1,4,1,1
3 Series,2019,8347,Semi-Auto,84583,Petrol,28,30.1,2.5,4,0,0,1,Petrol,2,2,4,0,1
3 Series,2015,69167,Automatic,61064,Petrol,11,30.6,3.0,8,1,0,0,Petrol,2,0,4,2,0
3 Series,2013,51886,Automatic,98119,Diesel,146,45.2,3.0,10,1,0,0,Diesel,2,0,0,2,0
7 Series,2014,37182,Automatic,23413,Diesel,136,57.0,4.0,9,1,0,0,Diesel,6,0,0,1,0
X3,2010,3000,Manual,83341,Diesel,156,27.9,2.5,13,0,1,0,Diesel,9,1,0,0,0
X3,2016,40216,Manual,87891,Diesel,258,56.9,3.0,7,0,1,0,Diesel,9,1,0,1,1
3 Series,2017,72057,Automatic,34033,Petrol,86,46.5,3.0,6,1,0,0,Petrol,2,0,4,2,1
X7,2018,35253,Manual,102154,Diesel,157,59.7,2.0,5,0,1,0,Diesel,13,1,0,1,1
X5,2017,97391,Automatic,2378,Diesel,185,49.5,2.5,6,1,0,0,Diesel,11,0,0,2,1
X1,2014,5082,Manual,138575,Petrol,228,46.7,3.0,9,0,1,0,Petrol,7,1,4,0,0
X1,2012,42393,Automatic,106461,Petrol,3,52.6,1.5,11,1,0,0,Petrol,7,0,4,1,0
5 Series,2019,43815,Automatic,120104,Petrol,56,27.0,4.0,4,1,0,0,Petrol,4,0,4,1,1
3 Series,2020,31979,Automatic,34617,Hybrid,27,57.8,2.0,3,1,0,0,Hybrid,2,0,2,1,1
5 Series,2018,10050,Automatic,136886,Diesel,15,26.6,1.5,5,1,0,0,Diesel,4,0,0,0,1
X5,2015,22190,Automatic,127616,Diesel,12,21.0,2.0,8,1,0,0,Diesel,11,0,0,1,0
1 Series,2014,78868,Automatic,24763,Petrol,199,47.9,2.5,9,1,0,0,Petrol,0,0,4,2,0
1 Series,2022,52608,Automatic,142072,Diesel,183,27.4,2.5,1,1,0,0,Diesel,0,0,0,2,1
1 Series,2012,24389,Automatic,135346,Hybrid,280,50.4,2.5,11,1,0,0,Hybrid,0,0,2,1,0
1 Series,2015,20499,Automatic,55232,Petrol,157,51.8,1.5,8,1,0,0,Petrol,0,0,4,0,0
2 Series,2012,30503,Manual,146299,Diesel,258,29.5,2.0,11,0,1,0,Diesel,1,1,0,1,0
X3,2019,3000,Manual,149351,Hybrid,156,23.5,1.5,4,0,1,0,Hybrid,9,1,2,0,1
5 Series,2021,55819,Automatic,111249,Diesel,93,40.0,2.0,2,1,0,0,Diesel,4,0,0,2,1
1 Series,2015,15422,Automatic,93916,Petrol,266,55.6,3.0,8,1,0,0,Petrol,0,0,4,0,0
5 Series,2013,3000,Automatic,141723,Petrol,20,53.9,3.0,10,1,0,0,Petrol,4,0,4,0,0
5 Series,2011,6758,Semi-Auto,85463,Petrol,126,24.7,2.5,12,0,0,1,Petrol,4,2,4,0,0
3 Series,2017,71956,Semi-Auto,8771,Diesel,111,58.6,2.0,6,0,0,1,Diesel,2,2,0,2,1
5 Series,2013,66714,Automatic,79996,Diesel,233,30.6,6.0,10,1,0,0,Diesel,4,0,0,2,0
5 Series,2018,9931,Semi-Auto,71173,Electric,33,34.0,3.5,5,0,0,1,Electric,4,2,1,0,1
X1,2016,8704,Manual,41834,Petrol,79,26.0,3.5,7,0,1,0,Petrol,7,1,4,0,0
X1,2021,3000,Manual,135625,Diesel,82,35.1,1.5,2,0,1,0,Diesel,7,1,0,0,1
1 Series,2011,3000,Automatic,102290,Petrol,28,45.4,1.5,12,1,0,0,Petrol,0,0,4,0,0
5 Series,2013,13307,Automatic,129928,Petrol,130,40.2,3.0,10,1,0,0,Petrol,4,0,4,0,0
X1,2014,14923,Automatic,35890,Petrol,10,53.1,2.0,9,1,0,0,Petrol,7,0,4,0,0
7 Series,2012,10734,Automatic,94740,Petrol,61,45.7,2.5,11,1,0,0,Petrol,6,0,4,0,0
2 Series,2018,60513,Automatic,80428,Diesel,32,30.5,2.0,5,1,0,0,Diesel,1,0,0,2,1
X3,2022,56625,Automatic,9689,Petrol,135,42.3,2.0,1,1,0,0,Petrol,9,0,4,2,1
3 Series,2014,63459,Automatic,29063,Diesel,87,22.6,2.0,9,1,0,0,Diesel,2,0,0,2,0
1 Series,2011,43386,Automatic,58198,Hybrid,16,43.2,3.0,12,1,0,0,Hybrid,0,0,2,1,0
X1,2020,82103,Automatic,2363,Other,90,35.6,3.0,3,1,0,0,Other,7,0,3,2,1
1 Series,2012,3000,Automatic,148763,Petrol,298,23.9,1.5,11,1,0,0,Petrol,0,0,4,0,0
X1,2018,43416,Semi-Auto,134823,Hybrid,252,32.3,2.0,5,0,0,1,Hybrid,7,2,2,1,1
X4,2016,3000,Manual,124763,Petrol,72,55.9,3.0,7,0,1,0,Petrol,10,1,4,0,0
X1,2011,15672,Automatic,8782,Diesel,205,43.4,2.5,12,1,0,0,Diesel,7,0,0,0,0
5 Series,2018,61690,Automatic,84184,Diesel,260,56.1,3.0,5,1,0,0,Diesel,4,0,0,2,1
X1,2013,3000,Automatic,144612,Diesel,177,36.4,3.5,10,1,0,0,Diesel,7,0,0,0,0
5 Series,2022,80508,Automatic,46991,Diesel,219,59.2,1.5,1,1,0,0,Diesel,4,0,0,2,1
7 Series,2018,22660,Manual,71875,Diesel,172,34.4,2.5,5,0,1,0,Diesel,6,1,0,1,1
X4,2022,56251,Automatic,57655,Petrol,164,50.3,3.0,1,1,0,0,Petrol,10,0,4,2,1
5 Series,2011,34971,Automatic,64177,Diesel,219,32.2,2.5,12,1,0,0,Diesel,4,0,0,1,0
X7,2021,13550,Manual,59396,Petrol,291,24.2,1.5,2,0,1,0,Petrol,13,1,4,0,1
6 Series,2019,85769,Automatic,17877,Diesel,160,53.3,2.5,4,1,0,0,Diesel,5,0,0,2,1
3 Series,2021,11778,Automatic,128934,Petrol,247,50.5,4.0,2,1,0,0,Petrol,2,0,4,0,1
1 Series,2013,56685,Automatic,19405,Petrol,70,52.8,5.0,10,1,0,0,Petrol,0,0,4,2,0
1 Series,2014,40142,Automatic,117435,Diesel,91,32.0,3.0,9,1,0,0,Diesel,0,0,0,1,0
1 Series,2011,58706,Automatic,49629,Diesel,244,48.1,2.5,12,1,0,0,Diesel,0,0,0,2,0
1 Series,2019,44880,Automatic,47233,Diesel,23,28.8,2.5,4,1,0,0,Diesel,0,0,0,1,1
X3,2010,49133,Automatic,22471,Diesel,44,20.5,2.0,13,1,0,0,Diesel,9,0,0,1,0
1 Series,2016,70832,Manual,4302,Diesel,188,54.7,2.0,7,0,1,0,Diesel,0,1,0,2,1
3 Series,2019,3000,Automatic,114466,Diesel,285,40.9,2.5,4,1,0,0,Diesel,2,0,0,0,1
2 Series,2010,3000,Manual,81048,Other,82,59.3,3.0,13,0,1,0,Other,1,1,3,0,0
1 Series,2020,30041,Automatic,98972,Petrol,221,35.4,2.0,3,1,0,0,Petrol,0,0,4,1,1
X6,2020,6864,Automatic,137094,Diesel,218,58.3,4.4,3,1,0,0,Diesel,12,0,0,0,1
3 Series,2017,30213,Automatic,44239,Hybrid,217,44.6,2.0,6,1,0,0,Hybrid,2,0,2,1,1
1 Series,2012,3000,Automatic,129185,Hybrid,189,40.5,3.0,11,1,0,0,Hybrid,0,0,2,0,0
X3,2019,3000,Automatic,124811,Diesel,66,32.1,3.5,4,1,0,0,Diesel,9,0,0,0,1
X1,2015,3000,Automatic,122097,Petrol,30,53.0,2.0,8,1,0,0,Petrol,7,0,4,0,0
4 Series,2016,19019,Manual,60269,Diesel,249,53.2,2.0,7,0,1,0,Diesel,3,1,0,0,0
X5,2019,3000,Automatic,104558,Diesel,53,36.7,1.5,4,1,0,0,Diesel,11,0,0,0,1
X6,2010,3000,Automatic,91868,Diesel,9,49.1,4.4,13,1,0,0,Diesel,12,0,0,0,0
3 Series,2015,40308,Semi-Auto,62895,Diesel,165,37.9,2.5,8,0,0,1,Diesel,2,2,0,1,0
3 Series,2016,67248,Automatic,70890,Petrol,284,49.6,1.5,7,1,0,0,Petrol,2,0,4,2,1
X5,2015,8919,Automatic,98383,Petrol,152,59.8,3.5,8,1,0,0,Petrol,11,0,4,0,0
X6,2013,66982,Manual,36284,Diesel,31,30.5,3.0,10,0,1,0,Diesel,12,1,0,2,0
i8,2010,23052,Automatic,76692,Petrol,16,45.4,1.5,13,1,0,0,Petrol,16,0,4,1,0
5 Series,2020,57485,Automatic,90294,Petrol,145,35.2,2.5,3,1,0,0,Petrol,4,0,4,2,1
5 Series,2018,3000,Automatic,145797,Diesel,74,41.9,2.5,5,1,0,0,Diesel,4,0,0,0,1
X5,2013,43850,Automatic,95852,Diesel,123,55.0,2.0,10,1,0,0,Diesel,11,0,0,1,0
3 Series,2016,29083,Automatic,78080,Petrol,51,33.9,2.5,7,1,0,0,Petrol,2,0,4,1,0
X4,2016,31656,Automatic,82863,Petrol,189,22.9,2.0,7,1,0,0,Petrol,10,0,4,1,0
2 Series,2011,15750,Semi-Auto,17705,Hybrid,140,52.0,3.0,12,0,0,1,Hybrid,1,2,2,0,0
5 Series,2010,43808,Manual,64131,Petrol,87,42.2,1.5,13,0,1,0,Petrol,4,1,4,1,0
X5,2017,9684,Automatic,77015,Petrol,83,38.0,2.0,6,1,0,0,Petrol,11,0,4,0,1
X5,2017,42380,Automatic,63456,Petrol,242,27.3,4.4,6,1,0,0,Petrol,11,0,4,1,1
1 Series,2016,20237,Manual,77859,Diesel,105,23.7,2.5,7,0,1,0,Diesel,0,1,0,0,0
6 Series,2017,23262,Automatic,68238,Diesel,91,31.1,2.0,6,1,0,0,Diesel,5,0,0,1,1
7 Series,2012,53619,Automatic,76940,Petrol,20,48.8,3.5,11,1,0,0,Petrol,6,0,4,2,0
X6,2020,71167,Automatic,100134,Petrol,5,36.5,4.0,3,1,0,0,Petrol,12,0,4,2,1
3 Series,2011,52965,Manual,74916,Diesel,220,42.8,2.0,12,0,1,0,Diesel,2,1,0,2,0
6 Series,2016,54705,Automatic,62396,Diesel,86,23.3,3.0,7,1,0,0,Diesel,5,0,0,2,1
5 Series,2017,34964,Semi-Auto,4877,Diesel,179,24.9,3.0,6,0,0,1,Diesel,4,2,0,1,1
1 Series,2010,38509,Automatic,109407,Petrol,245,20.5,3.0,13,1,0,0,Petrol,0,0,4,1,0
6 Series,2021,77226,Automatic,85256,Petrol,173,46.9,3.5,2,1,0,0,Petrol,5,0,4,2,1
1 Series,2019,58252,Automatic,32818,Diesel,112,30.6,3.0,4,1,0,0,Diesel,0,0,0,2,1
3 Series,2018,54559,Automatic,49555,Diesel,70,58.7,5.0,5,1,0,0,Diesel,2,0,0,2,1
X7,2022,64617,Manual,43368,Petrol,157,32.3,4.0,1,0,1,0,Petrol,13,1,4,2,1
X7,2020,10699,Semi-Auto,124054,Diesel,298,34.5,2.0,3,0,0,1,Diesel,13,2,0,0,1
X1,2013,69295,Automatic,90666,Petrol,236,38.8,4.4,10,1,0,0,Petrol,7,0,4,2,0
X1,2021,26108,Semi-Auto,99777,Diesel,186,32.8,2.5,2,0,0,1,Diesel,7,2,0,1,1
5 Series,2013,3000,Manual,110928,Diesel,242,52.7,3.0,10,0,1,0,Diesel,4,1,0,0,0
3 Series,2012,54652,Automatic,50421,Hybrid,165,55.0,3.5,11,1,0,0,Hybrid,2,0,2,2,0
3 Series,2015,27245,Automatic,27620,Diesel,33,20.4,2.5,8,1,0,0,Diesel,2,0,0,1,0
X3,2010,34671,Automatic,122238,Diesel,254,46.2,1.5,13,1,0,0,Diesel,9,0,0,1,0
X5,2015,8925,Automatic,61539,Petrol,219,47.4,4.4,8,1,0,0,Petrol,11,0,4,0,0
X6,2011,64259,Automatic,18077,Petrol,31,58.5,1.5,12,1,0,0,Petrol,12,0,4,2,0
X5,2018,47553,Automatic,144735,Petrol,256,34.8,2.5,5,1,0,0,Petrol,11,0,4,1,1
1 Series,2011,40634,Automatic,84335,Petrol,232,27.8,3.0,12,1,0,0,Petrol,0,0,4,1,0
5 Series,2016,22713,Manual,48285,Petrol,214,40.8,2.0,7,0,1,0,Petrol,4,1,4,1,0
1 Series,2021,3000,Manual,149691,Electric,241,37.9,3.5,2,0,1,0,Electric,0,1,1,0,1
7 Series,2010,41384,Automatic,70503,Diesel,244,51.7,2.0,13,1,0,0,Diesel,6,0,0,1,0
5 Series,2021,37167,Automatic,125851,Petrol,19,56.2,6.0,2,1,0,0,Petrol,4,0,4,1,1
4 Series,2016,59788,Automatic,58477,Petrol,209,23.5,4.4,7,1,0,0,Petrol,3,0,4,2,1
5 Series,2014,29261,Automatic,28488,Petrol,209,53.9,3.0,9,1,0,0,Petrol,4,0,4,1,0
1 Series,2017,23148,Automatic,79747,Petrol,71,56.4,3.0,6,1,0,0,Petrol,0,0,4,1,1
1 Series,2013,9755,Automatic,22169,Petrol,161,57.0,2.5,10,1,0,0,Petrol,0,0,4,0,0
X5,2021,30904,Automatic,31373,Diesel,177,50.6,2.5,2,1,0,0,Diesel,11,0,0,1,1
X1,2019,36451,Automatic,33669,Hybrid,10,49.7,2.5,4,1,0,0,Hybrid,7,0,2,1,1
1 Series,2016,42554,Automatic,56277,Diesel,298,20.6,4.0,7,1,0,0,Diesel,0,0,0,1,1
1 Series,2015,76125,Automatic,56120,Diesel,265,56.8,3.0,8,1,0,0,Diesel,0,0,0,2,0
X3,2014,51691,Manual,67376,Diesel,7,34.1,3.5,9,0,1,0,Diesel,9,1,0,2,0
1 Series,2013,60597,Semi-Auto,55235,Petrol,274,21.6,2.5,10,0,0,1,Petrol,0,2,4,2,0
X6,2016,71320,Automatic,87854,Petrol,192,36.5,2.5,7,1,0,0,Petrol,12,0,4,2,1
X3,2021,90135,Automatic,16405,Diesel,258,49.3,1.5,2,1,0,0,Diesel,9,0,0,2,1
1 Series,2014,27063,Automatic,114307,Diesel,52,37.7,2.5,9,1,0,0,Diesel,0,0,0,1,0
1 Series,2014,20515,Automatic,102776,Diesel,299,50.3,4.0,9,1,0,0,Diesel,0,0,0,0,0
i3,2010,11112,Automatic,147919,Petrol,95,40.4,3.0,13,1,0,0,Petrol,15,0,4,0,0
5 Series,2011,70599,Automatic,24547,Hybrid,91,32.0,3.5,12,1,0,0,Hybrid,4,0,2,2,0
5 Series,2014,87946,Semi-Auto,7575,Petrol,143,28.1,3.5,9,0,0,1,Petrol,4,2,4,2,0
X6,2022,54845,Automatic,96659,Diesel,17,36.8,2.0,1,1,0,0,Diesel,12,0,0,2,1
X4,2012,3000,Manual,136915,Diesel,125,21.4,2.0,11,0,1,0,Diesel,10,1,0,0,0
i3,2022,51349,Automatic,139811,Petrol,153,36.9,2.5,1,1,0,0,Petrol,15,0,4,2,1
X5,2011,47915,Automatic,15852,Diesel,5,22.7,2.5,12,1,0,0,Diesel,11,0,0,1,0
5 Series,2013,62029,Automatic,52661,Diesel,87,55.1,1.5,10,1,0,0,Diesel,4,0,0,2,0
1 Series,2013,3000,Automatic,141229,Hybrid,268,43.0,2.0,10,1,0,0,Hybrid,0,0,2,0,0
X5,2013,69201,Automatic,88942,Petrol,64,45.8,4.0,10,1,0,0,Petrol,11,0,4,2,0
X1,2013,10419,Automatic,117726,Hybrid,165,31.6,3.0,10,1,0,0,Hybrid,7,0,2,0,0
5 Series,2012,17981,Automatic,111736,Petrol,63,29.0,2.5,11,1,0,0,Petrol,4,0,4,0,0
6 Series,2022,12133,Automatic,73968,Diesel,269,48.3,2.5,1,1,0,0,Diesel,5,0,0,0,1
1 Series,2021,48364,Automatic,19837,Diesel,144,46.9,2.0,2,1,0,0,Diesel,0,0,0,1,1
5 Series,2016,3000,Semi-Auto,81684,Petrol,268,24.9,3.0,7,0,0,1,Petrol,4,2,4,0,0
1 Series,2018,3000,Automatic,118704,Petrol,5,29.5,1.5,5,1,0,0,Petrol,0,0,4,0,1
5 Series,2021,72845,Automatic,77730,Petrol,120,57.9,4.4,2,1,0,0,Petrol,4,0,4,2,1
1 Series,2014,3000,Automatic,146891,Petrol,131,32.2,2.0,9,1,0,0,Petrol,0,0,4,0,0
1 Series,2013,51783,Manual,8404,Petrol,289,21.0,3.5,10,0,1,0,Petrol,0,1,4,2,0
1 Series,2020,39963,Automatic,15674,Petrol,188,22.6,3.0,3,1,0,0,Petrol,0,0,4,1,1
X1,2011,9345,Automatic,86923,Petrol,208,51.0,2.5,12,1,0,0,Petrol,7,0,4,0,0
X5,2011,43910,Automatic,106319,Diesel,41,50.3,4.4,12,1,0,0,Diesel,11,0,0,1,0
X1,2014,83281,Automatic,29037,Diesel,77,35.3,2.0,9,1,0,0,Diesel,7,0,0,2,0
X7,2016,3000,Automatic,114565,Diesel,144,26.1,2.0,7,1,0,0,Diesel,13,0,0,0,0
5 Series,2019,35677,Semi-Auto,107086,Diesel,285,39.9,2.5,4,0,0,1,Diesel,4,2,0,1,1
3 Series,2019,48053,Manual,38982,Petrol,170,33.3,3.5,4,0,1,0,Petrol,2,1,4,1,1
4 Series,2018,14351,Automatic,124309,Diesel,92,35.0,1.5,5,1,0,0,Diesel,3,0,0,0,1
3 Series,2022,38467,Automatic,106242,Diesel,262,30.4,2.0,1,1,0,0,Diesel,2,0,0,1,1
X7,2016,74696,Automatic,6156,Petrol,22,22.5,2.5,7,1,0,0,Petrol,13,0,4,2,1
1 Series,2014,47586,Automatic,39280,Diesel,291,51.6,3.0,9,1,0,0,Diesel,0,0,0,1,0
X7,2019,38939,Manual,76324,Diesel,141,44.7,2.0,4,0,1,0,Diesel,13,1,0,1,1
1 Series,2019,52210,Automatic,61706,Electric,147,53.4,2.5,4,1,0,0,Electric,0,0,1,2,1
6 Series,2019,16822,Automatic,142043,Diesel,115,40.1,2.5,4,1,0,0,Diesel,5,0,0,0,1
7 Series,2015,8270,Automatic,44408,Diesel,80,59.4,1.5,8,1,0,0,Diesel,6,0,0,0,0
i8,2020,44326,Manual,138559,Petrol,24,58.5,3.0,3,0,1,0,Petrol,16,1,4,1,1
1 Series,2021,73841,Automatic,21997,Diesel,114,30.9,2.5,2,1,0,0,Diesel,0,0,0,2,1
X1,2012,40287,Automatic,47456,Petrol,93,35.5,3.5,11,1,0,0,Petrol,7,0,4,1,0
X7,2014,40560,Automatic,131865,Diesel,184,50.1,3.0,9,1,0,0,Diesel,13,0,0,1,0
7 Series,2017,37253,Automatic,78988,Diesel,282,51.1,1.5,6,1,0,0,Diesel,6,0,0,1,1
X1,2010,25745,Semi-Auto,81908,Hybrid,154,56.4,2.5,13,0,0,1,Hybrid,7,2,2,1,0
X3,2021,53857,Automatic,78952,Petrol,173,46.1,6.0,2,1,0,0,Petrol,9,0,4,2,1
5 Series,2010,27627,Automatic,85784,Petrol,172,39.0,2.5,13,1,0,0,Petrol,4,0,4,1,0
X1,2016,18211,Automatic,59676,Diesel,153,35.1,2.5,7,1,0,0,Diesel,7,0,0,0,0
X1,2014,36159,Manual,9373,Diesel,13,36.8,3.0,9,0,1,0,Diesel,7,1,0,1,0
6 Series,2014,13550,Automatic,95951,Petrol,127,54.0,2.0,9,1,0,0,Petrol,5,0,4,0,0
1 Series,2010,79755,Automatic,27414,Petrol,91,59.2,3.0,13,1,0,0,Petrol,0,0,4,2,0
3 Series,2018,10538,Automatic,146450,Petrol,270,22.1,3.0,5,1,0,0,Petrol,2,0,4,0,1
X7,2010,15729,Automatic,118139,Diesel,221,43.2,2.5,13,1,0,0,Diesel,13,0,0,0,0
6 Series,2014,11718,Manual,84872,Diesel,107,40.8,2.0,9,0,1,0,Diesel,5,1,0,0,0
5 Series,2019,55480,Manual,136772,Petrol,27,35.0,4.4,4,0,1,0,Petrol,4,1,4,2,1
X1,2018,33605,Automatic,145973,Diesel,196,54.1,2.0,5,1,0,0,Diesel,7,0,0,1,1
3 Series,2013,17735,Automatic,91374,Diesel,199,43.0,2.5,10,1,0,0,Diesel,2,0,0,0,0
3 Series,2022,23917,Semi-Auto,30493,Petrol,153,32.5,3.5,1,0,0,1,Petrol,2,2,4,1,1
5 Series,2017,3000,Automatic,126074,Diesel,69,37.8,2.0,6,1,0,0,Diesel,4,0,0,0,1
5 Series,2015,42897,Automatic,52224,Diesel,159,34.3,4.4,8,1,0,0,Diesel,4,0,0,1,0
X1,2020,86064,Automatic,32852,Petrol,102,37.2,2.5,3,1,0,0,Petrol,7,0,4,2,1
1 Series,2012,27266,Automatic,11932,Diesel,235,22.9,2.5,11,1,0,0,Diesel,0,0,0,1,0
Z4,2013,49514,Automatic,89545,Diesel,188,24.5,2.5,10,1,0,0,Diesel,14,0,0,2,0
i3,2011,36969,Manual,34583,Petrol,108,44.9,4.0,12,0,1,0,Petrol,15,1,4,1,0
X3,2010,26058,Manual,30865,Petrol,254,47.4,4.4,13,0,1,0,Petrol,9,1,4,1,0
7 Series,2022,3000,Automatic,144361,Petrol,192,45.5,2.5,1,1,0,0,Petrol,6,0,4,0,1
3 Series,2017,22946,Automatic,71270,Diesel,70,50.5,2.5,6,1,0,0,Diesel,2,0,0,1,1
X6,2010,61914,Automatic,86549,Petrol,268,57.7,2.5,13,1,0,0,Petrol,12,0,4,2,0
X3,2022,59979,Automatic,138577,Diesel,208,54.4,2.5,1,1,0,0,Diesel,9,0,0,2,1
3 Series,2020,3000,Automatic,131768,Diesel,175,36.7,1.5,3,1,0,0,Diesel,2,0,0,0,1
X2,2010,67712,Automatic,45327,Diesel,238,28.7,3.5,13,1,0,0,Diesel,8,0,0,2,0
X6,2013,4752,Semi-Auto,114209,Diesel,97,32.5,5.0,10,0,0,1,Diesel,12,2,0,0,0
X4,2019,3000,Manual,115889,Petrol,88,43.5,3.5,4,0,1,0,Petrol,10,1,4,0,1
X3,2021,89204,Automatic,19409,Hybrid,251,54.2,2.5,2,1,0,0,Hybrid,9,0,2,2,1
X1,2019,29994,Automatic,45533,Diesel,98,48.1,3.5,4,1,0,0,Diesel,7,0,0,1,1
5 Series,2015,61153,Automatic,16327,Diesel,153,41.7,4.0,8,1,0,0,Diesel,4,0,0,2,0
X4,2018,62069,Semi-Auto,56344,Diesel,294,44.1,2.5,5,0,0,1,Diesel,10,2,0,2,1
4 Series,2010,59625,Automatic,4671,Diesel,282,41.1,4.4,13,1,0,0,Diesel,3,0,0,2,0
1 Series,2016,53736,Automatic,92908,Petrol,295,58.9,1.5,7,1,0,0,Petrol,0,0,4,2,1
1 Series,2019,12896,Automatic,51756,Diesel,30,52.6,1.5,4,1,0,0,Diesel,0,0,0,0,1
5 Series,2020,76028,Manual,25544,Petrol,130,51.3,1.5,3,0,1,0,Petrol,4,1,4,2,1
X6,2014,52907,Manual,77347,Other,215,40.7,1.5,9,0,1,0,Other,12,1,3,2,0
i3,2021,53499,Automatic,19733,Diesel,14,33.3,2.5,2,1,0,0,Diesel,15,0,0,2,1
3 Series,2017,25932,Manual,49093,Petrol,266,20.8,4.4,6,0,1,0,Petrol,2,1,4,1,1
X1,2016,38794,Automatic,106424,Diesel,285,21.7,3.0,7,1,0,0,Diesel,7,0,0,1,1
5 Series,2013,68641,Automatic,96595,Petrol,290,21.2,3.0,10,1,0,0,Petrol,4,0,4,2,0
X7,2013,5970,Manual,38487,Petrol,42,59.2,2.5,10,0,1,0,Petrol,13,1,4,0,0
2 Series,2015,36940,Manual,121931,Diesel,167,24.6,2.5,8,0,1,0,Diesel,1,1,0,1,0
2 Series,2015,57850,Automatic,41849,Diesel,254,25.7,2.5,8,1,0,0,Diesel,1,0,0,2,0
5 Series,2018,41723,Automatic,146622,Electric,169,39.4,2.5,5,1,0,0,Electric,4,0,1,1,1
5 Series,2021,70600,Manual,77400,Other,258,39.3,3.0,2,0,1,0,Other,4,1,3,2,1
3 Series,2014,9091,Manual,130120,Petrol,77,56.8,3.0,9,0,1,0,Petrol,2,1,4,0,0
1 Series,2017,3000,Manual,91930,Diesel,84,22.9,2.5,6,0,1,0,Diesel,0,1,0,0,1
4 Series,2014,45633,Automatic,50699,Diesel,148,58.3,3.5,9,1,0,0,Diesel,3,0,0,1,0
X6,2011,32773,Semi-Auto,91470,Petrol,200,28.7,2.0,12,0,0,1,Petrol,12,2,4,1,0
i8,2015,5118,Semi-Auto,145779,Diesel,76,58.8,2.5,8,0,0,1,Diesel,16,2,0,0,0
i8,2018,3000,Automatic,133996,Diesel,249,41.7,5.0,5,1,0,0,Diesel,16,0,0,0,1
X1,2022,65455,Manual,96023,Diesel,52,46.1,5.0,1,0,1,0,Diesel,7,1,0,2,1
X5,2012,77446,Automatic,30018,Petrol,299,32.6,1.5,11,1,0,0,Petrol,11,0,4,2,0
X4,2010,61796,Automatic,22031,Hybrid,292,44.5,2.5,13,1,0,0,Hybrid,10,0,2,2,0
2 Series,2010,28384,Automatic,105985,Diesel,293,48.4,2.5,13,1,0,0,Diesel,1,0,0,1,0
3 Series,2022,29282,Automatic,69237,Diesel,108,20.4,2.0,1,1,0,0,Diesel,2,0,0,1,1
5 Series,2012,60844,Automatic,109426,Petrol,87,21.4,3.0,11,1,0,0,Petrol,4,0,4,2,0
1 Series,2019,57739,Manual,17719,Diesel,165,59.5,2.5,4,0,1,0,Diesel,0,1,0,2,1
X7,2014,19989,Automatic,10718,Petrol,266,38.3,3.0,9,1,0,0,Petrol,13,0,4,0,0
X1,2012,24434,Automatic,1056,Petrol,92,57.4,1.5,11,1,0,0,Petrol,7,0,4,1,0
3 Series,2018,28168,Semi-Auto,147424,Diesel,172,49.2,4.4,5,0,0,1,Diesel,2,2,0,1,1
X3,2017,51309,Automatic,122743,Other,63,34.9,3.0,6,1,0,0,Other,9,0,3,2,1
X1,2012,63589,Automatic,48820,Diesel,125,26.0,3.0,11,1,0,0,Diesel,7,0,0,2,0
5 Series,2018,20655,Automatic,69683,Diesel,229,59.1,3.0,5,1,0,0,Diesel,4,0,0,0,1
1 Series,2022,25091,Automatic,70073,Diesel,104,43.4,6.0,1,1,0,0,Diesel,0,0,0,1,1
X3,2015,38742,Automatic,1721,Petrol,208,27.7,6.0,8,1,0,0,Petrol,9,0,4,1,0
7 Series,2022,64728,Manual,41194,Diesel,61,47.3,3.0,1,0,1,0,Diesel,6,1,0,2,1
X5,2016,60243,Automatic,80882,Diesel,239,23.7,3.0,7,1,0,0,Diesel,11,0,0,2,1
7 Series,2013,32025,Manual,142983,Diesel,60,54.7,3.0,10,0,1,0,Diesel,6,1,0,1,0
2 Series,2013,49790,Automatic,74072,Diesel,11,23.6,2.5,10,1,0,0,Diesel,1,0,0,2,0
X1,2021,35322,Automatic,124919,Diesel,136,29.4,2.0,2,1,0,0,Diesel,7,0,0,1,1
X1,2022,44343,Automatic,86968,Diesel,194,23.7,2.5,1,1,0,0,Diesel,7,0,0,1,1
4 Series,2011,3000,Manual,108251,Petrol,73,24.2,3.0,12,0,1,0,Petrol,3,1,4,0,0
5 Series,2014,50934,Automatic,45537,Petrol,135,41.0,1.5,9,1,0,0,Petrol,4,0,4,2,0
1 Series,2017,3000,Automatic,110254,Petrol,42,47.5,2.5,6,1,0,0,Petrol,0,0,4,0,1
1 Series,2016,42513,Automatic,148932,Hybrid,38,51.5,2.5,7,1,0,0,Hybrid,0,0,2,1,1
X5,2016,58749,Automatic,73941,Diesel,30,47.8,2.5,7,1,0,0,Diesel,11,0,0,2,1
X1,2015,70984,Automatic,18645,Diesel,141,34.5,4.0,8,1,0,0,Diesel,7,0,0,2,1
X3,2012,9458,Automatic,113661,Petrol,43,42.3,1.5,11,1,0,0,Petrol,9,0,4,0,0
3 Series,2014,32725,Automatic,72473,Diesel,187,57.1,3.5,9,1,0,0,Diesel,2,0,0,1,0
1 Series,2022,21415,Manual,51734,Diesel,1,35.5,3.0,1,0,1,0,Diesel,0,1,0,0,1
1 Series,2010,21109,Automatic,128705,Petrol,291,30.1,2.0,13,1,0,0,Petrol,0,0,4,0,0
5 Series,2016,32136,Automatic,61914,Electric,295,40.8,3.0,7,1,0,0,Electric,4,0,1,1,1
X1,2018,29258,Automatic,18882,Petrol,23,31.9,2.5,5,1,0,0,Petrol,7,0,4,1,1
5 Series,2010,43956,Automatic,91860,Petrol,103,30.5,2.5,13,1,0,0,Petrol,4,0,4,1,0
5 Series,2022,3000,Manual,145051,Petrol,61,51.2,2.5,1,0,1,0,Petrol,4,1,4,0,1
6 Series,2011,14048,Automatic,101513,Petrol,152,55.6,4.4,12,1,0,0,Petrol,5,0,4,0,0
3 Series,2012,45094,Automatic,119751,Diesel,262,40.1,4.4,11,1,0,0,Diesel,2,0,0,1,0
7 Series,2012,63473,Manual,45828,Petrol,293,51.2,4.4,11,0,1,0,Petrol,6,1,4,2,0
X5,2017,3000,Automatic,139300,Diesel,242,27.5,4.0,6,1,0,0,Diesel,11,0,0,0,1
5 Series,2016,7181,Automatic,121354,Petrol,120,41.9,1.5,7,1,0,0,Petrol,4,0,4,0,0
X1,2015,53725,Automatic,75217,Diesel,172,45.4,2.5,8,1,0,0,Diesel,7,0,0,2,0
4 Series,2019,15926,Manual,107500,Diesel,102,39.6,4.0,4,0,1,0,Diesel,3,1,0,0,1
X4,2019,37050,Semi-Auto,74803,Diesel,159,24.7,3.5,4,0,0,1,Diesel,10,2,0,1,1
1 Series,2020,7250,Manual,71908,Petrol,256,49.4,2.5,3,0,1,0,Petrol,0,1,4,0,1
X2,2013,20675,Automatic,39918,Electric,201,53.6,3.5,10,1,0,0,Electric,8,0,1,0,0
5 Series,2018,3000,Semi-Auto,142992,Diesel,44,45.4,2.0,5,0,0,1,Diesel,4,2,0,0,1
3 Series,2010,14472,Automatic,28785,Petrol,63,26.8,3.0,13,1,0,0,Petrol,2,0,4,0,0
5 Series,2020,76551,Automatic,83757,Diesel,195,23.0,2.5,3,1,0,0,Diesel,4,0,0,2,1
i3,2011,45286,Manual,100490,Diesel,69,32.1,3.0,12,0,1,0,Diesel,15,1,0,1,0
5 Series,2013,22572,Automatic,72997,Diesel,180,21.5,3.0,10,1,0,0,Diesel,4,0,0,1,0
3 Series,2012,65032,Automatic,110768,Petrol,246,53.6,4.4,11,1,0,0,Petrol,2,0,4,2,0
X1,2010,17243,Automatic,15052,Petrol,157,48.1,2.0,13,1,0,0,Petrol,7,0,4,0,0
3 Series,2014,53969,Automatic,50383,Petrol,185,42.5,3.5,9,1,0,0,Petrol,2,0,4,2,0
1 Series,2016,3000,Manual,132399,Petrol,230,55.6,3.0,7,0,1,0,Petrol,0,1,4,0,0
1 Series,2011,60436,Automatic,89301,Diesel,72,24.4,3.0,12,1,0,0,Diesel,0,0,0,2,0
1 Series,2014,65827,Automatic,71775,Diesel,54,48.6,2.5,9,1,0,0,Diesel,0,0,0,2,0
3 Series,2015,81155,Automatic,76614,Petrol,242,25.9,4.4,8,1,0,0,Petrol,2,0,4,2,1
1 Series,2020,3000,Semi-Auto,139110,Petrol,214,22.4,2.5,3,0,0,1,Petrol,0,2,4,0,1
X1,2016,80872,Manual,9048,Petrol,14,25.3,2.0,7,0,1,0,Petrol,7,1,4,2,1
3 Series,2010,29275,Automatic,15954,Diesel,146,58.0,3.0,13,1,0,0,Diesel,2,0,0,1,0
3 Series,2016,51158,Semi-Auto,113010,Diesel,143,37.6,2.0,7,0,0,1,Diesel,2,2,0,2,1
6 Series,2013,55934,Manual,14225,Petrol,24,22.0,2.5,10,0,1,0,Petrol,5,1,4,2,0
5 Series,2017,3000,Automatic,106622,Petrol,98,43.3,2.0,6,1,0,0,Petrol,4,0,4,0,1
X3,2022,15768,Automatic,145603,Diesel,178,28.0,2.5,1,1,0,0,Diesel,9,0,0,0,1
3 Series,2013,44400,Automatic,10530,Hybrid,173,20.3,2.5,10,1,0,0,Hybrid,2,0,2,1,0
3 Series,2015,47466,Manual,25791,Diesel,262,50.3,2.0,8,0,1,0,Diesel,2,1,0,1,0
1 Series,2018,17499,Automatic,106806,Petrol,289,26.2,3.5,5,1,0,0,Petrol,0,0,4,0,1
3 Series,2014,33886,Automatic,133721,Petrol,57,57.7,2.5,9,1,0,0,Petrol,2,0,4,1,0
3 Series,2021,17729,Automatic,145544,Diesel,278,43.7,2.5,2,1,0,0,Diesel,2,0,0,0,1
3 Series,2013,3000,Semi-Auto,91721,Diesel,144,23.5,4.0,10,0,0,1,Diesel,2,2,0,0,0
1 Series,2017,71863,Automatic,28134,Petrol,121,28.7,2.5,6,1,0,0,Petrol,0,0,4,2,1
1 Series,2022,24538,Semi-Auto,144516,Petrol,26,44.4,3.0,1,0,0,1,Petrol,0,2,4,1,1
5 Series,2018,21189,Semi-Auto,130326,Diesel,65,33.5,2.5,5,0,0,1,Diesel,4,2,0,0,1
3 Series,2013,39793,Automatic,39217,Petrol,100,41.3,3.0,10,1,0,0,Petrol,2,0,4,1,0
5 Series,2012,3000,Automatic,132067,Diesel,93,52.0,3.0,11,1,0,0,Diesel,4,0,0,0,0
7 Series,2017,36371,Automatic,37189,Petrol,66,51.7,2.0,6,1,0,0,Petrol,6,0,4,1,1
X3,2014,45026,Semi-Auto,119903,Diesel,249,47.9,3.0,9,0,0,1,Diesel,9,2,0,1,0
1 Series,2011,76040,Automatic,28284,Petrol,141,55.4,3.0,12,1,0,0,Petrol,0,0,4,2,0
X6,2019,92965,Automatic,25698,Hybrid,266,28.0,2.5,4,1,0,0,Hybrid,12,0,2,2,1
X1,2018,52984,Automatic,20637,Petrol,39,27.1,3.0,5,1,0,0,Petrol,7,0,4,2,1
1 Series,2012,21227,Automatic,61405,Petrol,214,52.0,2.5,11,1,0,0,Petrol,0,0,4,0,0
4 Series,2021,8157,Semi-Auto,62305,Diesel,130,32.8,3.0,2,0,0,1,Diesel,3,2,0,0,1
X2,2011,3762,Automatic,34556,Diesel,0,40.5,3.0,12,1,0,0,Diesel,8,0,0,0,0
1 Series,2010,54239,Manual,83176,Petrol,8,49.8,2.0,13,0,1,0,Petrol,0,1,4,2,0
3 Series,2017,57995,Automatic,121644,Hybrid,143,35.8,3.0,6,1,0,0,Hybrid,2,0,2,2,1
X6,2020,79996,Automatic,98012,Petrol,137,25.2,4.0,3,1,0,0,Petrol,12,0,4,2,1
X5,2012,47672,Semi-Auto,4654,Diesel,296,47.2,2.5,11,0,0,1,Diesel,11,2,0,1,0
3 Series,2016,41396,Automatic,41428,Petrol,178,52.7,3.5,7,1,0,0,Petrol,2,0,4,1,1
3 Series,2010,23083,Semi-Auto,130814,Petrol,277,20.5,2.5,13,0,0,1,Petrol,2,2,4,1,0
5 Series,2010,52249,Automatic,96379,Diesel,143,42.5,3.5,13,1,0,0,Diesel,4,0,0,2,0
5 Series,2021,78957,Automatic,66355,Diesel,189,38.8,1.5,2,1,0,0,Diesel,4,0,0,2,1
X1,2018,12035,Automatic,47257,Diesel,269,30.4,1.5,5,1,0,0,Diesel,7,0,0,0,1
5 Series,2021,7447,Semi-Auto,114435,Diesel,186,26.4,2.0,2,0,0,1,Diesel,4,2,0,0,1
5 Series,2017,48171,Semi-Auto,106866,Electric,153,27.5,4.0,6,0,0,1,Electric,4,2,1,1,1
X5,2021,16883,Automatic,148059,Petrol,171,49.0,2.5,2,1,0,0,Petrol,11,0,4,0,1
1 Series,2022,108022,Automatic,21311,Petrol,246,41.4,3.0,1,1,0,0,Petrol,0,0,4,2,1
3 Series,2012,3000,Automatic,113695,Diesel,10,59.2,3.5,11,1,0,0,Diesel,2,0,0,0,0
X3,2015,57753,Automatic,55478,Petrol,46,29.7,1.5,8,1,0,0,Petrol,9,0,4,2,0
6 Series,2020,43083,Manual,9738,Diesel,265,58.3,2.5,3,0,1,0,Diesel,5,1,0,1,1
7 Series,2012,58565,Automatic,74424,Diesel,110,40.6,3.0,11,1,0,0,Diesel,6,0,0,2,0
7 Series,2022,63675,Semi-Auto,63232,Petrol,278,25.8,2.5,1,0,0,1,Petrol,6,2,4,2,1
1 Series,2021,3000,Automatic,109400,Hybrid,291,25.9,1.5,2,1,0,0,Hybrid,0,0,2,0,1
5 Series,2013,68323,Manual,6474,Petrol,251,44.3,3.0,10,0,1,0,Petrol,4,1,4,2,0
7 Series,2010,46614,Automatic,60026,Petrol,75,53.3,2.5,13,1,0,0,Petrol,6,0,4,1,0
3 Series,2014,3000,Automatic,67024,Petrol,174,49.9,1.5,9,1,0,0,Petrol,2,0,4,0,0
3 Series,2010,3974,Semi-Auto,51974,Petrol,108,46.2,2.0,13,0,0,1,Petrol,2,2,4,0,0
5 Series,2022,72901,Automatic,6622,Petrol,13,26.9,2.0,1,1,0,0,Petrol,4,0,4,2,1
1 Series,2010,49912,Manual,98366,Diesel,180,24.3,2.5,13,0,1,0,Diesel,0,1,0,2,0
3 Series,2019,9679,Semi-Auto,40214,Diesel,271,20.0,2.0,4,0,0,1,Diesel,2,2,0,0,1
3 Series,2020,3000,Automatic,94184,Diesel,42,24.1,2.5,3,1,0,0,Diesel,2,0,0,0,1
3 Series,2020,3000,Automatic,99233,Petrol,101,50.7,3.5,3,1,0,0,Petrol,2,0,4,0,1
1 Series,2016,101806,Automatic,22865,Petrol,112,55.8,3.5,7,1,0,0,Petrol,0,0,4,2,1
6 Series,2021,87772,Automatic,44026,Electric,192,29.6,3.5,2,1,0,0,Electric,5,0,1,2,1
X1,2015,40901,Automatic,90037,Petrol,8,51.8,3.0,8,1,0,0,Petrol,7,0,4,1,0
X3,2011,3000,Automatic,144488,Electric,148,28.0,2.5,12,1,0,0,Electric,9,0,1,0,0
X5,2020,71324,Automatic,26775,Diesel,223,30.0,3.0,3,1,0,0,Diesel,11,0,0,2,1
5 Series,2021,93146,Automatic,20374,Hybrid,109,29.0,5.0,2,1,0,0,Hybrid,4,0,2,2,1
1 Series,2011,65810,Automatic,59451,Petrol,83,22.1,4.0,12,1,0,0,Petrol,0,0,4,2,0
7 Series,2020,72402,Automatic,83141,Petrol,42,27.8,3.0,3,1,0,0,Petrol,6,0,4,2,1
X1,2016,20387,Automatic,16684,Diesel,65,34.9,2.5,7,1,0,0,Diesel,7,0,0,0,0
X5,2010,68945,Automatic,25002,Diesel,108,36.2,3.0,13,1,0,0,Diesel,11,0,0,2,0
5 Series,2022,29797,Automatic,92551,Petrol,101,32.4,1.5,1,1,0,0,Petrol,4,0,4,1,1
1 Series,2011,38811,Automatic,131704,Diesel,134,40.6,4.4,12,1,0,0,Diesel,0,0,0,1,0
3 Series,2021,97041,Automatic,7309,Petrol,85,35.1,2.5,2,1,0,0,Petrol,2,0,4,2,1
5 Series,2017,41645,Automatic,85675,Diesel,83,58.8,2.5,6,1,0,0,Diesel,4,0,0,1,1
X1,2015,29362,Manual,69326,Diesel,226,52.3,2.0,8,0,1,0,Diesel,7,1,0,1,0
X1,2011,42152,Automatic,8826,Petrol,259,57.2,1.5,12,1,0,0,Petrol,7,0,4,1,0
5 Series,2016,42138,Automatic,144206,Petrol,19,42.3,1.5,7,1,0,0,Petrol,4,0,4,1,0
i3,2013,36810,Semi-Auto,122840,Petrol,34,47.1,2.0,10,0,0,1,Petrol,15,2,4,1,0
X1,2011,35831,Manual,136126,Petrol,242,26.7,2.5,12,0,1,0,Petrol,7,1,4,1,0
3 Series,2021,55428,Automatic,148162,Petrol,269,50.1,1.5,2,1,0,0,Petrol,2,0,4,2,1
1 Series,2015,14351,Automatic,106985,Petrol,222,29.4,5.0,8,1,0,0,Petrol,0,0,4,0,0
3 Series,2020,108957,Automatic,16569,Petrol,157,25.8,2.5,3,1,0,0,Petrol,2,0,4,2,1
3 Series,2018,30068,Automatic,7508,Diesel,284,21.7,2.5,5,1,0,0,Diesel,2,0,0,1,1
3 Series,2020,40018,Semi-Auto,148680,Hybrid,35,38.9,2.5,3,0,0,1,Hybrid,2,2,2,1,1
3 Series,2018,48849,Automatic,90059,Diesel,297,31.5,1.5,5,1,0,0,Diesel,2,0,0,1,1
3 Series,2017,67930,Semi-Auto,98475,Petrol,28,59.5,4.0,6,0,0,1,Petrol,2,2,4,2,1
3 Series,2012,3000,Automatic,131447,Petrol,254,30.0,2.5,11,1,0,0,Petrol,2,0,4,0,0
6 Series,2012,3000,Semi-Auto,131819,Diesel,141,54.7,2.0,11,0,0,1,Diesel,5,2,0,0,0
1 Series,2011,16905,Automatic,111648,Diesel,133,32.7,2.0,12,1,0,0,Diesel,0,0,0,0,0
7 Series,2014,40991,Automatic,25520,Electric,143,50.0,2.5,9,1,0,0,Electric,6,0,1,1,0
5 Series,2021,64325,Automatic,31932,Petrol,296,46.4,3.0,2,1,0,0,Petrol,4,0,4,2,1
i3,2013,46704,Automatic,20734,Diesel,244,42.5,2.5,10,1,0,0,Diesel,15,0,0,1,0
1 Series,2016,44556,Automatic,70363,Diesel,253,36.7,3.0,7,1,0,0,Diesel,0,0,0,1,1
5 Series,2013,43747,Manual,51555,Hybrid,4,46.8,3.0,10,0,1,0,Hybrid,4,1,2,1,0
X7,2018,44559,Automatic,17257,Diesel,265,36.3,3.0,5,1,0,0,Diesel,13,0,0,1,1
4 Series,2021,27992,Manual,148865,Diesel,238,41.9,2.5,2,0,1,0,Diesel,3,1,0,1,1
X6,2021,42286,Automatic,94550,Diesel,249,43.6,3.0,2,1,0,0,Diesel,12,0,0,1,1
3 Series,2011,42014,Automatic,54219,Diesel,290,30.7,2.0,12,1,0,0,Diesel,2,0,0,1,0
3 Series,2020,47316,Semi-Auto,134931,Petrol,30,33.6,2.5,3,0,0,1,Petrol,2,2,4,1,1
X3,2015,49918,Automatic,40840,Petrol,119,20.7,1.5,8,1,0,0,Petrol,9,0,4,2,0
X2,2016,3000,Automatic,98392,Diesel,78,54.1,2.0,7,1,0,0,Diesel,8,0,0,0,0
X1,2013,55531,Automatic,60327,Petrol,8,50.2,3.0,10,1,0,0,Petrol,7,0,4,2,0
X1,2022,22508,Automatic,114827,Diesel,43,27.3,3.0,1,1,0,0,Diesel,7,0,0,1,1
3 Series,2015,39428,Semi-Auto,35819,Other,221,34.5,1.5,8,0,0,1,Other,2,2,3,1,0
X5,2016,10472,Automatic,86621,Diesel,143,36.8,2.0,7,1,0,0,Diesel,11,0,0,0,0
3 Series,2013,21276,Automatic,102272,Diesel,119,33.4,6.0,10,1,0,0,Diesel,2,0,0,0,0
3 Series,2017,35692,Manual,42704,Diesel,52,51.9,2.5,6,0,1,0,Diesel,2,1,0,1,1
5 Series,2018,17681,Automatic,61379,Diesel,64,49.0,2.0,5,1,0,0,Diesel,4,0,0,0,1
7 Series,2010,3000,Automatic,81987,Hybrid,175,50.7,1.5,13,1,0,0,Hybrid,6,0,2,0,0
3 Series,2016,40937,Semi-Auto,112561,Diesel,69,56.2,3.0,7,0,0,1,Diesel,2,2,0,1,1
1 Series,2018,92635,Automatic,6274,Diesel,120,43.8,2.5,5,1,0,0,Diesel,0,0,0,2,1
X1,2021,30087,Manual,97462,Petrol,202,44.6,2.0,2,0,1,0,Petrol,7,1,4,1,1
3 Series,2019,94128,Automatic,20046,Petrol,288,48.9,3.0,4,1,0,0,Petrol,2,0,4,2,1
X1,2014,43537,Manual,75210,Petrol,179,47.2,2.5,9,0,1,0,Petrol,7,1,4,1,0
3 Series,2021,3000,Semi-Auto,119724,Petrol,80,54.8,3.0,2,0,0,1,Petrol,2,2,4,0,1
5 Series,2011,3000,Automatic,143575,Diesel,54,50.8,6.0,12,1,0,0,Diesel,4,0,0,0,0
7 Series,2019,73622,Automatic,49392,Diesel,178,24.8,1.5,4,1,0,0,Diesel,6,0,0,2,1
1 Series,2015,47134,Automatic,62472,Petrol,97,57.1,4.4,8,1,0,0,Petrol,0,0,4,1,0
3 Series,2021,79718,Manual,71904,Electric,109,47.3,3.5,2,0,1,0,Electric,2,1,1,2,1
1 Series,2021,3000,Automatic,90063,Diesel,152,25.1,2.5,2,1,0,0,Diesel,0,0,0,0,1
1 Series,2016,54438,Automatic,46335,Diesel,124,50.9,4.0,7,1,0,0,Diesel,0,0,0,2,1
i3,2011,48064,Automatic,23487,Diesel,90,34.3,3.0,12,1,0,0,Diesel,15,0,0,1,0
3 Series,2011,31707,Semi-Auto,37593,Diesel,293,52.2,4.0,12,0,0,1,Diesel,2,2,0,1,0
X6,2019,22010,Automatic,76927,Petrol,36,58.2,3.0,4,1,0,0,Petrol,12,0,4,1,1
3 Series,2021,40305,Automatic,10874,Diesel,4,30.2,2.0,2,1,0,0,Diesel,2,0,0,1,1
X3,2019,80904,Automatic,55822,Petrol,149,54.3,3.0,4,1,0,0,Petrol,9,0,4,2,1
X5,2010,4921,Automatic,54948,Diesel,171,50.9,2.0,13,1,0,0,Diesel,11,0,0,0,0
X1,2013,67550,Automatic,4608,Petrol,261,46.8,2.0,10,1,0,0,Petrol,7,0,4,2,0
5 Series,2016,38883,Automatic,96987,Diesel,26,35.4,3.0,7,1,0,0,Diesel,4,0,0,1,1
5 Series,2018,26219,Semi-Auto,106182,Petrol,54,24.4,4.4,5,0,0,1,Petrol,4,2,4,1,1
3 Series,2012,15169,Semi-Auto,28546,Diesel,248,39.4,3.0,11,0,0,1,Diesel,2,2,0,0,0
X2,2021,9663,Automatic,116999,Petrol,272,24.2,3.5,2,1,0,0,Petrol,8,0,4,0,1
2 Series,2020,25176,Automatic,101804,Diesel,258,40.0,2.0,3,1,0,0,Diesel,1,0,0,1,1
X7,2016,23742,Automatic,63496,Diesel,265,52.8,3.0,7,1,0,0,Diesel,13,0,0,1,0
1 Series,2016,67893,Automatic,56186,Petrol,190,59.9,3.0,7,1,0,0,Petrol,0,0,4,2,1
X5,2016,3000,Automatic,137302,Petrol,62,27.9,1.5,7,1,0,0,Petrol,11,0,4,0,0
X4,2011,74542,Automatic,26720,Diesel,103,28.3,1.5,12,1,0,0,Diesel,10,0,0,2,0
3 Series,2015,83649,Automatic,44023,Petrol,287,52.4,3.5,8,1,0,0,Petrol,2,0,4,2,1
1 Series,2011,20147,Manual,68082,Petrol,258,38.8,2.5,12,0,1,0,Petrol,0,1,4,0,0
X5,2015,46402,Manual,16050,Petrol,160,56.6,2.5,8,0,1,0,Petrol,11,1,4,1,0
X1,2022,24990,Automatic,114353,Diesel,170,50.8,4.4,1,1,0,0,Diesel,7,0,0,1,1
2 Series,2019,67668,Automatic,53164,Petrol,108,49.5,6.0,4,1,0,0,Petrol,1,0,4,2,1
1 Series,2012,39509,Semi-Auto,129470,Petrol,139,24.1,3.5,11,0,0,1,Petrol,0,2,4,1,0
X6,2011,7925,Semi-Auto,31134,Diesel,92,21.4,3.5,12,0,0,1,Diesel,12,2,0,0,0
3 Series,2021,24034,Automatic,147712,Petrol,102,32.7,2.0,2,1,0,0,Petrol,2,0,4,1,1
3 Series,2015,91828,Automatic,15284,Petrol,225,28.7,2.0,8,1,0,0,Petrol,2,0,4,2,1
3 Series,2011,51029,Automatic,61526,Hybrid,159,48.5,6.0,12,1,0,0,Hybrid,2,0,2,2,0
X6,2014,3000,Automatic,135495,Diesel,194,38.0,3.0,9,1,0,0,Diesel,12,0,0,0,0
X3,2011,64093,Automatic,29577,Petrol,144,40.9,3.0,12,1,0,0,Petrol,9,0,4,2,0
7 Series,2012,47947,Automatic,122867,Petrol,241,52.5,2.0,11,1,0,0,Petrol,6,0,4,1,0
5 Series,2012,3000,Automatic,119247,Diesel,131,39.1,4.0,11,1,0,0,Diesel,4,0,0,0,0
4 Series,2015,78497,Automatic,59900,Petrol,92,41.8,1.5,8,1,0,0,Petrol,3,0,4,2,0
5 Series,2015,7497,Automatic,85606,Electric,272,53.7,2.0,8,1,0,0,Electric,4,0,1,0,0
X6,2019,80506,Semi-Auto,7066,Diesel,191,37.3,2.0,4,0,0,1,Diesel,12,2,0,2,1
5 Series,2012,35206,Automatic,105342,Electric,21,23.3,3.0,11,1,0,0,Electric,4,0,1,1,0
5 Series,2012,57685,Automatic,9583,Diesel,193,40.9,3.0,11,1,0,0,Diesel,4,0,0,2,0
5 Series,2022,68738,Automatic,39057,Diesel,169,43.2,2.5,1,1,0,0,Diesel,4,0,0,2,1
3 Series,2021,47238,Automatic,27564,Diesel,10,40.5,1.5,2,1,0,0,Diesel,2,0,0,1,1
X5,2022,73470,Automatic,62429,Diesel,180,30.3,4.0,1,1,0,0,Diesel,11,0,0,2,1
7 Series,2010,24617,Automatic,99600,Diesel,231,28.9,5.0,13,1,0,0,Diesel,6,0,0,1,0
3 Series,2016,8209,Automatic,89393,Petrol,28,34.8,2.0,7,1,0,0,Petrol,2,0,4,0,0
6 Series,2022,44603,Automatic,116774,Diesel,19,26.6,3.5,1,1,0,0,Diesel,5,0,0,1,1
5 Series,2017,92122,Automatic,29941,Petrol,4,46.6,5.0,6,1,0,0,Petrol,4,0,4,2,1
7 Series,2011,41237,Manual,38962,Diesel,33,44.6,2.5,12,0,1,0,Diesel,6,1,0,1,0
6 Series,2013,40051,Automatic,122410,Diesel,139,45.3,2.0,10,1,0,0,Diesel,5,0,0,1,0
X1,2019,50081,Automatic,59420,Other,27,29.0,5.0,4,1,0,0,Other,7,0,3,2,1
1 Series,2016,3000,Automatic,83415,Diesel,97,29.9,1.5,7,1,0,0,Diesel,0,0,0,0,0
X4,2017,60462,Automatic,83013,Diesel,261,51.5,2.0,6,1,0,0,Diesel,10,0,0,2,1
X1,2010,53775,Automatic,120012,Petrol,245,47.6,3.0,13,1,0,0,Petrol,7,0,4,2,0
3 Series,2013,53329,Automatic,138465,Petrol,18,55.0,3.0,10,1,0,0,Petrol,2,0,4,2,0
1 Series,2015,15782,Semi-Auto,121198,Hybrid,11,36.1,3.0,8,0,0,1,Hybrid,0,2,2,0,0
X6,2012,37768,Semi-Auto,34488,Diesel,24,41.9,3.0,11,0,0,1,Diesel,12,2,0,1,0
X1,2014,6177,Automatic,144626,Diesel,12,49.6,3.0,9,1,0,0,Diesel,7,0,0,0,0
7 Series,2019,3000,Manual,103330,Petrol,75,59.0,2.5,4,0,1,0,Petrol,6,1,4,0,1
6 Series,2018,65778,Automatic,6057,Diesel,258,59.6,2.5,5,1,0,0,Diesel,5,0,0,2,1
X5,2020,31200,Semi-Auto,84026,Diesel,23,60.0,2.5,3,0,0,1,Diesel,11,2,0,1,1
3 Series,2022,43209,Automatic,6305,Petrol,7,55.6,3.5,1,1,0,0,Petrol,2,0,4,1,1
3 Series,2012,66459,Automatic,62276,Diesel,227,45.6,4.4,11,1,0,0,Diesel,2,0,0,2,0
3 Series,2014,55453,Automatic,138746,Petrol,122,20.3,2.5,9,1,0,0,Petrol,2,0,4,2,0
X5,2017,64733,Automatic,91534,Petrol,89,48.0,1.5,6,1,0,0,Petrol,11,0,4,2,1
1 Series,2015,3000,Manual,147388,Diesel,223,29.5,4.4,8,0,1,0,Diesel,0,1,0,0,0
X1,2013,14036,Semi-Auto,148289,Petrol,223,22.3,1.5,10,0,0,1,Petrol,7,2,4,0,0
X5,2017,37387,Automatic,112045,Petrol,256,47.9,2.0,6,1,0,0,Petrol,11,0,4,1,1
4 Series,2020,3000,Manual,146674,Diesel,2,50.2,4.0,3,0,1,0,Diesel,3,1,0,0,1
3 Series,2012,18739,Manual,88181,Diesel,270,46.4,3.0,11,0,1,0,Diesel,2,1,0,0,0
X6,2012,58731,Automatic,111907,Petrol,147,34.6,2.5,11,1,0,0,Petrol,12,0,4,2,0
1 Series,2013,19829,Automatic,14987,Hybrid,188,40.4,4.4,10,1,0,0,Hybrid,0,0,2,0,0
2 Series,2018,33379,Automatic,50915,Petrol,186,57.4,5.0,5,1,0,0,Petrol,1,0,4,1,1
1 Series,2014,82715,Automatic,14543,Other,187,49.2,2.5,9,1,0,0,Other,0,0,3,2,0
5 Series,2017,33118,Automatic,28944,Diesel,123,40.2,4.0,6,1,0,0,Diesel,4,0,0,1,1
X6,2015,53638,Automatic,141216,Petrol,36,43.7,3.0,8,1,0,0,Petrol,12,0,4,2,0
1 Series,2012,34254,Automatic,110418,Petrol,148,57.1,2.0,11,1,0,0,Petrol,0,0,4,1,0
3 Series,2017,45276,Automatic,39459,Petrol,105,35.8,4.4,6,1,0,0,Petrol,2,0,4,1,1
X3,2021,34636,Semi-Auto,31741,Petrol,102,24.1,1.5,2,0,0,1,Petrol,9,2,4,1,1
X3,2018,15814,Automatic,127077,Diesel,231,33.0,2.5,5,1,0,0,Diesel,9,0,0,0,1
X1,2017,36107,Automatic,75627,Petrol,145,36.6,2.5,6,1,0,0,Petrol,7,0,4,1,1
X3,2022,5805,Automatic,114372,Petrol,16,30.9,3.0,1,1,0,0,Petrol,9,0,4,0,1
7 Series,2013,13146,Automatic,70741,Diesel,158,41.2,1.5,10,1,0,0,Diesel,6,0,0,0,0
3 Series,2022,67548,Automatic,70177,Petrol,281,32.2,4.0,1,1,0,0,Petrol,2,0,4,2,1
3 Series,2020,28671,Automatic,4543,Diesel,277,24.1,3.0,3,1,0,0,Diesel,2,0,0,1,1
3 Series,2015,50595,Automatic,137663,Petrol,124,27.5,2.0,8,1,0,0,Petrol,2,0,4,2,0
6 Series,2010,6294,Automatic,57395,Diesel,172,56.7,3.0,13,1,0,0,Diesel,5,0,0,0,0
X1,2013,40213,Automatic,30055,Diesel,162,45.2,2.5,10,1,0,0,Diesel,7,0,0,1,0
5 Series,2017,91283,Automatic,7116,Diesel,202,32.6,2.5,6,1,0,0,Diesel,4,0,0,2,1
5 Series,2010,21003,Automatic,56485,Petrol,154,34.7,1.5,13,1,0,0,Petrol,4,0,4,0,0
X4,2012,3000,Automatic,134479,Petrol,260,39.7,3.0,11,1,0,0,Petrol,10,0,4,0,0
3 Series,2010,25705,Automatic,67421,Petrol,185,46.9,1.5,13,1,0,0,Petrol,2,0,4,1,0
X1,2018,25425,Automatic,36411,Petrol,56,43.3,3.5,5,1,0,0,Petrol,7,0,4,1,1
7 Series,2011,12696,Manual,125115,Petrol,216,57.3,1.5,12,0,1,0,Petrol,6,1,4,0,0
X1,2018,47129,Automatic,100772,Diesel,207,45.0,2.5,5,1,0,0,Diesel,7,0,0,1,1
1 Series,2022,65669,Manual,91121,Diesel,201,56.4,2.5,1,0,1,0,Diesel,0,1,0,2,1
4 Series,2013,25247,Manual,124671,Diesel,73,20.2,3.0,10,0,1,0,Diesel,3,1,0,1,0
X4,2011,3000,Automatic,112670,Diesel,84,55.6,1.5,12,1,0,0,Diesel,10,0,0,0,0
X1,2013,16813,Automatic,105627,Diesel,119,48.9,2.0,10,1,0,0,Diesel,7,0,0,0,0
X3,2021,42907,Automatic,13738,Other,13,26.9,2.0,2,1,0,0,Other,9,0,3,1,1
X2,2020,17759,Automatic,115183,Diesel,128,30.5,3.0,3,1,0,0,Diesel,8,0,0,0,1
X3,2020,79458,Automatic,16772,Diesel,281,41.7,2.0,3,1,0,0,Diesel,9,0,0,2,1
3 Series,2019,48716,Automatic,66270,Other,48,25.0,2.0,4,1,0,0,Other,2,0,3,1,1
X1,2015,3000,Automatic,55979,Other,241,51.4,1.5,8,1,0,0,Other,7,0,3,0,0
X1,2020,50975,Automatic,114585,Diesel,52,51.6,3.5,3,1,0,0,Diesel,7,0,0,2,1
5 Series,2016,25647,Manual,138300,Diesel,264,32.0,5.0,7,0,1,0,Diesel,4,1,0,1,0
X5,2012,53597,Automatic,25318,Diesel,68,22.8,3.0,11,1,0,0,Diesel,11,0,0,2,0
X4,2012,21971,Semi-Auto,59458,Diesel,39,59.6,2.5,11,0,0,1,Diesel,10,2,0,1,0
X2,2021,50083,Semi-Auto,145867,Hybrid,183,30.0,2.0,2,0,0,1,Hybrid,8,2,2,2,1
5 Series,2019,56129,Semi-Auto,106856,Petrol,132,22.7,2.5,4,0,0,1,Petrol,4,2,4,2,1
1 Series,2021,41105,Manual,86184,Diesel,55,33.2,2.5,2,0,1,0,Diesel,0,1,0,1,1
i3,2017,3000,Automatic,129789,Diesel,254,58.8,2.5,6,1,0,0,Diesel,15,0,0,0,1
2 Series,2014,74087,Automatic,22747,Petrol,4,51.7,2.5,9,1,0,0,Petrol,1,0,4,2,0
1 Series,2013,22085,Automatic,12282,Diesel,68,39.2,2.5,10,1,0,0,Diesel,0,0,0,1,0
X2,2016,44823,Automatic,64073,Diesel,51,32.2,1.5,7,1,0,0,Diesel,8,0,0,1,1
4 Series,2016,14599,Manual,53900,Petrol,97,36.9,1.5,7,0,1,0,Petrol,3,1,4,0,0
7 Series,2022,82463,Semi-Auto,21929,Other,160,20.7,1.5,1,0,0,1,Other,6,2,3,2,1
X1,2018,56609,Automatic,36500,Diesel,270,48.7,2.0,5,1,0,0,Diesel,7,0,0,2,1
5 Series,2018,85160,Automatic,2872,Diesel,64,24.0,2.0,5,1,0,0,Diesel,4,0,0,2,1
1 Series,2014,20705,Automatic,68505,Diesel,242,40.8,2.0,9,1,0,0,Diesel,0,0,0,0,0
3 Series,2022,64569,Automatic,26460,Electric,261,42.6,2.0,1,1,0,0,Electric,2,0,1,2,1
X6,2021,74790,Automatic,13155,Diesel,211,20.1,2.0,2,1,0,0,Diesel,12,0,0,2,1
1 Series,2022,36405,Automatic,143942,Diesel,153,59.2,2.0,1,1,0,0,Diesel,0,0,0,1,1
3 Series,2017,3000,Manual,116006,Diesel,233,32.1,2.0,6,0,1,0,Diesel,2,1,0,0,1
5 Series,2019,3000,Automatic,94928,Petrol,139,23.1,2.5,4,1,0,0,Petrol,4,0,4,0,1
7 Series,2010,29062,Semi-Auto,135789,Diesel,114,54.2,3.0,13,0,0,1,Diesel,6,2,0,1,0
X2,2018,45596,Automatic,127075,Hybrid,129,26.1,5.0,5,1,0,0,Hybrid,8,0,2,1,1
3 Series,2017,32733,Manual,133446,Diesel,177,21.0,4.4,6,0,1,0,Diesel,2,1,0,1,1
3 Series,2015,64715,Automatic,116138,Petrol,94,39.8,2.5,8,1,0,0,Petrol,2,0,4,2,0
X5,2022,3000,Manual,145499,Petrol,100,25.2,2.5,1,0,1,0,Petrol,11,1,4,0,1
5 Series,2012,9278,Automatic,65442,Hybrid,195,59.3,2.0,11,1,0,0,Hybrid,4,0,2,0,0
3 Series,2012,3000,Automatic,101671,Diesel,289,20.4,5.0,11,1,0,0,Diesel,2,0,0,0,0
5 Series,2017,39737,Automatic,17631,Diesel,207,22.0,3.5,6,1,0,0,Diesel,4,0,0,1,1
1 Series,2014,46954,Semi-Auto,20887,Diesel,94,53.3,3.5,9,0,0,1,Diesel,0,2,0,1,0
3 Series,2019,65396,Automatic,26259,Petrol,102,29.6,2.0,4,1,0,0,Petrol,2,0,4,2,1
5 Series,2020,72069,Automatic,98932,Diesel,7,56.5,2.5,3,1,0,0,Diesel,4,0,0,2,1
5 Series,2016,15861,Automatic,58987,Diesel,135,32.4,2.0,7,1,0,0,Diesel,4,0,0,0,0
X2,2014,86546,Automatic,20144,Diesel,97,22.8,4.4,9,1,0,0,Diesel,8,0,0,2,0
5 Series,2017,61428,Manual,45456,Petrol,260,20.4,2.0,6,0,1,0,Petrol,4,1,4,2,1
X1,2019,37433,Automatic,121250,Diesel,146,31.3,3.0,4,1,0,0,Diesel,7,0,0,1,1
X1,2019,82833,Automatic,78735,Petrol,184,38.9,2.0,4,1,0,0,Petrol,7,0,4,2,1
1 Series,2013,77090,Semi-Auto,12569,Hybrid,231,20.0,3.5,10,0,0,1,Hybrid,0,2,2,2,0
X3,2011,3000,Manual,126294,Hybrid,100,43.2,2.0,12,0,1,0,Hybrid,9,1,2,0,0
3 Series,2012,27532,Manual,84731,Diesel,146,33.3,3.5,11,0,1,0,Diesel,2,1,0,1,0
X7,2017,3000,Automatic,97132,Hybrid,204,35.6,2.5,6,1,0,0,Hybrid,13,0,2,0,1
1 Series,2020,45791,Automatic,101497,Diesel,45,30.5,3.0,3,1,0,0,Diesel,0,0,0,1,1
5 Series,2022,77743,Automatic,28003,Petrol,103,41.2,2.0,1,1,0,0,Petrol,4,0,4,2,1
1 Series,2016,6414,Manual,148623,Diesel,221,29.2,4.0,7,0,1,0,Diesel,0,1,0,0,0
i8,2022,14453,Automatic,115432,Petrol,117,25.4,3.5,1,1,0,0,Petrol,16,0,4,0,1
7 Series,2011,49064,Automatic,103486,Diesel,4,55.6,2.5,12,1,0,0,Diesel,6,0,0,1,0
X1,2015,3000,Automatic,135940,Petrol,210,35.6,3.0,8,1,0,0,Petrol,7,0,4,0,0
1 Series,2018,53760,Automatic,42274,Diesel,54,23.1,2.0,5,1,0,0,Diesel,0,0,0,2,1
X5,2013,18292,Manual,39718,Diesel,18,29.2,2.0,10,0,1,0,Diesel,11,1,0,0,0
3 Series,2018,14956,Automatic,42682,Petrol,87,32.4,2.5,5,1,0,0,Petrol,2,0,4,0,1
6 Series,2011,22509,Automatic,31653,Petrol,246,50.8,3.0,12,1,0,0,Petrol,5,0,4,1,0
3 Series,2011,3000,Semi-Auto,146213,Diesel,116,20.9,3.0,12,0,0,1,Diesel,2,2,0,0,0
3 Series,2018,3000,Automatic,143609,Diesel,169,39.1,3.0,5,1,0,0,Diesel,2,0,0,0,1
1 Series,2021,25091,Automatic,31401,Diesel,149,36.3,3.0,2,1,0,0,Diesel,0,0,0,1,1
5 Series,2016,61080,Semi-Auto,82690,Petrol,294,58.7,4.4,7,0,0,1,Petrol,4,2,4,2,1
X1,2016,45528,Semi-Auto,101613,Diesel,207,27.2,2.5,7,0,0,1,Diesel,7,2,0,1,1
1 Series,2010,3000,Automatic,138702,Diesel,282,45.1,2.5,13,1,0,0,Diesel,0,0,0,0,0
X5,2022,68061,Automatic,45293,Diesel,173,28.1,4.0,1,1,0,0,Diesel,11,0,0,2,1
5 Series,2020,45803,Automatic,14416,Petrol,126,41.9,2.5,3,1,0,0,Petrol,4,0,4,1,1
7 Series,2015,3000,Manual,117711,Electric,155,42.2,2.5,8,0,1,0,Electric,6,1,1,0,0
5 Series,2022,47775,Manual,116037,Petrol,179,23.0,3.5,1,0,1,0,Petrol,4,1,4,1,1
5 Series,2016,50752,Automatic,91935,Petrol,86,38.3,4.0,7,1,0,0,Petrol,4,0,4,2,1
X1,2020,11164,Automatic,140701,Diesel,266,38.4,3.0,3,1,0,0,Diesel,7,0,0,0,1
3 Series,2015,40011,Automatic,9360,Petrol,81,32.8,2.0,8,1,0,0,Petrol,2,0,4,1,0
3 Series,2015,62085,Automatic,13011,Other,63,31.1,2.5,8,1,0,0,Other,2,0,3,2,0
4 Series,2011,81312,Automatic,41721,Petrol,118,29.0,2.0,12,1,0,0,Petrol,3,0,4,2,0
X4,2015,65784,Manual,37069,Petrol,162,20.2,2.5,8,0,1,0,Petrol,10,1,4,2,0
5 Series,2013,38142,Automatic,54270,Petrol,292,20.1,2.5,10,1,0,0,Petrol,4,0,4,1,0
3 Series,2018,72825,Automatic,12227,Diesel,177,43.6,2.0,5,1,0,0,Diesel,2,0,0,2,1
X1,2021,60081,Automatic,40587,Petrol,29,31.7,2.5,2,1,0,0,Petrol,7,0,4,2,1
5 Series,2010,74468,Automatic,62720,Petrol,160,26.7,3.0,13,1,0,0,Petrol,4,0,4,2,0
1 Series,2022,44468,Automatic,69305,Petrol,2,47.4,4.0,1,1,0,0,Petrol,0,0,4,1,1
3 Series,2017,18073,Automatic,77028,Diesel,23,41.2,2.0,6,1,0,0,Diesel,2,0,0,0,1
X3,2014,68022,Automatic,54651,Diesel,58,56.6,2.5,9,1,0,0,Diesel,9,0,0,2,0
X3,2010,44072,Automatic,52332,Diesel,236,53.2,2.5,13,1,0,0,Diesel,9,0,0,1,0
1 Series,2013,52976,Automatic,69201,Diesel,239,49.1,2.0,10,1,0,0,Diesel,0,0,0,2,0
3 Series,2010,51450,Manual,44552,Petrol,159,25.1,2.5,13,0,1,0,Petrol,2,1,4,2,0
3 Series,2015,3000,Automatic,124938,Diesel,59,46.6,4.0,8,1,0,0,Diesel,2,0,0,0,0
X3,2011,3000,Automatic,118230,Diesel,239,47.8,2.0,12,1,0,0,Diesel,9,0,0,0,0
1 Series,2014,8291,Manual,94758,Petrol,58,50.5,2.5,9,0,1,0,Petrol,0,1,4,0,0
1 Series,2016,50251,Automatic,58300,Diesel,52,30.5,2.5,7,1,0,0,Diesel,0,0,0,2,1
X6,2011,45207,Semi-Auto,27951,Diesel,63,45.6,1.5,12,0,0,1,Diesel,12,2,0,1,0
3 Series,2015,40762,Automatic,21264,Petrol,120,44.7,1.5,8,1,0,0,Petrol,2,0,4,1,0
X3,2015,36060,Manual,20121,Petrol,118,35.4,3.5,8,0,1,0,Petrol,9,1,4,1,0
3 Series,2014,60833,Semi-Auto,85351,Petrol,285,46.5,4.0,9,0,0,1,Petrol,2,2,4,2,0
1 Series,2014,14480,Manual,51539,Diesel,17,23.5,3.0,9,0,1,0,Diesel,0,1,0,0,0
3 Series,2012,32444,Automatic,30218,Petrol,4,45.7,2.5,11,1,0,0,Petrol,2,0,4,1,0
X3,2019,27821,Automatic,45867,Diesel,159,44.2,3.5,4,1,0,0,Diesel,9,0,0,1,1
2 Series,2019,103175,Automatic,2316,Petrol,141,28.4,2.0,4,1,0,0,Petrol,1,0,4,2,1
2 Series,2020,56261,Automatic,38972,Petrol,17,52.7,3.5,3,1,0,0,Petrol,1,0,4,2,1
5 Series,2021,62873,Manual,87924,Petrol,67,55.0,2.5,2,0,1,0,Petrol,4,1,4,2,1
X3,2011,14768,Automatic,93700,Petrol,113,28.4,3.5,12,1,0,0,Petrol,9,0,4,0,0
3 Series,2016,3000,Automatic,130079,Petrol,21,23.0,2.0,7,1,0,0,Petrol,2,0,4,0,0
3 Series,2010,31946,Automatic,105082,Diesel,19,44.1,3.5,13,1,0,0,Diesel,2,0,0,1,0
6 Series,2015,3000,Automatic,140151,Diesel,262,39.2,3.0,8,1,0,0,Diesel,5,0,0,0,0
1 Series,2015,3000,Manual,61887,Diesel,97,37.1,1.5,8,0,1,0,Diesel,0,1,0,0,0
1 Series,2012,45313,Manual,36862,Petrol,104,50.4,2.5,11,0,1,0,Petrol,0,1,4,1,0
3 Series,2011,17626,Automatic,128677,Diesel,285,58.8,2.5,12,1,0,0,Diesel,2,0,0,0,0
1 Series,2021,20993,Automatic,146893,Other,4,39.1,1.5,2,1,0,0,Other,0,0,3,0,1
3 Series,2011,69485,Automatic,74118,Petrol,128,20.2,2.5,12,1,0,0,Petrol,2,0,4,2,0
X1,2022,8377,Automatic,75548,Electric,158,43.9,2.5,1,1,0,0,Electric,7,0,1,0,1
5 Series,2018,38800,Semi-Auto,105319,Petrol,250,46.2,2.0,5,0,0,1,Petrol,4,2,4,1,1
6 Series,2020,29332,Manual,81066,Diesel,275,53.1,2.5,3,0,1,0,Diesel,5,1,0,1,1
X6,2014,66792,Automatic,46221,Petrol,82,28.0,2.0,9,1,0,0,Petrol,12,0,4,2,0
3 Series,2016,37187,Automatic,88189,Diesel,117,41.0,2.0,7,1,0,0,Diesel,2,0,0,1,1
3 Series,2021,59431,Automatic,106812,Diesel,28,37.9,2.0,2,1,0,0,Diesel,2,0,0,2,1
5 Series,2014,3000,Automatic,93326,Petrol,137,46.6,1.5,9,1,0,0,Petrol,4,0,4,0,0
X1,2016,27013,Automatic,140972,Diesel,156,22.6,4.4,7,1,0,0,Diesel,7,0,0,1,0
3 Series,2022,30275,Automatic,14891,Diesel,30,55.4,4.4,1,1,0,0,Diesel,2,0,0,1,1
X1,2013,27120,Automatic,109640,Diesel,285,40.4,3.5,10,1,0,0,Diesel,7,0,0,1,0
5 Series,2017,3000,Automatic,147086,Other,152,55.1,2.0,6,1,0,0,Other,4,0,3,0,1
X1,2022,46429,Automatic,73083,Hybrid,57,33.6,3.0,1,1,0,0,Hybrid,7,0,2,1,1
5 Series,2020,21239,Semi-Auto,38964,Electric,86,46.1,3.0,3,0,0,1,Electric,4,2,1,0,1
3 Series,2019,20010,Manual,45739,Diesel,122,58.3,1.5,4,0,1,0,Diesel,2,1,0,0,1
X4,2022,38597,Automatic,117871,Petrol,190,57.7,4.0,1,1,0,0,Petrol,10,0,4,1,1
X5,2020,34730,Automatic,86799,Petrol,292,57.8,6.0,3,1,0,0,Petrol,11,0,4,1,1
1 Series,2019,24828,Automatic,40459,Petrol,27,21.7,3.0,4,1,0,0,Petrol,0,0,4,1,1
4 Series,2016,42863,Automatic,8045,Other,154,36.1,2.0,7,1,0,0,Other,3,0,3,1,1
5 Series,2019,26615,Automatic,44255,Petrol,229,22.4,3.0,4,1,0,0,Petrol,4,0,4,1,1
6 Series,2014,6542,Manual,52965,Petrol,36,32.4,2.0,9,0,1,0,Petrol,5,1,4,0,0
X6,2020,99939,Automatic,2237,Petrol,5,27.0,2.0,3,1,0,0,Petrol,12,0,4,2,1
5 Series,2015,58283,Automatic,131811,Petrol,224,44.8,3.0,8,1,0,0,Petrol,4,0,4,2,0
1 Series,2014,39044,Automatic,53195,Petrol,32,51.2,2.5,9,1,0,0,Petrol,0,0,4,1,0
3 Series,2016,11334,Semi-Auto,118775,Diesel,88,40.5,2.0,7,0,0,1,Diesel,2,2,0,0,0
7 Series,2021,86452,Semi-Auto,37326,Petrol,39,51.8,1.5,2,0,0,1,Petrol,6,2,4,2,1
X1,2011,31453,Automatic,137365,Diesel,168,20.5,3.0,12,1,0,0,Diesel,7,0,0,1,0
3 Series,2014,32220,Automatic,26274,Diesel,297,52.8,5.0,9,1,0,0,Diesel,2,0,0,1,0
1 Series,2019,17046,Automatic,94920,Diesel,17,27.1,2.5,4,1,0,0,Diesel,0,0,0,0,1
2 Series,2012,61083,Automatic,97529,Petrol,14,38.4,2.0,11,1,0,0,Petrol,1,0,4,2,0
i3,2018,69638,Automatic,79847,Hybrid,131,37.7,2.5,5,1,0,0,Hybrid,15,0,2,2,1
7 Series,2022,12670,Automatic,57718,Diesel,289,54.9,3.0,1,1,0,0,Diesel,6,0,0,0,1
3 Series,2015,33638,Automatic,69718,Petrol,293,58.6,3.5,8,1,0,0,Petrol,2,0,4,1,0
3 Series,2022,51961,Automatic,50615,Diesel,208,30.2,2.5,1,1,0,0,Diesel,2,0,0,2,1
1 Series,2019,35537,Automatic,119548,Diesel,278,22.7,2.0,4,1,0,0,Diesel,0,0,0,1,1
X2,2012,13400,Manual,72296,Diesel,275,46.0,2.0,11,0,1,0,Diesel,8,1,0,0,0
1 Series,2016,85836,Automatic,73796,Petrol,276,40.1,4.0,7,1,0,0,Petrol,0,0,4,2,1
X1,2013,3000,Automatic,133987,Diesel,75,42.6,2.0,10,1,0,0,Diesel,7,0,0,0,0
3 Series,2012,50512,Automatic,75651,Diesel,297,21.9,3.0,11,1,0,0,Diesel,2,0,0,2,0
X1,2017,103052,Automatic,8076,Petrol,111,51.0,2.0,6,1,0,0,Petrol,7,0,4,2,1
X3,2022,15239,Automatic,81350,Diesel,265,29.3,3.0,1,1,0,0,Diesel,9,0,0,0,1
X6,2013,68331,Automatic,54918,Petrol,71,33.4,1.5,10,1,0,0,Petrol,12,0,4,2,0
3 Series,2020,50701,Automatic,136865,Diesel,20,29.1,2.0,3,1,0,0,Diesel,2,0,0,2,1
1 Series,2010,7058,Automatic,51528,Petrol,187,57.8,2.5,13,1,0,0,Petrol,0,0,4,0,0
1 Series,2015,54399,Automatic,118503,Petrol,120,26.7,2.5,8,1,0,0,Petrol,0,0,4,2,0
6 Series,2019,16699,Automatic,67798,Diesel,140,49.3,2.5,4,1,0,0,Diesel,5,0,0,0,1
4 Series,2020,80619,Semi-Auto,10319,Diesel,203,29.8,3.0,3,0,0,1,Diesel,3,2,0,2,1
X1,2020,59365,Automatic,145266,Petrol,208,37.0,2.5,3,1,0,0,Petrol,7,0,4,2,1
X1,2010,79739,Automatic,27998,Diesel,8,59.8,3.0,13,1,0,0,Diesel,7,0,0,2,0
X3,2014,37754,Automatic,4468,Diesel,184,24.0,2.5,9,1,0,0,Diesel,9,0,0,1,0
3 Series,2016,26363,Manual,113178,Diesel,295,55.3,3.0,7,0,1,0,Diesel,2,1,0,1,0
X2,2015,30719,Automatic,144723,Diesel,200,57.8,2.5,8,1,0,0,Diesel,8,0,0,1,0
5 Series,2011,3000,Manual,146554,Diesel,63,47.9,4.0,12,0,1,0,Diesel,4,1,0,0,0
5 Series,2020,57135,Manual,5409,Electric,24,20.4,2.5,3,0,1,0,Electric,4,1,1,2,1
7 Series,2013,19229,Automatic,67083,Diesel,155,52.8,2.5,10,1,0,0,Diesel,6,0,0,0,0
1 Series,2020,40244,Automatic,86443,Petrol,220,55.3,3.0,3,1,0,0,Petrol,0,0,4,1,1
3 Series,2011,59803,Automatic,24426,Diesel,291,59.2,2.5,12,1,0,0,Diesel,2,0,0,2,0
X5,2020,20560,Manual,109025,Diesel,138,53.6,2.5,3,0,1,0,Diesel,11,1,0,0,1
1 Series,2010,5805,Automatic,55757,Diesel,20,37.8,3.5,13,1,0,0,Diesel,0,0,0,0,0
X1,2012,19647,Automatic,146508,Petrol,153,47.5,3.0,11,1,0,0,Petrol,7,0,4,0,0
3 Series,2012,27902,Automatic,17490,Diesel,67,39.4,4.0,11,1,0,0,Diesel,2,0,0,1,0
5 Series,2021,53348,Automatic,53136,Petrol,40,34.1,3.0,2,1,0,0,Petrol,4,0,4,2,1
3 Series,2016,61631,Automatic,23236,Petrol,14,45.1,1.5,7,1,0,0,Petrol,2,0,4,2,1
5 Series,2010,3000,Automatic,146995,Petrol,278,50.8,4.0,13,1,0,0,Petrol,4,0,4,0,0
X3,2018,22494,Automatic,145336,Diesel,168,45.4,3.5,5,1,0,0,Diesel,9,0,0,1,1
3 Series,2020,88578,Automatic,68147,Petrol,133,53.1,1.5,3,1,0,0,Petrol,2,0,4,2,1
X1,2015,41024,Automatic,8928,Diesel,198,27.1,2.0,8,1,0,0,Diesel,7,0,0,1,0
5 Series,2013,12517,Semi-Auto,57369,Diesel,237,34.9,3.0,10,0,0,1,Diesel,4,2,0,0,0
X3,2012,18214,Automatic,67403,Diesel,111,32.5,1.5,11,1,0,0,Diesel,9,0,0,0,0
X4,2012,3000,Manual,98225,Diesel,51,27.8,2.5,11,0,1,0,Diesel,10,1,0,0,0
X5,2011,13149,Automatic,46213,Petrol,136,37.7,5.0,12,1,0,0,Petrol,11,0,4,0,0
3 Series,2011,6616,Automatic,99631,Petrol,254,57.9,2.0,12,1,0,0,Petrol,2,0,4,0,0
1 Series,2021,66375,Manual,4816,Diesel,114,41.5,2.0,2,0,1,0,Diesel,0,1,0,2,1
3 Series,2022,33118,Automatic,99162,Diesel,157,31.5,3.0,1,1,0,0,Diesel,2,0,0,1,1
X1,2019,25227,Semi-Auto,48838,Diesel,299,34.2,1.5,4,0,0,1,Diesel,7,2,0,1,1
1 Series,2014,3000,Manual,143645,Diesel,263,44.5,3.5,9,0,1,0,Diesel,0,1,0,0,0
5 Series,2018,14002,Automatic,66364,Petrol,98,34.1,2.0,5,1,0,0,Petrol,4,0,4,0,1
X1,2011,3000,Automatic,145229,Diesel,120,41.5,2.5,12,1,0,0,Diesel,7,0,0,0,0
3 Series,2011,29733,Automatic,10322,Petrol,89,31.0,2.0,12,1,0,0,Petrol,2,0,4,1,0
X5,2021,63902,Automatic,120024,Hybrid,29,33.8,3.0,2,1,0,0,Hybrid,11,0,2,2,1
1 Series,2015,29411,Automatic,3482,Petrol,229,48.2,3.0,8,1,0,0,Petrol,0,0,4,1,0
1 Series,2022,88104,Automatic,36867,Diesel,138,43.4,4.4,1,1,0,0,Diesel,0,0,0,2,1
X3,2019,83711,Automatic,80211,Petrol,253,23.7,2.5,4,1,0,0,Petrol,9,0,4,2,1
5 Series,2011,3708,Automatic,96956,Diesel,30,58.9,4.0,12,1,0,0,Diesel,4,0,0,0,0
X3,2021,11043,Manual,109052,Electric,161,22.0,3.0,2,0,1,0,Electric,9,1,1,0,1
5 Series,2013,16283,Manual,80386,Petrol,155,23.3,4.4,10,0,1,0,Petrol,4,1,4,0,0
3 Series,2015,27403,Automatic,7732,Petrol,116,48.1,2.0,8,1,0,0,Petrol,2,0,4,1,0
X6,2014,64631,Manual,35422,Petrol,190,48.3,2.5,9,0,1,0,Petrol,12,1,4,2,0
X6,2010,28615,Automatic,77964,Diesel,175,20.8,2.5,13,1,0,0,Diesel,12,0,0,1,0
X3,2015,11637,Automatic,57284,Petrol,4,45.7,1.5,8,1,0,0,Petrol,9,0,4,0,0
3 Series,2010,15809,Automatic,129575,Diesel,11,21.3,3.0,13,1,0,0,Diesel,2,0,0,0,0
X1,2012,98424,Automatic,12311,Petrol,58,58.4,3.5,11,1,0,0,Petrol,7,0,4,2,0
5 Series,2019,32499,Automatic,130507,Diesel,298,47.8,3.0,4,1,0,0,Diesel,4,0,0,1,1
1 Series,2014,3000,Manual,77000,Diesel,249,27.5,2.0,9,0,1,0,Diesel,0,1,0,0,0
X2,2019,3000,Semi-Auto,129259,Diesel,92,26.3,2.0,4,0,0,1,Diesel,8,2,0,0,1
1 Series,2022,18596,Automatic,46311,Diesel,110,42.8,2.0,1,1,0,0,Diesel,0,0,0,0,1
X7,2014,81192,Manual,11300,Petrol,294,45.3,5.0,9,0,1,0,Petrol,13,1,4,2,0
5 Series,2022,62116,Automatic,66375,Diesel,16,53.2,2.5,1,1,0,0,Diesel,4,0,0,2,1
3 Series,2019,48846,Automatic,35563,Diesel,219,56.1,2.5,4,1,0,0,Diesel,2,0,0,1,1
7 Series,2015,21379,Manual,122227,Diesel,298,35.7,2.5,8,0,1,0,Diesel,6,1,0,0,0
4 Series,2021,10747,Automatic,80244,Petrol,4,53.8,2.0,2,1,0,0,Petrol,3,0,4,0,1
X5,2019,41035,Automatic,129161,Diesel,128,41.7,2.0,4,1,0,0,Diesel,11,0,0,1,1
X6,2017,34504,Automatic,126307,Other,111,38.8,2.5,6,1,0,0,Other,12,0,3,1,1
X3,2014,20853,Automatic,115687,Electric,23,48.0,3.5,9,1,0,0,Electric,9,0,1,0,0
X3,2020,67333,Automatic,17328,Diesel,28,24.1,4.0,3,1,0,0,Diesel,9,0,0,2,1
2 Series,2010,44167,Automatic,138286,Diesel,131,30.6,4.0,13,1,0,0,Diesel,1,0,0,1,0
3 Series,2014,19622,Automatic,36377,Petrol,43,52.7,4.4,9,1,0,0,Petrol,2,0,4,0,0
5 Series,2012,20874,Automatic,91257,Petrol,206,40.2,2.0,11,1,0,0,Petrol,4,0,4,0,0
3 Series,2013,65228,Automatic,19610,Diesel,215,56.3,1.5,10,1,0,0,Diesel,2,0,0,2,0
i3,2022,26583,Automatic,56082,Petrol,243,23.5,2.0,1,1,0,0,Petrol,15,0,4,1,1
X4,2017,15901,Manual,24226,Petrol,30,32.5,3.0,6,0,1,0,Petrol,10,1,4,0,1
1 Series,2016,58224,Automatic,28677,Diesel,265,34.2,3.0,7,1,0,0,Diesel,0,0,0,2,1
X3,2020,44936,Automatic,142370,Electric,10,36.9,3.0,3,1,0,0,Electric,9,0,1,1,1
X2,2014,64432,Automatic,36848,Hybrid,81,59.5,2.5,9,1,0,0,Hybrid,8,0,2,2,0
3 Series,2011,24712,Automatic,100291,Petrol,155,32.4,2.5,12,1,0,0,Petrol,2,0,4,1,0
X1,2015,3000,Automatic,125227,Hybrid,165,40.7,2.5,8,1,0,0,Hybrid,7,0,2,0,0
X2,2020,11068,Automatic,64654,Petrol,207,41.4,1.5,3,1,0,0,Petrol,8,0,4,0,1
1 Series,2015,48315,Semi-Auto,18744,Diesel,23,50.8,3.5,8,0,0,1,Diesel,0,2,0,1,0
X3,2019,47195,Automatic,106850,Diesel,294,40.7,4.4,4,1,0,0,Diesel,9,0,0,1,1
3 Series,2019,55405,Automatic,49001,Diesel,178,44.2,2.5,4,1,0,0,Diesel,2,0,0,2,1
X2,2020,18999,Automatic,60633,Electric,49,50.1,3.0,3,1,0,0,Electric,8,0,1,0,1
Z4,2015,75444,Automatic,49917,Petrol,6,24.0,2.5,8,1,0,0,Petrol,14,0,4,2,1
X4,2018,4825,Automatic,80804,Diesel,99,58.5,2.0,5,1,0,0,Diesel,10,0,0,0,1
5 Series,2020,99430,Automatic,1907,Petrol,80,53.9,1.5,3,1,0,0,Petrol,4,0,4,2,1
4 Series,2017,42216,Manual,92295,Diesel,240,35.6,2.0,6,0,1,0,Diesel,3,1,0,1,1
2 Series,2017,3000,Automatic,145836,Diesel,180,49.1,3.0,6,1,0,0,Diesel,1,0,0,0,1
3 Series,2010,3000,Manual,140462,Diesel,292,50.5,1.5,13,0,1,0,Diesel,2,1,0,0,0
X6,2014,84240,Automatic,31172,Diesel,82,54.0,3.5,9,1,0,0,Diesel,12,0,0,2,0
1 Series,2016,50875,Automatic,124936,Diesel,53,27.5,5.0,7,1,0,0,Diesel,0,0,0,2,1
X1,2015,44455,Automatic,104512,Diesel,89,48.1,1.5,8,1,0,0,Diesel,7,0,0,1,0
3 Series,2014,11080,Automatic,49196,Petrol,202,21.3,2.0,9,1,0,0,Petrol,2,0,4,0,0
1 Series,2017,12428,Semi-Auto,69901,Diesel,30,24.6,3.0,6,0,0,1,Diesel,0,2,0,0,1
1 Series,2012,11380,Automatic,138023,Electric,192,51.0,3.5,11,1,0,0,Electric,0,0,1,0,0
X3,2015,41504,Automatic,16175,Diesel,99,52.5,2.5,8,1,0,0,Diesel,9,0,0,1,0
3 Series,2014,33765,Semi-Auto,143099,Petrol,88,43.7,2.5,9,0,0,1,Petrol,2,2,4,1,0
X3,2017,59306,Manual,108809,Petrol,122,43.3,4.0,6,0,1,0,Petrol,9,1,4,2,1
1 Series,2013,15548,Manual,76630,Diesel,46,50.0,2.5,10,0,1,0,Diesel,0,1,0,0,0
3 Series,2017,3000,Semi-Auto,89617,Diesel,145,56.2,1.5,6,0,0,1,Diesel,2,2,0,0,1
7 Series,2019,29078,Automatic,144239,Petrol,2,36.8,6.0,4,1,0,0,Petrol,6,0,4,1,1
X6,2011,3000,Manual,128310,Diesel,17,24.6,2.0,12,0,1,0,Diesel,12,1,0,0,0
3 Series,2018,66379,Automatic,67556,Hybrid,80,53.6,1.5,5,1,0,0,Hybrid,2,0,2,2,1
X1,2022,10872,Manual,103148,Diesel,152,33.7,2.5,1,0,1,0,Diesel,7,1,0,0,1
4 Series,2018,24699,Manual,11485,Petrol,298,25.4,2.0,5,0,1,0,Petrol,3,1,4,1,1
X1,2019,60804,Automatic,104746,Hybrid,66,44.6,5.0,4,1,0,0,Hybrid,7,0,2,2,1
3 Series,2019,29741,Manual,107255,Diesel,88,43.1,2.5,4,0,1,0,Diesel,2,1,0,1,1
1 Series,2022,103799,Automatic,9802,Diesel,134,39.0,3.5,1,1,0,0,Diesel,0,0,0,2,1
4 Series,2015,12691,Automatic,34314,Petrol,201,54.4,2.0,8,1,0,0,Petrol,3,0,4,0,0
1 Series,2013,32354,Automatic,20565,Diesel,178,30.9,2.0,10,1,0,0,Diesel,0,0,0,1,0
4 Series,2013,9905,Semi-Auto,94153,Diesel,78,20.5,3.0,10,0,0,1,Diesel,3,2,0,0,0
7 Series,2022,68513,Automatic,92145,Diesel,84,32.9,4.4,1,1,0,0,Diesel,6,0,0,2,1
X4,2015,81220,Automatic,45233,Petrol,20,20.4,2.0,8,1,0,0,Petrol,10,0,4,2,1
X6,2014,69171,Automatic,49384,Diesel,164,41.7,3.0,9,1,0,0,Diesel,12,0,0,2,0
i8,2015,46754,Semi-Auto,79253,Petrol,27,35.1,1.5,8,0,0,1,Petrol,16,2,4,1,0
5 Series,2016,76146,Automatic,38669,Petrol,236,52.6,3.5,7,1,0,0,Petrol,4,0,4,2,1
X5,2016,13784,Manual,143914,Diesel,287,51.9,4.4,7,0,1,0,Diesel,11,1,0,0,0
5 Series,2018,55253,Manual,65099,Diesel,184,37.4,3.0,5,0,1,0,Diesel,4,1,0,2,1
5 Series,2017,30553,Automatic,105012,Petrol,154,28.7,3.0,6,1,0,0,Petrol,4,0,4,1,1
X1,2022,45751,Automatic,134154,Petrol,122,36.9,1.5,1,1,0,0,Petrol,7,0,4,1,1
4 Series,2015,41076,Manual,125878,Diesel,86,45.7,1.5,8,0,1,0,Diesel,3,1,0,1,0
i3,2021,46318,Semi-Auto,10795,Diesel,201,27.6,2.0,2,0,0,1,Diesel,15,2,0,1,1
X5,2015,7393,Manual,46309,Diesel,39,50.9,2.0,8,0,1,0,Diesel,11,1,0,0,0
5 Series,2014,65909,Automatic,21180,Petrol,168,33.2,3.5,9,1,0,0,Petrol,4,0,4,2,0
5 Series,2010,51346,Manual,47335,Petrol,69,57.3,2.5,13,0,1,0,Petrol,4,1,4,2,0
X5,2018,14820,Automatic,93887,Diesel,279,40.5,1.5,5,1,0,0,Diesel,11,0,0,0,1
3 Series,2018,3000,Automatic,123352,Diesel,26,53.9,4.0,5,1,0,0,Diesel,2,0,0,0,1
1 Series,2018,62909,Manual,103267,Diesel,130,44.6,6.0,5,0,1,0,Diesel,0,1,0,2,1
5 Series,2020,61105,Automatic,78402,Diesel,276,42.2,2.5,3,1,0,0,Diesel,4,0,0,2,1
3 Series,2017,13904,Manual,111551,Diesel,294,47.3,2.5,6,0,1,0,Diesel,2,1,0,0,1
3 Series,2022,68908,Automatic,102010,Hybrid,287,52.5,1.5,1,1,0,0,Hybrid,2,0,2,2,1
3 Series,2019,18280,Manual,81808,Petrol,253,45.8,2.5,4,0,1,0,Petrol,2,1,4,0,1
1 Series,2022,46230,Automatic,121823,Diesel,84,51.9,2.5,1,1,0,0,Diesel,0,0,0,1,1
1 Series,2012,3000,Automatic,121469,Petrol,8,27.6,5.0,11,1,0,0,Petrol,0,0,4,0,0
i3,2010,46126,Manual,72922,Petrol,49,31.1,3.0,13,0,1,0,Petrol,15,1,4,1,0
5 Series,2020,10484,Automatic,71874,Petrol,0,29.2,3.5,3,1,0,0,Petrol,4,0,4,0,1
5 Series,2021,34881,Automatic,118253,Petrol,3,51.9,2.0,2,1,0,0,Petrol,4,0,4,1,1
X3,2021,47933,Semi-Auto,61361,Hybrid,3,23.4,2.5,2,0,0,1,Hybrid,9,2,2,1,1
3 Series,2017,64643,Automatic,74836,Diesel,89,51.8,2.0,6,1,0,0,Diesel,2,0,0,2,1
X4,2016,75455,Semi-Auto,25641,Diesel,161,35.6,4.0,7,0,0,1,Diesel,10,2,0,2,1
X5,2022,61777,Automatic,70833,Diesel,154,23.2,2.0,1,1,0,0,Diesel,11,0,0,2,1
1 Series,2014,3000,Automatic,121899,Diesel,14,37.0,2.5,9,1,0,0,Diesel,0,0,0,0,0
5 Series,2019,45679,Manual,114398,Petrol,31,32.0,1.5,4,0,1,0,Petrol,4,1,4,1,1
4 Series,2016,3000,Automatic,147273,Diesel,62,43.7,3.0,7,1,0,0,Diesel,3,0,0,0,0
X4,2019,24422,Automatic,47129,Diesel,107,38.9,2.5,4,1,0,0,Diesel,10,0,0,1,1
5 Series,2013,76222,Automatic,34808,Petrol,13,31.9,2.5,10,1,0,0,Petrol,4,0,4,2,0
X1,2018,3000,Manual,79346,Diesel,22,54.5,2.0,5,0,1,0,Diesel,7,1,0,0,1
3 Series,2020,34626,Automatic,74524,Petrol,110,36.3,2.5,3,1,0,0,Petrol,2,0,4,1,1
i8,2019,68856,Automatic,57625,Diesel,159,38.8,3.0,4,1,0,0,Diesel,16,0,0,2,1
3 Series,2011,11246,Automatic,41327,Diesel,40,53.9,5.0,12,1,0,0,Diesel,2,0,0,0,0
X4,2018,86354,Automatic,22483,Other,281,23.6,1.5,5,1,0,0,Other,10,0,3,2,1
X1,2018,20643,Automatic,132575,Petrol,143,35.6,4.4,5,1,0,0,Petrol,7,0,4,0,1
X1,2014,11103,Automatic,71880,Diesel,287,36.1,2.5,9,1,0,0,Diesel,7,0,0,0,0
7 Series,2020,23421,Automatic,9947,Diesel,152,39.8,2.0,3,1,0,0,Diesel,6,0,0,1,1
3 Series,2010,3000,Automatic,141605,Petrol,81,24.2,3.0,13,1,0,0,Petrol,2,0,4,0,0
3 Series,2016,26108,Automatic,41916,Diesel,225,24.1,2.5,7,1,0,0,Diesel,2,0,0,1,0
3 Series,2019,47149,Automatic,126468,Petrol,151,36.7,2.0,4,1,0,0,Petrol,2,0,4,1,1
3 Series,2019,52143,Automatic,8012,Petrol,258,21.3,3.0,4,1,0,0,Petrol,2,0,4,2,1
X5,2013,62441,Manual,16213,Petrol,78,30.2,2.5,10,0,1,0,Petrol,11,1,4,2,0
5 Series,2018,29458,Automatic,147284,Diesel,194,28.0,3.0,5,1,0,0,Diesel,4,0,0,1,1
1 Series,2015,53305,Automatic,96660,Petrol,222,39.6,3.0,8,1,0,0,Petrol,0,0,4,2,0
X7,2022,42778,Automatic,61188,Diesel,265,20.4,2.5,1,1,0,0,Diesel,13,0,0,1,1
4 Series,2012,32764,Automatic,47576,Petrol,229,47.0,2.5,11,1,0,0,Petrol,3,0,4,1,0
X2,2015,44456,Manual,11711,Petrol,149,54.2,1.5,8,0,1,0,Petrol,8,1,4,1,0
i8,2022,63346,Semi-Auto,10515,Petrol,135,48.3,2.5,1,0,0,1,Petrol,16,2,4,2,1
3 Series,2019,40735,Automatic,134496,Diesel,122,52.7,2.0,4,1,0,0,Diesel,2,0,0,1,1
5 Series,2015,73661,Automatic,45344,Petrol,109,45.7,1.5,8,1,0,0,Petrol,4,0,4,2,0
X5,2014,3000,Automatic,60595,Petrol,142,40.3,2.5,9,1,0,0,Petrol,11,0,4,0,0
X3,2011,29509,Automatic,10200,Diesel,69,28.8,1.5,12,1,0,0,Diesel,9,0,0,1,0
3 Series,2019,18941,Manual,135288,Diesel,53,31.2,3.0,4,0,1,0,Diesel,2,1,0,0,1
X6,2019,47214,Automatic,1016,Petrol,39,32.7,2.5,4,1,0,0,Petrol,12,0,4,1,1
3 Series,2011,48121,Automatic,103974,Diesel,196,21.5,3.5,12,1,0,0,Diesel,2,0,0,1,0
3 Series,2016,3000,Automatic,101927,Petrol,26,56.5,2.0,7,1,0,0,Petrol,2,0,4,0,0
7 Series,2011,5683,Manual,79886,Diesel,298,56.0,2.5,12,0,1,0,Diesel,6,1,0,0,0
X1,2021,27463,Automatic,115817,Petrol,179,24.3,3.0,2,1,0,0,Petrol,7,0,4,1,1
X1,2015,3121,Semi-Auto,146522,Petrol,45,42.3,6.0,8,0,0,1,Petrol,7,2,4,0,0
1 Series,2014,3000,Automatic,133545,Petrol,141,38.7,4.4,9,1,0,0,Petrol,0,0,4,0,0
4 Series,2013,41773,Automatic,26525,Petrol,97,47.3,2.5,10,1,0,0,Petrol,3,0,4,1,0
3 Series,2016,57130,Manual,43028,Diesel,125,44.1,3.0,7,0,1,0,Diesel,2,1,0,2,1
1 Series,2017,24799,Automatic,53047,Petrol,57,25.0,2.5,6,1,0,0,Petrol,0,0,4,1,1
4 Series,2013,44749,Automatic,31110,Petrol,176,46.4,2.5,10,1,0,0,Petrol,3,0,4,1,0
X7,2010,48286,Automatic,102040,Diesel,206,44.4,3.0,13,1,0,0,Diesel,13,0,0,1,0
4 Series,2010,3000,Automatic,120786,Diesel,284,41.2,2.5,13,1,0,0,Diesel,3,0,0,0,0
X6,2010,14294,Automatic,93424,Petrol,153,36.1,2.0,13,1,0,0,Petrol,12,0,4,0,0
X3,2020,3000,Semi-Auto,134018,Petrol,26,58.2,3.0,3,0,0,1,Petrol,9,2,4,0,1
X1,2010,72460,Automatic,16740,Petrol,162,54.0,4.0,13,1,0,0,Petrol,7,0,4,2,0
1 Series,2014,3000,Manual,115988,Petrol,249,43.4,2.0,9,0,1,0,Petrol,0,1,4,0,0
5 Series,2013,56542,Automatic,75712,Petrol,187,20.3,3.0,10,1,0,0,Petrol,4,0,4,2,0
5 Series,2022,56945,Automatic,96402,Petrol,89,37.3,2.5,1,1,0,0,Petrol,4,0,4,2,1
3 Series,2018,87310,Automatic,38269,Diesel,130,48.0,2.5,5,1,0,0,Diesel,2,0,0,2,1
X3,2012,68578,Semi-Auto,39682,Other,297,24.7,3.0,11,0,0,1,Other,9,2,3,2,0
5 Series,2016,6207,Manual,121359,Diesel,12,36.3,4.4,7,0,1,0,Diesel,4,1,0,0,0
1 Series,2020,21398,Manual,33850,Petrol,28,27.7,2.5,3,0,1,0,Petrol,0,1,4,0,1
3 Series,2017,44903,Automatic,42132,Diesel,264,33.5,3.5,6,1,0,0,Diesel,2,0,0,1,1
X3,2015,21202,Automatic,137876,Diesel,31,21.1,2.5,8,1,0,0,Diesel,9,0,0,0,0
1 Series,2021,76454,Automatic,86061,Diesel,149,25.1,3.5,2,1,0,0,Diesel,0,0,0,2,1
2 Series,2022,19226,Semi-Auto,53034,Diesel,85,38.2,3.5,1,0,0,1,Diesel,1,2,0,0,1
5 Series,2019,78574,Automatic,46061,Diesel,57,55.9,3.5,4,1,0,0,Diesel,4,0,0,2,1
5 Series,2022,16940,Automatic,79348,Petrol,56,39.6,6.0,1,1,0,0,Petrol,4,0,4,0,1
X1,2010,3000,Automatic,115892,Diesel,24,38.1,2.0,13,1,0,0,Diesel,7,0,0,0,0
X6,2017,8420,Automatic,46952,Petrol,189,51.5,2.5,6,1,0,0,Petrol,12,0,4,0,1
3 Series,2019,75387,Automatic,96996,Petrol,75,30.7,3.0,4,1,0,0,Petrol,2,0,4,2,1
X3,2012,10984,Manual,126982,Petrol,224,23.8,3.0,11,0,1,0,Petrol,9,1,4,0,0
X1,2017,55589,Automatic,60379,Diesel,182,28.4,3.5,6,1,0,0,Diesel,7,0,0,2,1
3 Series,2021,33915,Manual,107120,Diesel,153,51.7,1.5,2,0,1,0,Diesel,2,1,0,1,1
4 Series,2013,22949,Manual,128852,Hybrid,268,47.1,3.0,10,0,1,0,Hybrid,3,1,2,1,0
X6,2017,25220,Automatic,99111,Petrol,277,23.7,3.0,6,1,0,0,Petrol,12,0,4,1,1
X3,2020,15674,Automatic,37516,Petrol,22,46.7,1.5,3,1,0,0,Petrol,9,0,4,0,1
2 Series,2010,47801,Automatic,72114,Diesel,13,57.3,2.5,13,1,0,0,Diesel,1,0,0,1,0
4 Series,2012,3000,Semi-Auto,123078,Hybrid,93,21.8,2.0,11,0,0,1,Hybrid,3,2,2,0,0
X3,2015,34759,Automatic,130657,Diesel,51,44.7,3.5,8,1,0,0,Diesel,9,0,0,1,0
2 Series,2018,51288,Automatic,62240,Petrol,40,35.2,1.5,5,1,0,0,Petrol,1,0,4,2,1
X3,2011,66610,Automatic,42798,Diesel,163,40.0,2.0,12,1,0,0,Diesel,9,0,0,2,0
X3,2020,62720,Automatic,119371,Petrol,5,41.1,2.0,3,1,0,0,Petrol,9,0,4,2,1
X1,2010,25142,Automatic,67473,Diesel,137,50.8,1.5,13,1,0,0,Diesel,7,0,0,1,0
X5,2019,46113,Automatic,126811,Diesel,98,42.3,3.0,4,1,0,0,Diesel,11,0,0,1,1
3 Series,2012,30064,Manual,132496,Petrol,223,43.7,4.0,11,0,1,0,Petrol,2,1,4,1,0
4 Series,2013,5665,Manual,110806,Diesel,29,33.3,2.5,10,0,1,0,Diesel,3,1,0,0,0
4 Series,2020,20151,Automatic,135123,Diesel,224,25.0,2.0,3,1,0,0,Diesel,3,0,0,0,1
1 Series,2014,14507,Automatic,102209,Electric,260,47.3,2.5,9,1,0,0,Electric,0,0,1,0,0
X6,2012,3000,Manual,97878,Other,246,20.0,2.5,11,0,1,0,Other,12,1,3,0,0
1 Series,2022,70783,Automatic,78774,Petrol,78,33.1,2.5,1,1,0,0,Petrol,0,0,4,2,1
3 Series,2019,53158,Manual,28786,Petrol,184,28.7,2.5,4,0,1,0,Petrol,2,1,4,2,1
X5,2020,72880,Automatic,96204,Diesel,298,35.5,3.0,3,1,0,0,Diesel,11,0,0,2,1
3 Series,2011,39108,Automatic,133339,Electric,179,32.5,2.5,12,1,0,0,Electric,2,0,1,1,0
X6,2011,12648,Automatic,20650,Other,76,48.2,3.0,12,1,0,0,Other,12,0,3,0,0
2 Series,2016,77360,Automatic,8017,Diesel,261,30.4,2.5,7,1,0,0,Diesel,1,0,0,2,1
7 Series,2018,44893,Manual,141921,Petrol,228,42.4,1.5,5,0,1,0,Petrol,6,1,4,1,1
1 Series,2019,34293,Automatic,63453,Petrol,1,38.2,4.4,4,1,0,0,Petrol,0,0,4,1,1
3 Series,2011,56244,Automatic,68762,Diesel,16,52.0,2.0,12,1,0,0,Diesel,2,0,0,2,0
X1,2016,28894,Automatic,136460,Diesel,11,37.1,2.5,7,1,0,0,Diesel,7,0,0,1,0
i3,2016,46078,Manual,68958,Diesel,181,54.6,4.4,7,0,1,0,Diesel,15,1,0,1,1
X1,2020,20013,Automatic,78568,Diesel,6,20.0,2.0,3,1,0,0,Diesel,7,0,0,0,1
3 Series,2016,59885,Manual,73852,Diesel,245,44.2,1.5,7,0,1,0,Diesel,2,1,0,2,1
X1,2012,21747,Automatic,134915,Diesel,156,20.4,2.5,11,1,0,0,Diesel,7,0,0,1,0
7 Series,2021,52846,Automatic,29015,Petrol,173,48.6,2.0,2,1,0,0,Petrol,6,0,4,2,1
X5,2016,26029,Manual,47546,Petrol,180,29.4,3.0,7,0,1,0,Petrol,11,1,4,1,0
1 Series,2010,43619,Automatic,52055,Diesel,280,35.2,3.5,13,1,0,0,Diesel,0,0,0,1,0
X5,2019,29702,Automatic,103528,Hybrid,236,35.2,2.5,4,1,0,0,Hybrid,11,0,2,1,1
7 Series,2010,23534,Automatic,104283,Petrol,156,53.9,3.0,13,1,0,0,Petrol,6,0,4,1,0
X7,2014,80993,Automatic,50577,Petrol,250,24.1,3.0,9,1,0,0,Petrol,13,0,4,2,0
3 Series,2011,29476,Automatic,30415,Petrol,220,46.7,3.5,12,1,0,0,Petrol,2,0,4,1,0
X1,2018,3000,Automatic,147757,Petrol,222,59.3,3.0,5,1,0,0,Petrol,7,0,4,0,1
X4,2016,24576,Automatic,16963,Petrol,210,20.9,5.0,7,1,0,0,Petrol,10,0,4,1,1
1 Series,2013,70205,Automatic,63415,Diesel,133,58.6,2.5,10,1,0,0,Diesel,0,0,0,2,0
X4,2013,57474,Automatic,57400,Petrol,258,20.7,1.5,10,1,0,0,Petrol,10,0,4,2,0
X3,2011,3000,Automatic,115731,Diesel,34,53.6,2.5,12,1,0,0,Diesel,9,0,0,0,0
1 Series,2014,11594,Semi-Auto,56450,Petrol,182,58.4,3.5,9,0,0,1,Petrol,0,2,4,0,0
3 Series,2013,19286,Manual,87962,Petrol,160,59.7,2.0,10,0,1,0,Petrol,2,1,4,0,0
X3,2021,9608,Automatic,119639,Diesel,92,38.4,3.0,2,1,0,0,Diesel,9,0,0,0,1
1 Series,2022,64382,Automatic,29842,Diesel,196,54.7,2.5,1,1,0,0,Diesel,0,0,0,2,1
X1,2010,55338,Semi-Auto,17531,Petrol,205,24.9,4.4,13,0,0,1,Petrol,7,2,4,2,0
3 Series,2021,60172,Automatic,134242,Diesel,17,37.0,3.0,2,1,0,0,Diesel,2,0,0,2,1
X1,2017,12216,Automatic,122843,Petrol,233,32.3,3.0,6,1,0,0,Petrol,7,0,4,0,1
1 Series,2012,37305,Manual,139369,Petrol,65,35.8,4.0,11,0,1,0,Petrol,0,1,4,1,0
4 Series,2015,85462,Automatic,5163,Diesel,243,48.1,4.4,8,1,0,0,Diesel,3,0,0,2,1
Z4,2013,14661,Automatic,41794,Diesel,275,23.5,2.5,10,1,0,0,Diesel,14,0,0,0,0
X7,2018,61766,Semi-Auto,42787,Diesel,198,59.9,4.4,5,0,0,1,Diesel,13,2,0,2,1
X5,2016,3000,Automatic,109248,Petrol,17,45.4,1.5,7,1,0,0,Petrol,11,0,4,0,0
1 Series,2018,73845,Automatic,58219,Diesel,71,54.9,3.5,5,1,0,0,Diesel,0,0,0,2,1
X5,2019,30383,Automatic,102243,Petrol,154,53.2,2.5,4,1,0,0,Petrol,11,0,4,1,1
1 Series,2012,22352,Automatic,111224,Diesel,169,50.6,2.5,11,1,0,0,Diesel,0,0,0,1,0
1 Series,2010,57730,Manual,25448,Petrol,281,21.6,3.5,13,0,1,0,Petrol,0,1,4,2,0
3 Series,2014,3000,Automatic,57437,Diesel,150,40.7,3.0,9,1,0,0,Diesel,2,0,0,0,0
5 Series,2012,37248,Automatic,29299,Petrol,260,33.1,2.5,11,1,0,0,Petrol,4,0,4,1,0
X5,2015,41863,Semi-Auto,78093,Other,79,24.5,2.0,8,0,0,1,Other,11,2,3,1,0
X3,2017,27731,Automatic,146168,Petrol,105,33.7,4.4,6,1,0,0,Petrol,9,0,4,1,1
5 Series,2020,3000,Automatic,126113,Diesel,10,45.8,2.5,3,1,0,0,Diesel,4,0,0,0,1
3 Series,2022,74924,Automatic,100317,Petrol,207,29.2,2.0,1,1,0,0,Petrol,2,0,4,2,1
i8,2013,29003,Automatic,139463,Petrol,129,37.8,3.0,10,1,0,0,Petrol,16,0,4,1,0
5 Series,2014,21195,Automatic,75891,Petrol,170,36.2,2.5,9,1,0,0,Petrol,4,0,4,0,0
5 Series,2014,53418,Semi-Auto,41286,Diesel,32,22.1,3.0,9,0,0,1,Diesel,4,2,0,2,0
3 Series,2013,8282,Manual,92353,Petrol,23,45.1,2.0,10,0,1,0,Petrol,2,1,4,0,0
X6,2013,22317,Automatic,112027,Petrol,196,44.8,2.5,10,1,0,0,Petrol,12,0,4,1,0
X3,2013,41192,Automatic,38595,Petrol,45,58.7,5.0,10,1,0,0,Petrol,9,0,4,1,0
3 Series,2013,3000,Automatic,129840,Electric,273,31.9,4.4,10,1,0,0,Electric,2,0,1,0,0
1 Series,2013,55715,Automatic,63740,Petrol,230,36.8,4.0,10,1,0,0,Petrol,0,0,4,2,0
X3,2014,74789,Automatic,51929,Petrol,132,36.1,3.5,9,1,0,0,Petrol,9,0,4,2,0
X3,2011,47354,Semi-Auto,33827,Hybrid,263,56.8,2.0,12,0,0,1,Hybrid,9,2,2,1,0
3 Series,2011,59587,Automatic,27209,Hybrid,84,36.3,2.5,12,1,0,0,Hybrid,2,0,2,2,0
X7,2018,9013,Automatic,98654,Petrol,4,37.7,3.0,5,1,0,0,Petrol,13,0,4,0,1
3 Series,2011,24593,Automatic,109947,Diesel,268,30.1,2.0,12,1,0,0,Diesel,2,0,0,1,0
5 Series,2015,34304,Automatic,74396,Petrol,220,20.0,1.5,8,1,0,0,Petrol,4,0,4,1,0
X4,2011,30781,Automatic,145878,Petrol,193,24.4,2.5,12,1,0,0,Petrol,10,0,4,1,0
5 Series,2014,36002,Automatic,114254,Diesel,68,48.2,2.5,9,1,0,0,Diesel,4,0,0,1,0
X1,2013,3000,Automatic,81000,Diesel,287,47.3,1.5,10,1,0,0,Diesel,7,0,0,0,0
5 Series,2021,33797,Automatic,39865,Petrol,175,32.9,2.5,2,1,0,0,Petrol,4,0,4,1,1
3 Series,2016,39147,Automatic,138530,Petrol,238,38.9,4.4,7,1,0,0,Petrol,2,0,4,1,1
i3,2016,23459,Automatic,10151,Petrol,178,31.9,2.0,7,1,0,0,Petrol,15,0,4,1,0
5 Series,2022,7775,Automatic,131759,Diesel,255,49.2,3.0,1,1,0,0,Diesel,4,0,0,0,1
6 Series,2015,59907,Manual,73024,Electric,210,53.7,2.5,8,0,1,0,Electric,5,1,1,2,0
3 Series,2019,3000,Automatic,125001,Petrol,226,56.0,4.0,4,1,0,0,Petrol,2,0,4,0,1
3 Series,2014,36119,Automatic,44183,Diesel,71,27.0,3.0,9,1,0,0,Diesel,2,0,0,1,0
1 Series,2010,3000,Automatic,63323,Petrol,64,47.8,2.0,13,1,0,0,Petrol,0,0,4,0,0
X3,2021,3000,Manual,124978,Diesel,165,58.5,2.0,2,0,1,0,Diesel,9,1,0,0,1
5 Series,2012,49291,Automatic,91254,Petrol,213,46.0,3.0,11,1,0,0,Petrol,4,0,4,2,0
4 Series,2018,3000,Automatic,143242,Diesel,16,34.0,1.5,5,1,0,0,Diesel,3,0,0,0,1
5 Series,2010,56793,Automatic,48284,Petrol,172,45.4,2.5,13,1,0,0,Petrol,4,0,4,2,0
X7,2014,9438,Automatic,141332,Hybrid,128,47.5,2.5,9,1,0,0,Hybrid,13,0,2,0,0
3 Series,2011,23738,Automatic,139708,Petrol,2,35.9,2.0,12,1,0,0,Petrol,2,0,4,1,0
4 Series,2013,3000,Automatic,103491,Petrol,247,24.2,2.5,10,1,0,0,Petrol,3,0,4,0,0
X5,2020,26241,Manual,37108,Diesel,69,44.3,2.5,3,0,1,0,Diesel,11,1,0,1,1
X5,2010,70375,Automatic,16941,Diesel,51,52.1,1.5,13,1,0,0,Diesel,11,0,0,2,0
2 Series,2012,3000,Automatic,73836,Petrol,258,59.9,3.5,11,1,0,0,Petrol,1,0,4,0,0
X5,2019,9681,Automatic,88719,Diesel,238,28.9,5.0,4,1,0,0,Diesel,11,0,0,0,1
X1,2016,19983,Automatic,8444,Diesel,93,48.0,2.0,7,1,0,0,Diesel,7,0,0,0,0
1 Series,2019,60040,Automatic,92291,Diesel,46,21.1,2.0,4,1,0,0,Diesel,0,0,0,2,1
1 Series,2012,46893,Manual,89598,Petrol,74,58.8,5.0,11,0,1,0,Petrol,0,1,4,1,0
X2,2013,3000,Semi-Auto,146682,Petrol,90,20.5,3.0,10,0,0,1,Petrol,8,2,4,0,0
X1,2011,75882,Automatic,67036,Electric,85,34.4,4.0,12,1,0,0,Electric,7,0,1,2,0
X6,2012,44755,Automatic,5554,Petrol,5,23.1,2.5,11,1,0,0,Petrol,12,0,4,1,0
5 Series,2018,18978,Automatic,26545,Diesel,229,44.8,2.5,5,1,0,0,Diesel,4,0,0,0,1
1 Series,2012,3000,Automatic,131745,Diesel,42,33.6,4.4,11,1,0,0,Diesel,0,0,0,0,0
1 Series,2020,79016,Automatic,62971,Petrol,197,49.3,2.5,3,1,0,0,Petrol,0,0,4,2,1
X3,2014,8369,Manual,47059,Petrol,181,39.5,3.0,9,0,1,0,Petrol,9,1,4,0,0
5 Series,2011,7129,Manual,138843,Hybrid,168,36.8,3.0,12,0,1,0,Hybrid,4,1,2,0,0
3 Series,2013,27788,Automatic,70468,Petrol,202,33.9,3.5,10,1,0,0,Petrol,2,0,4,1,0
5 Series,2021,34463,Automatic,27055,Diesel,193,23.4,5.0,2,1,0,0,Diesel,4,0,0,1,1
1 Series,2022,39110,Automatic,4567,Diesel,30,28.2,2.5,1,1,0,0,Diesel,0,0,0,1,1
X1,2016,96449,Automatic,27627,Petrol,101,45.6,2.0,7,1,0,0,Petrol,7,0,4,2,1
3 Series,2016,3753,Automatic,80944,Petrol,63,39.9,1.5,7,1,0,0,Petrol,2,0,4,0,0
X6,2021,3505,Automatic,96368,Hybrid,90,22.8,4.0,2,1,0,0,Hybrid,12,0,2,0,1
3 Series,2012,29220,Automatic,41785,Diesel,249,41.8,2.0,11,1,0,0,Diesel,2,0,0,1,0
5 Series,2014,80022,Automatic,25204,Petrol,182,22.2,1.5,9,1,0,0,Petrol,4,0,4,2,0
1 Series,2010,67363,Automatic,17643,Petrol,279,40.5,4.0,13,1,0,0,Petrol,0,0,4,2,0
1 Series,2019,47242,Manual,71561,Diesel,204,58.6,2.5,4,0,1,0,Diesel,0,1,0,1,1
5 Series,2019,77499,Automatic,38126,Diesel,88,32.3,3.5,4,1,0,0,Diesel,4,0,0,2,1
5 Series,2019,46584,Automatic,59126,Diesel,292,48.9,3.0,4,1,0,0,Diesel,4,0,0,1,1
X1,2020,17700,Automatic,83424,Electric,284,49.8,2.5,3,1,0,0,Electric,7,0,1,0,1
3 Series,2010,7184,Automatic,125453,Diesel,158,36.2,2.0,13,1,0,0,Diesel,2,0,0,0,0
X3,2014,5220,Automatic,46258,Diesel,129,43.7,2.5,9,1,0,0,Diesel,9,0,0,0,0
4 Series,2022,20718,Automatic,35527,Diesel,247,38.9,1.5,1,1,0,0,Diesel,3,0,0,0,1
X5,2019,76721,Automatic,24898,Petrol,139,31.3,3.0,4,1,0,0,Petrol,11,0,4,2,1
1 Series,2018,35215,Automatic,4794,Diesel,188,50.2,2.5,5,1,0,0,Diesel,0,0,0,1,1
5 Series,2010,3000,Semi-Auto,146770,Diesel,90,48.1,2.0,13,0,0,1,Diesel,4,2,0,0,0
1 Series,2010,8755,Automatic,144404,Petrol,55,56.0,2.5,13,1,0,0,Petrol,0,0,4,0,0
3 Series,2013,92376,Automatic,10593,Petrol,225,44.7,3.5,10,1,0,0,Petrol,2,0,4,2,0
i3,2013,62468,Automatic,59132,Diesel,164,35.5,5.0,10,1,0,0,Diesel,15,0,0,2,0
1 Series,2011,49406,Automatic,121973,Diesel,35,48.6,2.5,12,1,0,0,Diesel,0,0,0,2,0
5 Series,2018,45362,Manual,102633,Electric,28,44.8,2.0,5,0,1,0,Electric,4,1,1,1,1
X1,2018,96106,Automatic,12036,Diesel,79,44.7,3.5,5,1,0,0,Diesel,7,0,0,2,1
X3,2022,61003,Automatic,95097,Petrol,168,54.0,3.0,1,1,0,0,Petrol,9,0,4,2,1
X1,2022,86296,Automatic,54164,Diesel,32,56.4,5.0,1,1,0,0,Diesel,7,0,0,2,1
1 Series,2011,22365,Automatic,59413,Petrol,92,27.2,2.5,12,1,0,0,Petrol,0,0,4,1,0
3 Series,2018,32645,Manual,19059,Petrol,111,32.6,2.5,5,0,1,0,Petrol,2,1,4,1,1
7 Series,2015,48913,Automatic,28188,Petrol,208,46.0,5.0,8,1,0,0,Petrol,6,0,4,1,0
1 Series,2017,51363,Automatic,99591,Diesel,193,42.3,2.5,6,1,0,0,Diesel,0,0,0,2,1
5 Series,2019,50467,Manual,82795,Petrol,263,46.1,1.5,4,0,1,0,Petrol,4,1,4,2,1
1 Series,2022,24411,Manual,12829,Petrol,246,37.3,2.5,1,0,1,0,Petrol,0,1,4,1,1
1 Series,2022,29805,Automatic,74673,Petrol,117,36.5,1.5,1,1,0,0,Petrol,0,0,4,1,1
5 Series,2013,57493,Automatic,25502,Petrol,227,24.7,3.0,10,1,0,0,Petrol,4,0,4,2,0
1 Series,2011,86834,Automatic,2265,Hybrid,8,44.9,3.0,12,1,0,0,Hybrid,0,0,2,2,0
X1,2011,51225,Automatic,48457,Other,198,27.0,2.0,12,1,0,0,Other,7,0,3,2,0
X3,2018,27352,Semi-Auto,47875,Diesel,276,46.8,3.5,5,0,0,1,Diesel,9,2,0,1,1
X6,2010,63579,Automatic,61359,Diesel,128,58.7,2.5,13,1,0,0,Diesel,12,0,0,2,0
3 Series,2021,3000,Automatic,107334,Diesel,61,30.3,2.0,2,1,0,0,Diesel,2,0,0,0,1
3 Series,2016,7861,Manual,123950,Diesel,1,25.7,2.0,7,0,1,0,Diesel,2,1,0,0,0
1 Series,2020,32587,Automatic,65102,Diesel,171,21.0,3.5,3,1,0,0,Diesel,0,0,0,1,1
X1,2012,49074,Automatic,102827,Petrol,244,35.2,2.5,11,1,0,0,Petrol,7,0,4,1,0
X3,2012,60985,Semi-Auto,93688,Petrol,87,28.6,3.5,11,0,0,1,Petrol,9,2,4,2,0
1 Series,2011,45427,Manual,60469,Petrol,82,39.7,1.5,12,0,1,0,Petrol,0,1,4,1,0
X4,2019,13565,Manual,96789,Petrol,4,41.0,2.0,4,0,1,0,Petrol,10,1,4,0,1
1 Series,2015,19746,Automatic,14176,Petrol,38,34.0,3.5,8,1,0,0,Petrol,0,0,4,0,0
7 Series,2022,57169,Manual,66036,Diesel,74,50.0,3.0,1,0,1,0,Diesel,6,1,0,2,1
X3,2019,69269,Automatic,8907,Diesel,100,56.2,2.5,4,1,0,0,Diesel,9,0,0,2,1
4 Series,2011,82034,Automatic,4372,Petrol,140,28.5,4.4,12,1,0,0,Petrol,3,0,4,2,0
X3,2019,64884,Semi-Auto,25592,Petrol,92,53.5,2.0,4,0,0,1,Petrol,9,2,4,2,1
X6,2013,3000,Automatic,145174,Diesel,118,25.2,3.5,10,1,0,0,Diesel,12,0,0,0,0
3 Series,2019,61539,Manual,109093,Petrol,287,29.1,3.0,4,0,1,0,Petrol,2,1,4,2,1
X6,2018,36760,Automatic,4139,Petrol,108,42.5,2.0,5,1,0,0,Petrol,12,0,4,1,1
1 Series,2018,40336,Automatic,78179,Diesel,42,32.3,3.0,5,1,0,0,Diesel,0,0,0,1,1
6 Series,2015,19568,Manual,19643,Diesel,135,21.7,4.4,8,0,1,0,Diesel,5,1,0,0,0
7 Series,2022,15140,Automatic,105425,Diesel,216,31.8,3.0,1,1,0,0,Diesel,6,0,0,0,1
X6,2013,47591,Automatic,61117,Diesel,155,56.2,2.5,10,1,0,0,Diesel,12,0,0,1,0
5 Series,2016,21190,Automatic,107485,Diesel,38,27.0,2.5,7,1,0,0,Diesel,4,0,0,0,0
X1,2010,19634,Semi-Auto,114607,Petrol,281,50.6,3.5,13,0,0,1,Petrol,7,2,4,0,0
7 Series,2021,66245,Automatic,61332,Petrol,25,48.9,4.4,2,1,0,0,Petrol,6,0,4,2,1
X5,2013,42576,Automatic,31632,Petrol,31,24.2,3.5,10,1,0,0,Petrol,11,0,4,1,0
1 Series,2014,69932,Automatic,88157,Petrol,45,33.2,3.0,9,1,0,0,Petrol,0,0,4,2,0
1 Series,2017,40430,Semi-Auto,37843,Diesel,155,27.6,2.0,6,0,0,1,Diesel,0,2,0,1,1
3 Series,2021,23922,Manual,39930,Diesel,243,20.9,3.5,2,0,1,0,Diesel,2,1,0,1,1
3 Series,2011,3000,Manual,106940,Electric,34,26.9,1.5,12,0,1,0,Electric,2,1,1,0,0
4 Series,2021,62816,Automatic,59103,Diesel,277,28.1,3.5,2,1,0,0,Diesel,3,0,0,2,1
3 Series,2014,6726,Automatic,41770,Diesel,241,26.6,2.0,9,1,0,0,Diesel,2,0,0,0,0
Z4,2015,17555,Automatic,112757,Diesel,258,23.6,2.5,8,1,0,0,Diesel,14,0,0,0,0
3 Series,2014,31500,Automatic,31158,Petrol,45,41.1,3.0,9,1,0,0,Petrol,2,0,4,1,0
3 Series,2022,66953,Automatic,89992,Diesel,236,32.9,3.5,1,1,0,0,Diesel,2,0,0,2,1
X5,2018,42273,Semi-Auto,48401,Diesel,7,56.3,4.0,5,0,0,1,Diesel,11,2,0,1,1
X3,2019,51095,Manual,145064,Petrol,259,27.5,2.0,4,0,1,0,Petrol,9,1,4,2,1
5 Series,2010,3000,Automatic,46858,Diesel,270,44.1,2.0,13,1,0,0,Diesel,4,0,0,0,0
X1,2012,3000,Automatic,148828,Diesel,43,56.0,6.0,11,1,0,0,Diesel,7,0,0,0,0
X3,2011,20307,Manual,139143,Petrol,237,21.9,2.0,12,0,1,0,Petrol,9,1,4,0,0
3 Series,2021,58708,Automatic,85811,Other,166,40.7,3.0,2,1,0,0,Other,2,0,3,2,1
i8,2022,17428,Automatic,130970,Petrol,75,38.0,5.0,1,1,0,0,Petrol,16,0,4,0,1
Z4,2012,31904,Automatic,7586,Diesel,156,57.2,4.0,11,1,0,0,Diesel,14,0,0,1,0
X3,2019,95987,Automatic,20703,Petrol,200,46.6,2.5,4,1,0,0,Petrol,9,0,4,2,1
3 Series,2018,27862,Manual,77177,Petrol,233,34.0,3.0,5,0,1,0,Petrol,2,1,4,1,1
X3,2022,40953,Automatic,37735,Petrol,231,48.5,2.5,1,1,0,0,Petrol,9,0,4,1,1
1 Series,2018,38083,Automatic,99525,Diesel,211,43.3,2.5,5,1,0,0,Diesel,0,0,0,1,1
1 Series,2019,65316,Automatic,40648,Diesel,153,33.9,2.0,4,1,0,0,Diesel,0,0,0,2,1
3 Series,2011,3000,Manual,144201,Diesel,212,51.4,3.5,12,0,1,0,Diesel,2,1,0,0,0
5 Series,2012,28824,Automatic,37656,Hybrid,86,46.7,1.5,11,1,0,0,Hybrid,4,0,2,1,0
4 Series,2013,20359,Automatic,145571,Diesel,17,20.2,3.0,10,1,0,0,Diesel,3,0,0,0,0
X3,2018,46472,Semi-Auto,76888,Petrol,190,54.6,3.0,5,0,0,1,Petrol,9,2,4,1,1
X5,2012,36468,Semi-Auto,20654,Diesel,53,35.9,2.5,11,0,0,1,Diesel,11,2,0,1,0
5 Series,2022,42260,Semi-Auto,131117,Petrol,215,45.8,2.0,1,0,0,1,Petrol,4,2,4,1,1
3 Series,2016,15958,Manual,87613,Diesel,41,35.9,3.5,7,0,1,0,Diesel,2,1,0,0,0
5 Series,2021,87061,Automatic,19982,Petrol,229,55.3,2.5,2,1,0,0,Petrol,4,0,4,2,1
i3,2012,50595,Automatic,100970,Petrol,229,46.0,3.0,11,1,0,0,Petrol,15,0,4,2,0
1 Series,2016,35968,Automatic,82848,Diesel,181,43.2,1.5,7,1,0,0,Diesel,0,0,0,1,0
4 Series,2016,13165,Automatic,110577,Petrol,140,59.2,1.5,7,1,0,0,Petrol,3,0,4,0,0
X1,2018,8604,Semi-Auto,80874,Diesel,287,31.2,2.0,5,0,0,1,Diesel,7,2,0,0,1
5 Series,2011,31134,Manual,31173,Hybrid,81,22.6,2.0,12,0,1,0,Hybrid,4,1,2,1,0
X3,2022,52995,Manual,127765,Petrol,166,40.6,2.0,1,0,1,0,Petrol,9,1,4,2,1
5 Series,2015,66978,Automatic,38525,Diesel,53,37.0,3.0,8,1,0,0,Diesel,4,0,0,2,0
4 Series,2018,59827,Semi-Auto,28328,Diesel,72,38.2,1.5,5,0,0,1,Diesel,3,2,0,2,1
6 Series,2021,3000,Manual,143432,Petrol,212,44.8,1.5,2,0,1,0,Petrol,5,1,4,0,1
5 Series,2021,29429,Automatic,117242,Diesel,170,44.6,1.5,2,1,0,0,Diesel,4,0,0,1,1
3 Series,2011,38762,Manual,105419,Petrol,269,35.7,3.0,12,0,1,0,Petrol,2,1,4,1,0
X1,2011,17673,Automatic,23625,Petrol,218,54.5,2.5,12,1,0,0,Petrol,7,0,4,0,0
X2,2022,59402,Automatic,108576,Petrol,135,46.1,2.5,1,1,0,0,Petrol,8,0,4,2,1
3 Series,2014,49981,Automatic,17471,Diesel,34,55.6,3.0,9,1,0,0,Diesel,2,0,0,2,0
X1,2019,70865,Automatic,40883,Diesel,145,56.5,3.0,4,1,0,0,Diesel,7,0,0,2,1
X1,2019,101180,Automatic,3703,Petrol,182,26.7,1.5,4,1,0,0,Petrol,7,0,4,2,1
X5,2021,75260,Automatic,66524,Petrol,77,47.2,3.5,2,1,0,0,Petrol,11,0,4,2,1
1 Series,2019,27156,Semi-Auto,16151,Diesel,252,32.7,2.5,4,0,0,1,Diesel,0,2,0,1,1
X3,2017,37837,Automatic,50190,Diesel,235,53.5,2.5,6,1,0,0,Diesel,9,0,0,1,1
6 Series,2020,68496,Manual,57195,Diesel,76,49.3,3.5,3,0,1,0,Diesel,5,1,0,2,1
3 Series,2018,3000,Automatic,127559,Petrol,72,27.9,2.0,5,1,0,0,Petrol,2,0,4,0,1
3 Series,2011,36035,Automatic,65108,Petrol,26,57.5,1.5,12,1,0,0,Petrol,2,0,4,1,0
Z4,2014,60591,Automatic,103241,Diesel,37,47.3,4.4,9,1,0,0,Diesel,14,0,0,2,0
3 Series,2016,67824,Automatic,106190,Petrol,253,57.9,2.5,7,1,0,0,Petrol,2,0,4,2,1
2 Series,2015,89298,Automatic,44050,Petrol,85,28.1,2.5,8,1,0,0,Petrol,1,0,4,2,1
5 Series,2015,48517,Automatic,33976,Diesel,30,54.8,3.5,8,1,0,0,Diesel,4,0,0,1,0
3 Series,2016,23945,Automatic,1599,Diesel,204,46.7,1.5,7,1,0,0,Diesel,2,0,0,1,0
4 Series,2012,68349,Automatic,60867,Diesel,192,42.1,2.0,11,1,0,0,Diesel,3,0,0,2,0
5 Series,2022,63898,Manual,4709,Petrol,229,52.8,2.0,1,0,1,0,Petrol,4,1,4,2,1
7 Series,2012,23105,Automatic,50365,Diesel,180,45.3,3.0,11,1,0,0,Diesel,6,0,0,1,0
5 Series,2019,38524,Automatic,6723,Diesel,244,46.8,2.5,4,1,0,0,Diesel,4,0,0,1,1
X1,2018,58176,Automatic,113308,Diesel,39,30.1,3.5,5,1,0,0,Diesel,7,0,0,2,1
3 Series,2017,37504,Automatic,65120,Petrol,156,52.7,1.5,6,1,0,0,Petrol,2,0,4,1,1
5 Series,2014,63186,Automatic,11316,Diesel,167,46.0,3.0,9,1,0,0,Diesel,4,0,0,2,0
X7,2015,22308,Semi-Auto,107276,Diesel,157,53.8,2.5,8,0,0,1,Diesel,13,2,0,1,0
3 Series,2020,83084,Manual,22162,Diesel,129,34.1,2.0,3,0,1,0,Diesel,2,1,0,2,1
X3,2021,70557,Automatic,29833,Diesel,81,33.3,3.5,2,1,0,0,Diesel,9,0,0,2,1
3 Series,2019,13388,Automatic,149278,Petrol,155,21.0,2.5,4,1,0,0,Petrol,2,0,4,0,1
X5,2010,12353,Automatic,127515,Petrol,174,50.7,3.0,13,1,0,0,Petrol,11,0,4,0,0
1 Series,2019,44903,Manual,121788,Petrol,287,33.2,1.5,4,0,1,0,Petrol,0,1,4,1,1
X7,2021,61409,Automatic,52747,Petrol,87,33.1,3.5,2,1,0,0,Petrol,13,0,4,2,1
5 Series,2010,13861,Automatic,91037,Diesel,101,47.5,2.0,13,1,0,0,Diesel,4,0,0,0,0
3 Series,2013,8492,Manual,114850,Diesel,247,30.1,3.0,10,0,1,0,Diesel,2,1,0,0,0
1 Series,2011,40898,Manual,119641,Petrol,205,56.4,3.5,12,0,1,0,Petrol,0,1,4,1,0
3 Series,2020,3000,Manual,119519,Hybrid,88,41.5,2.0,3,0,1,0,Hybrid,2,1,2,0,1
7 Series,2016,6604,Manual,120271,Petrol,287,58.8,2.0,7,0,1,0,Petrol,6,1,4,0,0
3 Series,2011,68922,Semi-Auto,56387,Petrol,95,23.1,3.0,12,0,0,1,Petrol,2,2,4,2,0
X6,2019,24387,Automatic,26226,Petrol,158,33.5,2.0,4,1,0,0,Petrol,12,0,4,1,1
5 Series,2011,3000,Automatic,107287,Diesel,113,35.3,3.5,12,1,0,0,Diesel,4,0,0,0,0
3 Series,2014,22246,Manual,138572,Diesel,23,49.2,2.5,9,0,1,0,Diesel,2,1,0,1,0
X1,2013,99478,Automatic,2634,Hybrid,162,28.5,2.5,10,1,0,0,Hybrid,7,0,2,2,0
X3,2017,10711,Semi-Auto,146131,Petrol,285,35.0,1.5,6,0,0,1,Petrol,9,2,4,0,1
3 Series,2013,3000,Automatic,116855,Petrol,54,56.4,2.0,10,1,0,0,Petrol,2,0,4,0,0
3 Series,2021,100818,Automatic,5076,Diesel,63,24.6,2.0,2,1,0,0,Diesel,2,0,0,2,1
1 Series,2015,11721,Automatic,107694,Diesel,32,49.8,1.5,8,1,0,0,Diesel,0,0,0,0,0
X5,2014,63029,Automatic,39210,Hybrid,45,48.1,2.0,9,1,0,0,Hybrid,11,0,2,2,0
X3,2020,42513,Automatic,129798,Petrol,218,25.2,2.5,3,1,0,0,Petrol,9,0,4,1,1
5 Series,2011,11588,Manual,33007,Diesel,288,47.5,2.5,12,0,1,0,Diesel,4,1,0,0,0
2 Series,2020,55858,Automatic,89619,Petrol,195,42.8,2.0,3,1,0,0,Petrol,1,0,4,2,1
X6,2022,47943,Manual,123315,Diesel,252,31.5,1.5,1,0,1,0,Diesel,12,1,0,1,1
X1,2021,72646,Automatic,67038,Petrol,285,32.4,2.5,2,1,0,0,Petrol,7,0,4,2,1
4 Series,2017,34637,Automatic,144828,Diesel,235,53.3,3.0,6,1,0,0,Diesel,3,0,0,1,1
3 Series,2011,23656,Automatic,142677,Diesel,78,29.2,2.5,12,1,0,0,Diesel,2,0,0,1,0
1 Series,2018,72371,Automatic,57558,Petrol,91,40.5,4.4,5,1,0,0,Petrol,0,0,4,2,1
3 Series,2018,14182,Manual,107052,Petrol,95,47.2,2.0,5,0,1,0,Petrol,2,1,4,0,1
1 Series,2012,5967,Manual,94079,Petrol,227,25.2,2.0,11,0,1,0,Petrol,0,1,4,0,0
7 Series,2013,41119,Manual,97816,Petrol,285,57.3,2.0,10,0,1,0,Petrol,6,1,4,1,0
X4,2017,11109,Semi-Auto,134942,Petrol,234,30.4,1.5,6,0,0,1,Petrol,10,2,4,0,1
1 Series,2018,57074,Automatic,128942,Petrol,101,32.8,4.4,5,1,0,0,Petrol,0,0,4,2,1
1 Series,2012,20743,Semi-Auto,136830,Diesel,251,46.6,2.5,11,0,0,1,Diesel,0,2,0,0,0
5 Series,2014,12576,Manual,112342,Petrol,139,23.1,2.5,9,0,1,0,Petrol,4,1,4,0,0
X4,2020,18562,Manual,66138,Petrol,142,45.1,2.0,3,0,1,0,Petrol,10,1,4,0,1
3 Series,2017,89869,Automatic,51250,Hybrid,239,56.6,4.0,6,1,0,0,Hybrid,2,0,2,2,1
7 Series,2012,13540,Semi-Auto,118857,Petrol,265,30.0,3.0,11,0,0,1,Petrol,6,2,4,0,0
1 Series,2016,35372,Automatic,116070,Diesel,60,34.5,2.5,7,1,0,0,Diesel,0,0,0,1,0
1 Series,2020,14489,Manual,41558,Diesel,22,29.3,4.0,3,0,1,0,Diesel,0,1,0,0,1
i3,2017,79470,Automatic,54092,Hybrid,10,52.8,4.4,6,1,0,0,Hybrid,15,0,2,2,1
X7,2019,3000,Automatic,76121,Petrol,15,26.7,1.5,4,1,0,0,Petrol,13,0,4,0,1
1 Series,2020,3000,Automatic,123140,Diesel,48,33.9,2.0,3,1,0,0,Diesel,0,0,0,0,1
X7,2012,3000,Automatic,131877,Petrol,169,44.0,1.5,11,1,0,0,Petrol,13,0,4,0,0
X1,2011,15581,Automatic,56604,Hybrid,118,36.2,3.0,12,1,0,0,Hybrid,7,0,2,0,0
4 Series,2019,80533,Manual,38039,Petrol,41,22.6,2.0,4,0,1,0,Petrol,3,1,4,2,1
5 Series,2022,85173,Automatic,70859,Diesel,9,57.9,3.5,1,1,0,0,Diesel,4,0,0,2,1
7 Series,2016,3000,Automatic,93506,Petrol,48,33.5,2.5,7,1,0,0,Petrol,6,0,4,0,0
5 Series,2021,66668,Automatic,101342,Hybrid,264,37.8,3.5,2,1,0,0,Hybrid,4,0,2,2,1
X3,2018,71119,Automatic,6461,Diesel,206,26.7,3.0,5,1,0,0,Diesel,9,0,0,2,1
1 Series,2010,18619,Automatic,41831,Petrol,166,54.6,3.5,13,1,0,0,Petrol,0,0,4,0,0
1 Series,2012,72015,Automatic,52137,Petrol,1,31.7,2.5,11,1,0,0,Petrol,0,0,4,2,0
3 Series,2014,84927,Automatic,35030,Petrol,67,20.8,4.4,9,1,0,0,Petrol,2,0,4,2,0
X3,2012,3000,Automatic,137803,Petrol,209,32.7,3.0,11,1,0,0,Petrol,9,0,4,0,0
3 Series,2010,64034,Automatic,22500,Petrol,138,59.4,3.0,13,1,0,0,Petrol,2,0,4,2,0
X3,2016,14830,Automatic,34117,Other,36,25.9,2.5,7,1,0,0,Other,9,0,3,0,0
X7,2016,5082,Automatic,95138,Diesel,217,21.2,4.4,7,1,0,0,Diesel,13,0,0,0,0
1 Series,2019,78210,Semi-Auto,34208,Hybrid,277,43.1,2.5,4,0,0,1,Hybrid,0,2,2,2,1
X3,2021,51676,Automatic,85728,Diesel,179,34.9,3.5,2,1,0,0,Diesel,9,0,0,2,1
5 Series,2017,44014,Automatic,85482,Diesel,4,51.8,2.5,6,1,0,0,Diesel,4,0,0,1,1
4 Series,2014,30100,Automatic,26960,Diesel,129,49.3,3.5,9,1,0,0,Diesel,3,0,0,1,0
3 Series,2019,46340,Automatic,142319,Petrol,132,27.4,4.4,4,1,0,0,Petrol,2,0,4,1,1
X3,2021,57792,Automatic,97342,Diesel,98,42.6,2.5,2,1,0,0,Diesel,9,0,0,2,1
2 Series,2014,3000,Automatic,108918,Diesel,159,21.3,2.5,9,1,0,0,Diesel,1,0,0,0,0
X4,2014,49008,Automatic,115761,Other,235,37.6,2.5,9,1,0,0,Other,10,0,3,1,0
X3,2010,45743,Automatic,27038,Diesel,146,48.6,1.5,13,1,0,0,Diesel,9,0,0,1,0
5 Series,2019,39505,Automatic,123232,Diesel,114,36.6,3.0,4,1,0,0,Diesel,4,0,0,1,1
X1,2014,14780,Automatic,73485,Diesel,3,24.7,2.0,9,1,0,0,Diesel,7,0,0,0,0
4 Series,2015,4018,Semi-Auto,58773,Diesel,86,22.5,2.5,8,0,0,1,Diesel,3,2,0,0,0
X1,2022,34642,Automatic,84391,Diesel,45,54.1,2.5,1,1,0,0,Diesel,7,0,0,1,1
1 Series,2021,85594,Automatic,53633,Petrol,82,55.7,2.0,2,1,0,0,Petrol,0,0,4,2,1
X4,2010,23509,Semi-Auto,123226,Petrol,153,33.7,3.0,13,0,0,1,Petrol,10,2,4,1,0
X3,2020,42237,Manual,33803,Diesel,281,26.6,2.0,3,0,1,0,Diesel,9,1,0,1,1
X3,2016,65079,Automatic,116708,Hybrid,287,59.1,3.5,7,1,0,0,Hybrid,9,0,2,2,1
3 Series,2010,31623,Manual,130997,Petrol,110,41.8,2.0,13,0,1,0,Petrol,2,1,4,1,0
X3,2020,72574,Automatic,104838,Hybrid,116,39.1,2.0,3,1,0,0,Hybrid,9,0,2,2,1
5 Series,2011,88995,Automatic,24545,Petrol,96,49.7,2.5,12,1,0,0,Petrol,4,0,4,2,0
X3,2011,50574,Automatic,63759,Diesel,281,26.8,2.0,12,1,0,0,Diesel,9,0,0,2,0
1 Series,2014,17912,Automatic,107313,Petrol,188,43.2,2.5,9,1,0,0,Petrol,0,0,4,0,0
X3,2019,38700,Automatic,77488,Petrol,87,55.6,1.5,4,1,0,0,Petrol,9,0,4,1,1
i8,2022,57267,Automatic,118805,Petrol,86,20.9,2.5,1,1,0,0,Petrol,16,0,4,2,1
1 Series,2016,53998,Automatic,54866,Petrol,25,46.9,2.5,7,1,0,0,Petrol,0,0,4,2,1
Z4,2010,3000,Automatic,128145,Petrol,30,42.1,2.5,13,1,0,0,Petrol,14,0,4,0,0
5 Series,2019,6232,Automatic,71499,Petrol,125,58.0,3.0,4,1,0,0,Petrol,4,0,4,0,1
4 Series,2010,3000,Automatic,79243,Petrol,197,30.3,3.5,13,1,0,0,Petrol,3,0,4,0,0
X5,2010,4347,Automatic,121779,Petrol,30,54.4,2.5,13,1,0,0,Petrol,11,0,4,0,0
X1,2015,3000,Automatic,144932,Petrol,231,32.4,2.0,8,1,0,0,Petrol,7,0,4,0,0
X5,2011,5457,Semi-Auto,83946,Diesel,44,37.2,2.5,12,0,0,1,Diesel,11,2,0,0,0
4 Series,2010,11698,Automatic,119353,Diesel,188,28.5,3.5,13,1,0,0,Diesel,3,0,0,0,0
5 Series,2015,30840,Automatic,18670,Petrol,51,54.5,3.0,8,1,0,0,Petrol,4,0,4,1,0
3 Series,2011,31268,Manual,85766,Petrol,51,27.8,1.5,12,0,1,0,Petrol,2,1,4,1,0
X3,2015,47713,Automatic,90694,Diesel,78,54.4,2.5,8,1,0,0,Diesel,9,0,0,1,0
X6,2019,85411,Manual,51764,Petrol,48,38.2,6.0,4,0,1,0,Petrol,12,1,4,2,1
X5,2017,62173,Automatic,116164,Diesel,229,53.4,2.5,6,1,0,0,Diesel,11,0,0,2,1
X6,2011,37907,Automatic,24810,Petrol,43,30.6,2.5,12,1,0,0,Petrol,12,0,4,1,0
5 Series,2020,71631,Automatic,110660,Petrol,291,25.3,2.0,3,1,0,0,Petrol,4,0,4,2,1
X6,2018,70526,Automatic,91894,Petrol,246,42.2,2.5,5,1,0,0,Petrol,12,0,4,2,1
1 Series,2017,41821,Automatic,16933,Petrol,218,40.4,2.0,6,1,0,0,Petrol,0,0,4,1,1
7 Series,2021,64472,Manual,2947,Diesel,21,34.3,2.0,2,0,1,0,Diesel,6,1,0,2,1
1 Series,2019,92551,Manual,20715,Petrol,129,46.5,3.0,4,0,1,0,Petrol,0,1,4,2,1
3 Series,2010,24810,Automatic,31956,Other,6,23.8,2.0,13,1,0,0,Other,2,0,3,1,0
5 Series,2016,25984,Manual,81846,Petrol,271,44.9,4.4,7,0,1,0,Petrol,4,1,4,1,0
5 Series,2022,30744,Automatic,17303,Hybrid,43,28.5,2.5,1,1,0,0,Hybrid,4,0,2,1,1
X3,2019,3000,Automatic,114318,Petrol,239,25.2,3.0,4,1,0,0,Petrol,9,0,4,0,1
5 Series,2015,77215,Automatic,25031,Petrol,64,56.4,2.5,8,1,0,0,Petrol,4,0,4,2,1
5 Series,2015,44795,Manual,95786,Diesel,245,38.4,2.5,8,0,1,0,Diesel,4,1,0,1,0
3 Series,2015,41785,Automatic,88389,Petrol,72,50.5,4.4,8,1,0,0,Petrol,2,0,4,1,0
5 Series,2015,60711,Automatic,43707,Diesel,70,23.6,1.5,8,1,0,0,Diesel,4,0,0,2,0
3 Series,2019,3000,Manual,146537,Diesel,196,22.3,4.0,4,0,1,0,Diesel,2,1,0,0,1
1 Series,2016,71325,Automatic,76761,Diesel,188,39.8,3.0,7,1,0,0,Diesel,0,0,0,2,1
X1,2021,3000,Automatic,148712,Petrol,157,32.6,3.0,2,1,0,0,Petrol,7,0,4,0,1
X3,2012,15496,Automatic,32535,Diesel,24,20.2,1.5,11,1,0,0,Diesel,9,0,0,0,0
X1,2015,74029,Automatic,3991,Diesel,70,27.3,3.5,8,1,0,0,Diesel,7,0,0,2,1
5 Series,2012,3000,Automatic,149873,Diesel,222,28.8,2.0,11,1,0,0,Diesel,4,0,0,0,0
5 Series,2016,25578,Semi-Auto,90680,Petrol,159,31.5,5.0,7,0,0,1,Petrol,4,2,4,1,0
4 Series,2016,62910,Automatic,8965,Hybrid,74,55.1,3.5,7,1,0,0,Hybrid,3,0,2,2,1
7 Series,2017,47788,Automatic,145802,Electric,137,36.8,2.5,6,1,0,0,Electric,6,0,1,1,1
5 Series,2011,35625,Automatic,30553,Diesel,40,47.2,4.4,12,1,0,0,Diesel,4,0,0,1,0
1 Series,2018,16037,Automatic,119802,Diesel,15,20.7,2.0,5,1,0,0,Diesel,0,0,0,0,1
3 Series,2022,109478,Automatic,9301,Diesel,188,52.6,6.0,1,1,0,0,Diesel,2,0,0,2,1
5 Series,2014,14207,Semi-Auto,19936,Petrol,27,29.6,3.0,9,0,0,1,Petrol,4,2,4,0,0
5 Series,2018,3000,Automatic,146227,Hybrid,162,32.4,1.5,5,1,0,0,Hybrid,4,0,2,0,1
X1,2019,41897,Automatic,128978,Electric,54,21.8,2.5,4,1,0,0,Electric,7,0,1,1,1
7 Series,2014,3000,Automatic,128230,Petrol,273,36.4,3.0,9,1,0,0,Petrol,6,0,4,0,0
X1,2016,17537,Automatic,49848,Petrol,101,54.1,3.0,7,1,0,0,Petrol,7,0,4,0,0
X5,2020,73828,Manual,3042,Diesel,41,35.1,2.5,3,0,1,0,Diesel,11,1,0,2,1
X6,2018,51642,Manual,38260,Petrol,262,56.3,2.0,5,0,1,0,Petrol,12,1,4,2,1
X3,2013,28704,Automatic,37326,Petrol,170,54.7,2.0,10,1,0,0,Petrol,9,0,4,1,0
X7,2011,39306,Semi-Auto,43581,Electric,207,22.5,4.4,12,0,0,1,Electric,13,2,1,1,0
1 Series,2018,15801,Automatic,135730,Diesel,48,32.2,2.0,5,1,0,0,Diesel,0,0,0,0,1
3 Series,2022,67214,Automatic,82855,Hybrid,59,56.4,5.0,1,1,0,0,Hybrid,2,0,2,2,1
1 Series,2011,57968,Automatic,85614,Petrol,5,21.2,2.0,12,1,0,0,Petrol,0,0,4,2,0
X1,2012,46680,Automatic,103188,Petrol,147,50.6,2.5,11,1,0,0,Petrol,7,0,4,1,0
6 Series,2019,44841,Semi-Auto,38874,Diesel,286,56.3,1.5,4,0,0,1,Diesel,5,2,0,1,1
3 Series,2011,76279,Automatic,52318,Diesel,210,50.8,4.4,12,1,0,0,Diesel,2,0,0,2,0
X2,2012,76706,Automatic,38165,Petrol,149,49.8,2.0,11,1,0,0,Petrol,8,0,4,2,0
1 Series,2015,66376,Manual,57820,Diesel,84,53.7,2.5,8,0,1,0,Diesel,0,1,0,2,0
X4,2012,33684,Automatic,46411,Hybrid,159,46.6,3.5,11,1,0,0,Hybrid,10,0,2,1,0
5 Series,2019,38351,Manual,86312,Petrol,46,36.9,3.5,4,0,1,0,Petrol,4,1,4,1,1
1 Series,2017,61874,Automatic,37479,Petrol,161,22.5,3.5,6,1,0,0,Petrol,0,0,4,2,1
5 Series,2020,3462,Automatic,121567,Petrol,154,51.5,4.4,3,1,0,0,Petrol,4,0,4,0,1
3 Series,2015,3000,Semi-Auto,100890,Diesel,229,56.2,4.4,8,0,0,1,Diesel,2,2,0,0,0
3 Series,2016,41753,Automatic,40906,Petrol,299,40.5,3.5,7,1,0,0,Petrol,2,0,4,1,1
3 Series,2010,24098,Manual,130523,Diesel,157,41.3,3.0,13,0,1,0,Diesel,2,1,0,1,0
X6,2012,19809,Automatic,74198,Diesel,160,36.1,3.0,11,1,0,0,Diesel,12,0,0,0,0
7 Series,2012,18269,Manual,73940,Diesel,246,54.3,1.5,11,0,1,0,Diesel,6,1,0,0,0
3 Series,2011,11823,Automatic,10542,Petrol,55,20.6,3.0,12,1,0,0,Petrol,2,0,4,0,0
X1,2016,19128,Automatic,28774,Diesel,150,45.0,2.0,7,1,0,0,Diesel,7,0,0,0,0
X3,2018,19491,Manual,140628,Diesel,298,56.3,3.5,5,0,1,0,Diesel,9,1,0,0,1
3 Series,2013,25143,Automatic,79342,Diesel,53,24.1,3.0,10,1,0,0,Diesel,2,0,0,1,0
5 Series,2021,4740,Manual,118887,Electric,222,58.4,6.0,2,0,1,0,Electric,4,1,1,0,1
1 Series,2014,4490,Manual,127081,Diesel,253,58.7,2.0,9,0,1,0,Diesel,0,1,0,0,0
3 Series,2012,34249,Manual,15864,Hybrid,67,57.2,3.0,11,0,1,0,Hybrid,2,1,2,1,0
X3,2020,46275,Semi-Auto,96552,Petrol,52,38.5,2.5,3,0,0,1,Petrol,9,2,4,1,1
3 Series,2018,45051,Automatic,59989,Diesel,244,35.3,4.4,5,1,0,0,Diesel,2,0,0,1,1
7 Series,2013,15905,Automatic,57093,Diesel,39,48.2,2.0,10,1,0,0,Diesel,6,0,0,0,0
X3,2014,11065,Automatic,34749,Other,137,32.7,1.5,9,1,0,0,Other,9,0,3,0,0
1 Series,2010,23627,Automatic,60739,Petrol,265,22.7,2.5,13,1,0,0,Petrol,0,0,4,1,0
X1,2020,41233,Automatic,18305,Petrol,137,56.1,2.5,3,1,0,0,Petrol,7,0,4,1,1
3 Series,2021,28006,Automatic,78474,Diesel,291,45.4,2.5,2,1,0,0,Diesel,2,0,0,1,1
X7,2022,39177,Automatic,17318,Petrol,209,28.3,6.0,1,1,0,0,Petrol,13,0,4,1,1
5 Series,2011,62922,Automatic,53810,Diesel,171,20.7,1.5,12,1,0,0,Diesel,4,0,0,2,0
X6,2021,22702,Automatic,127662,Electric,184,48.9,3.0,2,1,0,0,Electric,12,0,1,1,1
X1,2022,53943,Manual,122752,Hybrid,298,54.1,2.0,1,0,1,0,Hybrid,7,1,2,2,1
1 Series,2018,48303,Automatic,62800,Petrol,239,36.2,1.5,5,1,0,0,Petrol,0,0,4,1,1
X1,2011,28298,Automatic,71942,Petrol,210,23.2,6.0,12,1,0,0,Petrol,7,0,4,1,0
X7,2014,11246,Manual,21661,Diesel,150,45.9,2.5,9,0,1,0,Diesel,13,1,0,0,0
X1,2022,75790,Automatic,84394,Diesel,123,31.9,4.0,1,1,0,0,Diesel,7,0,0,2,1
X6,2017,18298,Semi-Auto,31816,Diesel,48,25.8,3.5,6,0,0,1,Diesel,12,2,0,0,1
4 Series,2012,38617,Automatic,13850,Diesel,123,40.4,3.5,11,1,0,0,Diesel,3,0,0,1,0
3 Series,2015,3000,Automatic,53919,Diesel,67,39.3,2.5,8,1,0,0,Diesel,2,0,0,0,0
3 Series,2013,52842,Automatic,28428,Petrol,230,40.7,4.0,10,1,0,0,Petrol,2,0,4,2,0
X1,2020,36719,Manual,106023,Diesel,8,53.0,2.5,3,0,1,0,Diesel,7,1,0,1,1
5 Series,2016,66545,Automatic,115160,Petrol,265,39.4,2.5,7,1,0,0,Petrol,4,0,4,2,1
2 Series,2019,39352,Manual,107898,Petrol,124,56.0,2.0,4,0,1,0,Petrol,1,1,4,1,1
6 Series,2022,55857,Automatic,73822,Diesel,111,53.7,2.5,1,1,0,0,Diesel,5,0,0,2,1
5 Series,2012,38984,Automatic,76604,Diesel,53,46.0,6.0,11,1,0,0,Diesel,4,0,0,1,0
3 Series,2015,33720,Automatic,135089,Diesel,88,22.3,3.0,8,1,0,0,Diesel,2,0,0,1,0
X5,2021,95027,Automatic,10926,Petrol,94,54.6,3.5,2,1,0,0,Petrol,11,0,4,2,1
3 Series,2019,35470,Automatic,45508,Petrol,249,56.2,2.0,4,1,0,0,Petrol,2,0,4,1,1
X6,2018,43881,Semi-Auto,126799,Petrol,165,35.0,5.0,5,0,0,1,Petrol,12,2,4,1,1
5 Series,2020,41340,Automatic,96933,Diesel,226,41.0,1.5,3,1,0,0,Diesel,4,0,0,1,1
X3,2019,34084,Automatic,126030,Petrol,135,31.2,4.4,4,1,0,0,Petrol,9,0,4,1,1
1 Series,2010,47715,Automatic,115541,Diesel,64,20.6,4.0,13,1,0,0,Diesel,0,0,0,1,0
X1,2012,14928,Manual,11002,Diesel,4,39.2,1.5,11,0,1,0,Diesel,7,1,0,0,0
5 Series,2011,33104,Semi-Auto,49586,Diesel,119,25.2,3.0,12,0,0,1,Diesel,4,2,0,1,0
X1,2017,39398,Manual,69737,Diesel,218,27.3,3.5,6,0,1,0,Diesel,7,1,0,1,1
3 Series,2016,3984,Semi-Auto,130157,Diesel,42,39.2,2.5,7,0,0,1,Diesel,2,2,0,0,0
X5,2011,16576,Manual,28048,Diesel,187,54.7,1.5,12,0,1,0,Diesel,11,1,0,0,0
4 Series,2015,15463,Semi-Auto,128912,Diesel,25,53.8,3.5,8,0,0,1,Diesel,3,2,0,0,0
3 Series,2012,62747,Manual,80517,Petrol,266,58.6,2.5,11,0,1,0,Petrol,2,1,4,2,0
1 Series,2017,43241,Automatic,146597,Diesel,161,39.3,2.0,6,1,0,0,Diesel,0,0,0,1,1
1 Series,2019,16469,Automatic,122443,Diesel,232,42.1,1.5,4,1,0,0,Diesel,0,0,0,0,1
X1,2022,72178,Automatic,53634,Petrol,129,52.9,3.0,1,1,0,0,Petrol,7,0,4,2,1
X1,2012,62013,Automatic,62491,Diesel,20,48.0,1.5,11,1,0,0,Diesel,7,0,0,2,0
7 Series,2019,24591,Automatic,123416,Diesel,127,27.3,3.5,4,1,0,0,Diesel,6,0,0,1,1
3 Series,2018,45498,Automatic,6565,Petrol,75,35.9,3.5,5,1,0,0,Petrol,2,0,4,1,1
5 Series,2010,16361,Semi-Auto,81483,Diesel,72,57.2,2.5,13,0,0,1,Diesel,4,2,0,0,0
X1,2014,35449,Automatic,107234,Petrol,232,25.8,2.5,9,1,0,0,Petrol,7,0,4,1,0
5 Series,2012,39031,Manual,73053,Petrol,105,28.4,3.0,11,0,1,0,Petrol,4,1,4,1,0
i3,2015,41282,Manual,15287,Diesel,8,36.0,5.0,8,0,1,0,Diesel,15,1,0,1,0
1 Series,2019,45918,Semi-Auto,78365,Diesel,118,57.6,2.5,4,0,0,1,Diesel,0,2,0,1,1
X3,2011,33073,Semi-Auto,134494,Diesel,49,24.6,6.0,12,0,0,1,Diesel,9,2,0,1,0
5 Series,2018,55425,Manual,30060,Petrol,9,46.9,2.5,5,0,1,0,Petrol,4,1,4,2,1
5 Series,2015,72630,Automatic,42633,Diesel,112,25.3,2.5,8,1,0,0,Diesel,4,0,0,2,0
X3,2016,3000,Automatic,106251,Petrol,265,41.0,2.0,7,1,0,0,Petrol,9,0,4,0,0
X3,2014,71873,Automatic,14790,Diesel,77,41.5,3.0,9,1,0,0,Diesel,9,0,0,2,0
i8,2018,31124,Manual,132059,Diesel,35,21.7,2.5,5,0,1,0,Diesel,16,1,0,1,1
1 Series,2010,47753,Manual,4668,Diesel,201,58.2,3.5,13,0,1,0,Diesel,0,1,0,1,0
1 Series,2014,22612,Manual,77280,Petrol,117,52.3,6.0,9,0,1,0,Petrol,0,1,4,1,0
X3,2020,56738,Automatic,29754,Diesel,189,32.1,6.0,3,1,0,0,Diesel,9,0,0,2,1
X1,2019,3000,Automatic,86058,Diesel,241,25.2,2.0,4,1,0,0,Diesel,7,0,0,0,1
3 Series,2020,84069,Automatic,5509,Petrol,292,33.8,2.5,3,1,0,0,Petrol,2,0,4,2,1
1 Series,2015,3000,Automatic,134572,Petrol,168,55.8,2.0,8,1,0,0,Petrol,0,0,4,0,0
1 Series,2016,3413,Automatic,119981,Diesel,229,25.3,2.0,7,1,0,0,Diesel,0,0,0,0,0
6 Series,2021,35649,Automatic,76440,Diesel,47,34.0,2.0,2,1,0,0,Diesel,5,0,0,1,1
3 Series,2013,60165,Manual,27921,Diesel,149,39.8,2.5,10,0,1,0,Diesel,2,1,0,2,0
3 Series,2021,68862,Automatic,55551,Petrol,207,21.3,4.0,2,1,0,0,Petrol,2,0,4,2,1
3 Series,2022,39860,Automatic,17683,Diesel,60,30.7,3.0,1,1,0,0,Diesel,2,0,0,1,1
5 Series,2010,3000,Semi-Auto,78952,Petrol,116,43.8,4.0,13,0,0,1,Petrol,4,2,4,0,0
1 Series,2020,76260,Automatic,15833,Diesel,238,33.0,5.0,3,1,0,0,Diesel,0,0,0,2,1
7 Series,2017,21864,Automatic,19290,Diesel,47,54.8,2.5,6,1,0,0,Diesel,6,0,0,1,1
1 Series,2019,81512,Automatic,15003,Diesel,244,57.5,3.5,4,1,0,0,Diesel,0,0,0,2,1
X6,2013,3000,Automatic,124086,Diesel,292,37.7,1.5,10,1,0,0,Diesel,12,0,0,0,0
3 Series,2012,3000,Automatic,72656,Diesel,4,41.3,2.5,11,1,0,0,Diesel,2,0,0,0,0
7 Series,2021,36094,Automatic,42253,Diesel,99,45.2,2.5,2,1,0,0,Diesel,6,0,0,1,1
4 Series,2016,3000,Automatic,89022,Petrol,204,46.6,2.0,7,1,0,0,Petrol,3,0,4,0,0
X3,2021,9045,Automatic,88231,Petrol,179,22.5,2.5,2,1,0,0,Petrol,9,0,4,0,1
7 Series,2011,3000,Automatic,105791,Petrol,16,22.1,2.5,12,1,0,0,Petrol,6,0,4,0,0
3 Series,2017,63105,Manual,33716,Diesel,89,54.6,3.5,6,0,1,0,Diesel,2,1,0,2,1
3 Series,2015,80565,Automatic,7880,Electric,107,28.8,4.0,8,1,0,0,Electric,2,0,1,2,1
X3,2016,50862,Semi-Auto,29949,Diesel,189,43.4,3.0,7,0,0,1,Diesel,9,2,0,2,1
i8,2014,4278,Automatic,67064,Petrol,179,45.0,3.0,9,1,0,0,Petrol,16,0,4,0,0
X3,2018,83776,Automatic,44093,Petrol,248,26.6,2.0,5,1,0,0,Petrol,9,0,4,2,1
X1,2014,21757,Manual,88941,Petrol,250,50.5,3.0,9,0,1,0,Petrol,7,1,4,1,0
X5,2020,23669,Automatic,128668,Petrol,19,54.6,2.0,3,1,0,0,Petrol,11,0,4,1,1
5 Series,2014,3000,Automatic,125240,Diesel,96,31.4,2.0,9,1,0,0,Diesel,4,0,0,0,0
1 Series,2012,60696,Automatic,44322,Petrol,221,55.1,1.5,11,1,0,0,Petrol,0,0,4,2,0
X1,2020,89176,Automatic,49181,Petrol,143,23.2,3.0,3,1,0,0,Petrol,7,0,4,2,1
X7,2010,23331,Manual,88972,Petrol,6,52.0,3.0,13,0,1,0,Petrol,13,1,4,1,0
3 Series,2011,23849,Semi-Auto,113431,Diesel,267,45.6,2.0,12,0,0,1,Diesel,2,2,0,1,0
X3,2017,33210,Automatic,91179,Diesel,295,43.3,2.0,6,1,0,0,Diesel,9,0,0,1,1
3 Series,2010,42001,Automatic,84562,Diesel,0,29.2,3.5,13,1,0,0,Diesel,2,0,0,1,0
7 Series,2016,50574,Automatic,141284,Petrol,57,34.5,3.5,7,1,0,0,Petrol,6,0,4,2,1
1 Series,2014,30568,Semi-Auto,145922,Diesel,263,56.4,2.5,9,0,0,1,Diesel,0,2,0,1,0
5 Series,2012,40486,Manual,40767,Diesel,89,38.6,2.0,11,0,1,0,Diesel,4,1,0,1,0
X5,2021,69860,Semi-Auto,8322,Petrol,74,43.8,1.5,2,0,0,1,Petrol,11,2,4,2,1
3 Series,2021,80388,Automatic,36911,Petrol,260,57.4,2.0,2,1,0,0,Petrol,2,0,4,2,1
X3,2020,52169,Manual,6678,Petrol,281,38.7,3.0,3,0,1,0,Petrol,9,1,4,2,1
X6,2016,9848,Automatic,66265,Diesel,242,35.5,3.0,7,1,0,0,Diesel,12,0,0,0,0
X2,2018,71751,Automatic,67918,Petrol,118,55.7,3.0,5,1,0,0,Petrol,8,0,4,2,1
3 Series,2011,35348,Semi-Auto,61510,Diesel,46,56.4,2.5,12,0,0,1,Diesel,2,2,0,1,0
5 Series,2017,41605,Automatic,43202,Petrol,167,34.2,3.5,6,1,0,0,Petrol,4,0,4,1,1
3 Series,2018,40004,Semi-Auto,133777,Diesel,26,43.7,2.5,5,0,0,1,Diesel,2,2,0,1,1
i8,2020,29013,Automatic,88983,Petrol,295,58.5,1.5,3,1,0,0,Petrol,16,0,4,1,1
X2,2012,50997,Manual,91016,Diesel,0,22.2,1.5,11,0,1,0,Diesel,8,1,0,2,0
7 Series,2011,35178,Automatic,32051,Diesel,173,21.6,3.5,12,1,0,0,Diesel,6,0,0,1,0
2 Series,2016,25425,Automatic,118282,Other,166,40.7,3.0,7,1,0,0,Other,1,0,3,1,0
7 Series,2014,3000,Automatic,78665,Petrol,17,31.6,2.0,9,1,0,0,Petrol,6,0,4,0,0
X1,2014,3000,Automatic,125559,Petrol,90,43.3,3.5,9,1,0,0,Petrol,7,0,4,0,0
1 Series,2019,14015,Automatic,123827,Diesel,201,49.0,2.0,4,1,0,0,Diesel,0,0,0,0,1
X5,2014,84999,Automatic,30402,Petrol,20,22.8,3.0,9,1,0,0,Petrol,11,0,4,2,0
1 Series,2013,84404,Automatic,3704,Diesel,155,55.3,6.0,10,1,0,0,Diesel,0,0,0,2,0
X6,2022,105534,Automatic,28027,Other,13,31.1,2.0,1,1,0,0,Other,12,0,3,2,1
X5,2014,69501,Automatic,60092,Diesel,19,35.3,2.0,9,1,0,0,Diesel,11,0,0,2,0
X3,2022,111060,Automatic,6725,Petrol,243,33.5,2.5,1,1,0,0,Petrol,9,0,4,2,1
1 Series,2013,25980,Manual,65105,Diesel,172,53.6,3.0,10,0,1,0,Diesel,0,1,0,1,0
3 Series,2022,68987,Manual,93305,Electric,121,26.8,1.5,1,0,1,0,Electric,2,1,1,2,1
3 Series,2015,16087,Automatic,63993,Diesel,183,21.1,2.5,8,1,0,0,Diesel,2,0,0,0,0
5 Series,2013,30125,Automatic,98681,Diesel,67,58.9,1.5,10,1,0,0,Diesel,4,0,0,1,0
1 Series,2011,41262,Manual,109033,Hybrid,292,59.2,2.0,12,0,1,0,Hybrid,0,1,2,1,0
X4,2018,101130,Automatic,31027,Electric,158,30.3,3.0,5,1,0,0,Electric,10,0,1,2,1
X1,2011,49226,Automatic,144839,Hybrid,48,20.4,3.0,12,1,0,0,Hybrid,7,0,2,2,0
3 Series,2018,28918,Automatic,88017,Diesel,180,45.8,3.0,5,1,0,0,Diesel,2,0,0,1,1
5 Series,2019,59940,Automatic,19354,Diesel,294,45.9,1.5,4,1,0,0,Diesel,4,0,0,2,1
5 Series,2015,23296,Automatic,49777,Diesel,140,57.6,3.5,8,1,0,0,Diesel,4,0,0,1,0
X1,2018,64258,Automatic,50966,Petrol,17,31.9,2.5,5,1,0,0,Petrol,7,0,4,2,1
7 Series,2018,54977,Automatic,17515,Diesel,139,27.6,2.5,5,1,0,0,Diesel,6,0,0,2,1
X2,2012,51991,Automatic,99698,Diesel,71,44.7,2.5,11,1,0,0,Diesel,8,0,0,2,0
5 Series,2010,14121,Automatic,4573,Diesel,241,42.5,4.0,13,1,0,0,Diesel,4,0,0,0,0
i8,2010,49873,Automatic,106410,Diesel,260,48.7,3.0,13,1,0,0,Diesel,16,0,0,2,0
2 Series,2012,52709,Automatic,44915,Petrol,262,55.4,2.5,11,1,0,0,Petrol,1,0,4,2,0
3 Series,2014,24276,Automatic,6060,Diesel,142,42.4,3.5,9,1,0,0,Diesel,2,0,0,1,0
X4,2022,5946,Semi-Auto,130471,Diesel,194,26.0,3.5,1,0,0,1,Diesel,10,2,0,0,1
1 Series,2012,14747,Automatic,56421,Diesel,145,43.9,1.5,11,1,0,0,Diesel,0,0,0,0,0
X6,2021,27994,Automatic,46610,Petrol,293,35.0,2.5,2,1,0,0,Petrol,12,0,4,1,1
5 Series,2018,52318,Automatic,11933,Diesel,25,38.1,1.5,5,1,0,0,Diesel,4,0,0,2,1
4 Series,2018,72510,Automatic,73168,Diesel,58,58.4,2.5,5,1,0,0,Diesel,3,0,0,2,1
4 Series,2012,28773,Automatic,44898,Hybrid,51,42.2,3.5,11,1,0,0,Hybrid,3,0,2,1,0
X6,2012,58227,Automatic,6589,Diesel,148,26.0,4.4,11,1,0,0,Diesel,12,0,0,2,0
X6,2021,27212,Manual,12612,Diesel,106,37.7,2.0,2,0,1,0,Diesel,12,1,0,1,1
3 Series,2014,70487,Automatic,48611,Electric,58,29.1,1.5,9,1,0,0,Electric,2,0,1,2,0
1 Series,2011,22798,Manual,19888,Diesel,257,25.4,2.5,12,0,1,0,Diesel,0,1,0,1,0
5 Series,2015,75914,Automatic,20417,Petrol,280,48.5,2.5,8,1,0,0,Petrol,4,0,4,2,1
3 Series,2016,75140,Semi-Auto,46440,Petrol,18,45.1,3.0,7,0,0,1,Petrol,2,2,4,2,1
X3,2022,82297,Manual,12891,Diesel,165,39.9,2.5,1,0,1,0,Diesel,9,1,0,2,1
3 Series,2018,29954,Semi-Auto,73131,Petrol,24,36.9,2.5,5,0,0,1,Petrol,2,2,4,1,1
Z4,2015,62653,Automatic,63093,Diesel,3,32.9,2.0,8,1,0,0,Diesel,14,0,0,2,0
X1,2012,62824,Automatic,29557,Diesel,2,23.5,3.5,11,1,0,0,Diesel,7,0,0,2,0
X6,2021,27187,Manual,112129,Other,26,32.0,2.0,2,0,1,0,Other,12,1,3,1,1
1 Series,2014,39252,Manual,84817,Diesel,218,53.5,1.5,9,0,1,0,Diesel,0,1,0,1,0
4 Series,2013,17659,Semi-Auto,3192,Diesel,43,51.3,3.0,10,0,0,1,Diesel,3,2,0,0,0
X2,2014,35712,Automatic,35946,Petrol,211,58.9,2.5,9,1,0,0,Petrol,8,0,4,1,0
5 Series,2017,48009,Manual,50884,Diesel,51,46.2,3.0,6,0,1,0,Diesel,4,1,0,1,1
X1,2017,34368,Automatic,47360,Petrol,152,42.1,1.5,6,1,0,0,Petrol,7,0,4,1,1
X5,2015,47582,Automatic,64252,Diesel,201,31.8,5.0,8,1,0,0,Diesel,11,0,0,1,0
3 Series,2010,6620,Automatic,129651,Diesel,10,23.1,2.0,13,1,0,0,Diesel,2,0,0,0,0
7 Series,2017,94636,Automatic,42472,Petrol,67,44.7,2.5,6,1,0,0,Petrol,6,0,4,2,1
5 Series,2017,61381,Semi-Auto,36455,Petrol,226,39.5,2.5,6,0,0,1,Petrol,4,2,4,2,1
1 Series,2011,19693,Automatic,29672,Diesel,120,50.4,4.0,12,1,0,0,Diesel,0,0,0,0,0
5 Series,2013,74334,Automatic,4756,Diesel,14,36.5,3.0,10,1,0,0,Diesel,4,0,0,2,0
1 Series,2021,43396,Automatic,107927,Diesel,56,59.4,2.0,2,1,0,0,Diesel,0,0,0,1,1
1 Series,2011,3000,Automatic,71030,Other,63,35.9,2.5,12,1,0,0,Other,0,0,3,0,0
1 Series,2013,62080,Automatic,59151,Diesel,229,33.3,2.5,10,1,0,0,Diesel,0,0,0,2,0
X7,2021,33002,Automatic,35047,Diesel,10,54.8,3.0,2,1,0,0,Diesel,13,0,0,1,1
7 Series,2022,19822,Automatic,134293,Petrol,120,35.8,3.0,1,1,0,0,Petrol,6,0,4,0,1
X7,2022,41977,Manual,6164,Diesel,223,54.8,2.5,1,0,1,0,Diesel,13,1,0,1,1
5 Series,2019,75536,Semi-Auto,34622,Diesel,224,21.1,3.5,4,0,0,1,Diesel,4,2,0,2,1
3 Series,2016,44387,Automatic,36980,Diesel,124,47.7,2.5,7,1,0,0,Diesel,2,0,0,1,1
7 Series,2018,3000,Automatic,120528,Diesel,147,22.9,6.0,5,1,0,0,Diesel,6,0,0,0,1
5 Series,2017,54392,Automatic,85688,Petrol,227,25.9,4.4,6,1,0,0,Petrol,4,0,4,2,1
1 Series,2021,20777,Manual,79066,Hybrid,29,48.0,3.0,2,0,1,0,Hybrid,0,1,2,0,1
X1,2018,3000,Automatic,120947,Diesel,9,31.6,4.0,5,1,0,0,Diesel,7,0,0,0,1
3 Series,2017,23000,Automatic,89660,Petrol,53,28.4,2.5,6,1,0,0,Petrol,2,0,4,1,1
X1,2011,3000,Automatic,109115,Petrol,185,52.1,3.0,12,1,0,0,Petrol,7,0,4,0,0
X3,2016,28348,Semi-Auto,34043,Petrol,206,57.8,2.0,7,0,0,1,Petrol,9,2,4,1,0
3 Series,2011,3000,Automatic,122886,Diesel,254,29.3,4.0,12,1,0,0,Diesel,2,0,0,0,0
1 Series,2022,40222,Automatic,78831,Diesel,156,32.7,2.5,1,1,0,0,Diesel,0,0,0,1,1
X5,2021,57771,Semi-Auto,67250,Diesel,128,48.6,2.5,2,0,0,1,Diesel,11,2,0,2,1
5 Series,2020,36082,Automatic,67345,Petrol,57,52.6,4.0,3,1,0,0,Petrol,4,0,4,1,1
1 Series,2011,58389,Manual,86898,Petrol,194,60.0,3.5,12,0,1,0,Petrol,0,1,4,2,0
i8,2013,48657,Automatic,132108,Diesel,75,30.9,2.5,10,1,0,0,Diesel,16,0,0,1,0
1 Series,2010,23174,Semi-Auto,91034,Petrol,88,42.3,1.5,13,0,0,1,Petrol,0,2,4,1,0
X3,2014,38444,Automatic,94923,Diesel,80,25.4,2.0,9,1,0,0,Diesel,9,0,0,1,0
i3,2015,64783,Manual,11273,Petrol,185,33.2,2.5,8,0,1,0,Petrol,15,1,4,2,0
3 Series,2018,61969,Automatic,128419,Petrol,267,21.8,2.5,5,1,0,0,Petrol,2,0,4,2,1
1 Series,2019,50458,Manual,53460,Diesel,78,28.4,1.5,4,0,1,0,Diesel,0,1,0,2,1
1 Series,2017,8276,Automatic,111803,Diesel,144,40.3,2.5,6,1,0,0,Diesel,0,0,0,0,1
3 Series,2011,3000,Automatic,77939,Petrol,128,26.6,2.0,12,1,0,0,Petrol,2,0,4,0,0
1 Series,2010,36348,Manual,15017,Diesel,13,55.6,2.0,13,0,1,0,Diesel,0,1,0,1,0
X3,2011,3000,Automatic,83901,Petrol,118,48.4,3.5,12,1,0,0,Petrol,9,0,4,0,0
1 Series,2016,3000,Automatic,114000,Diesel,1,21.1,2.5,7,1,0,0,Diesel,0,0,0,0,0
7 Series,2013,81933,Automatic,40215,Hybrid,3,55.1,2.5,10,1,0,0,Hybrid,6,0,2,2,0
i8,2019,92708,Manual,13583,Petrol,243,59.1,2.0,4,0,1,0,Petrol,16,1,4,2,1
X6,2014,57274,Automatic,48025,Petrol,65,40.1,4.0,9,1,0,0,Petrol,12,0,4,2,0
X1,2021,75437,Manual,58943,Petrol,245,32.6,4.4,2,0,1,0,Petrol,7,1,4,2,1
3 Series,2016,3000,Automatic,141586,Diesel,89,30.5,2.5,7,1,0,0,Diesel,2,0,0,0,0
X1,2012,30974,Automatic,2511,Diesel,177,23.5,4.4,11,1,0,0,Diesel,7,0,0,1,0
7 Series,2019,74947,Automatic,83151,Petrol,59,39.7,2.5,4,1,0,0,Petrol,6,0,4,2,1
5 Series,2011,16616,Automatic,25225,Petrol,231,22.0,2.0,12,1,0,0,Petrol,4,0,4,0,0
1 Series,2022,39989,Automatic,30152,Diesel,175,40.2,1.5,1,1,0,0,Diesel,0,0,0,1,1
4 Series,2016,3000,Automatic,107053,Diesel,166,30.1,2.0,7,1,0,0,Diesel,3,0,0,0,0
5 Series,2014,55084,Automatic,67107,Diesel,197,39.1,3.0,9,1,0,0,Diesel,4,0,0,2,0
3 Series,2010,46185,Semi-Auto,125387,Hybrid,59,36.7,2.5,13,0,0,1,Hybrid,2,2,2,1,0
5 Series,2010,3000,Automatic,61910,Petrol,82,32.2,3.0,13,1,0,0,Petrol,4,0,4,0,0
5 Series,2018,86365,Automatic,43530,Diesel,73,37.9,2.5,5,1,0,0,Diesel,4,0,0,2,1
X6,2014,21472,Automatic,79753,Electric,25,39.0,2.5,9,1,0,0,Electric,12,0,1,0,0
X5,2010,12350,Automatic,42999,Petrol,242,53.3,2.0,13,1,0,0,Petrol,11,0,4,0,0
X5,2016,87899,Automatic,7609,Diesel,115,46.6,1.5,7,1,0,0,Diesel,11,0,0,2,1
1 Series,2018,81511,Automatic,50322,Diesel,179,37.3,3.5,5,1,0,0,Diesel,0,0,0,2,1
5 Series,2020,31364,Manual,6151,Diesel,261,56.2,3.5,3,0,1,0,Diesel,4,1,0,1,1
5 Series,2010,64814,Automatic,7406,Petrol,113,50.2,2.5,13,1,0,0,Petrol,4,0,4,2,0
1 Series,2019,35697,Automatic,63678,Diesel,265,23.0,2.0,4,1,0,0,Diesel,0,0,0,1,1
3 Series,2022,84198,Automatic,48062,Electric,37,26.1,2.0,1,1,0,0,Electric,2,0,1,2,1
X5,2013,8252,Automatic,112377,Diesel,76,23.3,5.0,10,1,0,0,Diesel,11,0,0,0,0
1 Series,2012,3000,Automatic,54830,Hybrid,101,32.8,2.0,11,1,0,0,Hybrid,0,0,2,0,0
7 Series,2014,34879,Automatic,14133,Diesel,11,37.4,1.5,9,1,0,0,Diesel,6,0,0,1,0
3 Series,2016,69509,Automatic,13209,Hybrid,48,40.2,3.0,7,1,0,0,Hybrid,2,0,2,2,1
1 Series,2017,34192,Automatic,110828,Petrol,253,54.1,2.0,6,1,0,0,Petrol,0,0,4,1,1
3 Series,2022,23645,Manual,75681,Diesel,248,20.7,5.0,1,0,1,0,Diesel,2,1,0,1,1
Z4,2011,42161,Automatic,55345,Diesel,71,37.1,3.0,12,1,0,0,Diesel,14,0,0,1,0
X6,2016,71206,Automatic,43585,Diesel,196,36.4,5.0,7,1,0,0,Diesel,12,0,0,2,1
X7,2010,68680,Automatic,35638,Petrol,252,57.9,3.5,13,1,0,0,Petrol,13,0,4,2,0
5 Series,2016,40411,Automatic,21645,Diesel,298,29.6,3.0,7,1,0,0,Diesel,4,0,0,1,1
1 Series,2017,83856,Automatic,19408,Petrol,221,24.9,3.5,6,1,0,0,Petrol,0,0,4,2,1
7 Series,2011,94236,Automatic,13521,Petrol,59,25.7,3.0,12,1,0,0,Petrol,6,0,4,2,0
5 Series,2018,53956,Manual,88414,Petrol,156,40.8,1.5,5,0,1,0,Petrol,4,1,4,2,1
2 Series,2010,3000,Automatic,129432,Other,201,35.6,2.5,13,1,0,0,Other,1,0,3,0,0
1 Series,2022,60917,Automatic,124520,Petrol,266,50.2,2.0,1,1,0,0,Petrol,0,0,4,2,1
5 Series,2015,80563,Automatic,39221,Diesel,34,32.9,2.5,8,1,0,0,Diesel,4,0,0,2,1
3 Series,2010,34849,Automatic,101131,Petrol,254,25.1,2.5,13,1,0,0,Petrol,2,0,4,1,0
3 Series,2012,19151,Automatic,17923,Diesel,22,35.5,2.0,11,1,0,0,Diesel,2,0,0,0,0
X5,2020,36398,Automatic,82761,Diesel,164,55.3,1.5,3,1,0,0,Diesel,11,0,0,1,1
5 Series,2015,47833,Automatic,8202,Diesel,27,36.2,2.0,8,1,0,0,Diesel,4,0,0,1,0
5 Series,2012,25020,Automatic,96675,Diesel,52,53.3,4.0,11,1,0,0,Diesel,4,0,0,1,0
5 Series,2017,57124,Automatic,111443,Diesel,283,34.9,3.5,6,1,0,0,Diesel,4,0,0,2,1
5 Series,2014,63779,Manual,12218,Diesel,297,31.3,3.5,9,0,1,0,Diesel,4,1,0,2,0
X5,2011,23402,Automatic,46692,Diesel,84,51.0,2.0,12,1,0,0,Diesel,11,0,0,1,0
6 Series,2013,12389,Automatic,98148,Diesel,123,28.4,2.0,10,1,0,0,Diesel,5,0,0,0,0
X7,2018,18353,Manual,7716,Diesel,206,29.3,1.5,5,0,1,0,Diesel,13,1,0,0,1
X5,2013,48122,Manual,17088,Petrol,164,22.0,2.5,10,0,1,0,Petrol,11,1,4,1,0
3 Series,2019,52999,Manual,32001,Diesel,46,27.5,2.5,4,0,1,0,Diesel,2,1,0,2,1
X3,2019,8279,Automatic,132022,Diesel,155,35.2,3.5,4,1,0,0,Diesel,9,0,0,0,1
5 Series,2017,37045,Manual,5286,Petrol,265,36.0,3.0,6,0,1,0,Petrol,4,1,4,1,1
3 Series,2014,23586,Automatic,136811,Hybrid,278,36.8,2.0,9,1,0,0,Hybrid,2,0,2,1,0
2 Series,2020,83624,Automatic,31158,Diesel,4,39.2,6.0,3,1,0,0,Diesel,1,0,0,2,1
1 Series,2020,3244,Automatic,101393,Diesel,81,42.9,3.5,3,1,0,0,Diesel,0,0,0,0,1
6 Series,2019,40399,Manual,6605,Petrol,118,27.6,3.0,4,0,1,0,Petrol,5,1,4,1,1
5 Series,2022,12801,Automatic,57492,Electric,261,44.6,2.0,1,1,0,0,Electric,4,0,1,0,1
X1,2022,103303,Automatic,4321,Diesel,124,33.5,4.4,1,1,0,0,Diesel,7,0,0,2,1
X3,2010,29641,Automatic,13170,Petrol,214,49.4,2.5,13,1,0,0,Petrol,9,0,4,1,0
6 Series,2016,10323,Automatic,57045,Diesel,27,42.3,2.0,7,1,0,0,Diesel,5,0,0,0,0
X1,2012,5411,Manual,141005,Diesel,268,42.2,3.0,11,0,1,0,Diesel,7,1,0,0,0
X1,2019,36170,Automatic,141978,Diesel,24,47.4,2.0,4,1,0,0,Diesel,7,0,0,1,1
1 Series,2017,7439,Automatic,111540,Diesel,6,33.3,4.4,6,1,0,0,Diesel,0,0,0,0,1
7 Series,2021,14974,Manual,102101,Diesel,193,37.2,4.0,2,0,1,0,Diesel,6,1,0,0,1
3 Series,2012,61793,Automatic,1818,Diesel,79,43.3,2.5,11,1,0,0,Diesel,2,0,0,2,0
X5,2010,60415,Automatic,9434,Hybrid,35,36.9,2.0,13,1,0,0,Hybrid,11,0,2,2,0
7 Series,2014,29436,Manual,122494,Other,257,37.8,2.5,9,0,1,0,Other,6,1,3,1,0
X3,2011,3433,Semi-Auto,31571,Diesel,112,30.9,2.0,12,0,0,1,Diesel,9,2,0,0,0
1 Series,2020,13111,Manual,41694,Hybrid,293,31.5,2.0,3,0,1,0,Hybrid,0,1,2,0,1
1 Series,2013,22951,Automatic,95426,Diesel,201,48.0,2.5,10,1,0,0,Diesel,0,0,0,1,0
X3,2010,3000,Automatic,119792,Petrol,13,20.2,1.5,13,1,0,0,Petrol,9,0,4,0,0
1 Series,2018,14876,Automatic,46485,Hybrid,154,23.8,3.5,5,1,0,0,Hybrid,0,0,2,0,1
1 Series,2015,40831,Automatic,144141,Petrol,84,58.0,2.0,8,1,0,0,Petrol,0,0,4,1,0
1 Series,2017,63666,Automatic,58198,Petrol,139,27.5,4.0,6,1,0,0,Petrol,0,0,4,2,1
X7,2020,18349,Automatic,99316,Diesel,96,36.7,1.5,3,1,0,0,Diesel,13,0,0,0,1
X5,2013,3000,Manual,89970,Diesel,184,54.0,2.5,10,0,1,0,Diesel,11,1,0,0,0
5 Series,2018,18301,Automatic,73928,Diesel,188,20.0,3.5,5,1,0,0,Diesel,4,0,0,0,1
3 Series,2011,21019,Automatic,148174,Diesel,81,57.0,2.0,12,1,0,0,Diesel,2,0,0,0,0
3 Series,2018,3000,Automatic,88798,Petrol,299,22.1,3.0,5,1,0,0,Petrol,2,0,4,0,1
X5,2021,98495,Automatic,53290,Other,179,26.8,3.0,2,1,0,0,Other,11,0,3,2,1
X3,2014,30852,Semi-Auto,123664,Diesel,104,21.2,3.0,9,0,0,1,Diesel,9,2,0,1,0
3 Series,2022,39824,Automatic,144004,Hybrid,209,40.8,2.5,1,1,0,0,Hybrid,2,0,2,1,1
3 Series,2015,62013,Automatic,12766,Petrol,248,57.7,3.5,8,1,0,0,Petrol,2,0,4,2,0
1 Series,2012,17332,Automatic,89247,Diesel,71,53.6,3.0,11,1,0,0,Diesel,0,0,0,0,0
X3,2013,42179,Automatic,14292,Diesel,160,45.6,3.0,10,1,0,0,Diesel,9,0,0,1,0
X5,2015,65296,Automatic,73944,Diesel,132,27.4,3.5,8,1,0,0,Diesel,11,0,0,2,0
3 Series,2016,13116,Manual,107446,Petrol,239,54.8,2.0,7,0,1,0,Petrol,2,1,4,0,0
1 Series,2010,44232,Automatic,35533,Diesel,77,50.2,2.0,13,1,0,0,Diesel,0,0,0,1,0
1 Series,2016,67083,Automatic,81773,Petrol,57,30.7,2.5,7,1,0,0,Petrol,0,0,4,2,1
X7,2010,27247,Automatic,125433,Diesel,124,52.2,1.5,13,1,0,0,Diesel,13,0,0,1,0
3 Series,2014,3000,Manual,137850,Electric,10,55.1,2.5,9,0,1,0,Electric,2,1,1,0,0
X5,2015,69027,Manual,36059,Petrol,26,47.9,2.5,8,0,1,0,Petrol,11,1,4,2,0
X1,2022,4016,Automatic,123418,Diesel,206,24.0,2.5,1,1,0,0,Diesel,7,0,0,0,1
5 Series,2011,3000,Automatic,136938,Diesel,221,59.4,2.0,12,1,0,0,Diesel,4,0,0,0,0
3 Series,2022,37033,Manual,74965,Petrol,249,23.0,4.4,1,0,1,0,Petrol,2,1,4,1,1
1 Series,2019,37801,Manual,61661,Petrol,207,46.2,2.0,4,0,1,0,Petrol,0,1,4,1,1
X1,2018,50801,Manual,44352,Petrol,108,24.4,4.0,5,0,1,0,Petrol,7,1,4,2,1
X5,2019,17614,Manual,111051,Petrol,295,56.2,2.5,4,0,1,0,Petrol,11,1,4,0,1
X1,2015,27856,Automatic,89373,Petrol,60,34.0,3.0,8,1,0,0,Petrol,7,0,4,1,0
7 Series,2016,87346,Automatic,35075,Petrol,121,40.5,2.0,7,1,0,0,Petrol,6,0,4,2,1
1 Series,2019,47904,Manual,92931,Petrol,238,27.2,2.5,4,0,1,0,Petrol,0,1,4,1,1
X7,2017,66780,Semi-Auto,25104,Diesel,105,41.9,5.0,6,0,0,1,Diesel,13,2,0,2,1
X6,2020,52134,Automatic,66827,Diesel,278,57.6,3.0,3,1,0,0,Diesel,12,0,0,2,1
3 Series,2022,48275,Automatic,70222,Diesel,35,56.1,3.5,1,1,0,0,Diesel,2,0,0,1,1
Z4,2019,49394,Semi-Auto,133714,Diesel,37,22.6,2.0,4,0,0,1,Diesel,14,2,0,2,1
X1,2010,26558,Automatic,98013,Petrol,71,35.1,3.5,13,1,0,0,Petrol,7,0,4,1,0
X1,2017,29366,Manual,63845,Diesel,55,30.7,2.5,6,0,1,0,Diesel,7,1,0,1,1
X5,2013,89399,Automatic,9769,Petrol,166,39.3,2.5,10,1,0,0,Petrol,11,0,4,2,0
X6,2019,68255,Automatic,96369,Diesel,220,53.3,2.0,4,1,0,0,Diesel,12,0,0,2,1
X3,2017,77676,Automatic,51375,Hybrid,75,49.6,2.5,6,1,0,0,Hybrid,9,0,2,2,1
1 Series,2022,57485,Automatic,13268,Petrol,209,33.8,2.5,1,1,0,0,Petrol,0,0,4,2,1
3 Series,2015,39467,Automatic,142916,Diesel,210,35.3,3.0,8,1,0,0,Diesel,2,0,0,1,0
X2,2020,71071,Automatic,75174,Diesel,227,46.2,4.0,3,1,0,0,Diesel,8,0,0,2,1
3 Series,2018,3000,Manual,103677,Diesel,224,27.8,2.5,5,0,1,0,Diesel,2,1,0,0,1
5 Series,2020,3000,Semi-Auto,143305,Petrol,253,24.1,6.0,3,0,0,1,Petrol,4,2,4,0,1
5 Series,2013,92786,Automatic,31496,Petrol,155,29.7,3.5,10,1,0,0,Petrol,4,0,4,2,0
5 Series,2011,4947,Automatic,149878,Diesel,148,25.0,2.5,12,1,0,0,Diesel,4,0,0,0,0
X1,2011,3000,Automatic,79807,Petrol,278,34.1,2.0,12,1,0,0,Petrol,7,0,4,0,0
X4,2014,64370,Automatic,20465,Diesel,230,57.5,1.5,9,1,0,0,Diesel,10,0,0,2,0
3 Series,2019,32470,Automatic,140322,Diesel,189,24.8,2.0,4,1,0,0,Diesel,2,0,0,1,1
1 Series,2018,88517,Automatic,61503,Hybrid,224,52.7,4.0,5,1,0,0,Hybrid,0,0,2,2,1
3 Series,2021,72700,Automatic,22310,Petrol,64,41.4,2.0,2,1,0,0,Petrol,2,0,4,2,1
4 Series,2012,9235,Automatic,131301,Petrol,107,45.3,2.0,11,1,0,0,Petrol,3,0,4,0,0
X1,2017,3000,Automatic,94518,Petrol,79,26.8,1.5,6,1,0,0,Petrol,7,0,4,0,1
3 Series,2013,18954,Manual,33206,Diesel,132,26.1,2.0,10,0,1,0,Diesel,2,1,0,0,0
X6,2015,53660,Automatic,10764,Diesel,173,26.5,2.0,8,1,0,0,Diesel,12,0,0,2,0
4 Series,2019,3000,Manual,144914,Other,63,46.7,2.0,4,0,1,0,Other,3,1,3,0,1
2 Series,2015,33528,Semi-Auto,135048,Diesel,209,49.9,5.0,8,0,0,1,Diesel,1,2,0,1,0
X2,2012,3000,Semi-Auto,139498,Diesel,296,56.8,2.0,11,0,0,1,Diesel,8,2,0,0,0
3 Series,2014,37992,Semi-Auto,27710,Diesel,97,35.9,1.5,9,0,0,1,Diesel,2,2,0,1,0
X5,2021,80229,Automatic,42387,Petrol,171,38.5,4.4,2,1,0,0,Petrol,11,0,4,2,1
5 Series,2012,3000,Automatic,138558,Petrol,88,38.8,3.0,11,1,0,0,Petrol,4,0,4,0,0
2 Series,2020,3000,Automatic,113418,Petrol,225,30.8,1.5,3,1,0,0,Petrol,1,0,4,0,1
X3,2020,41755,Manual,23623,Diesel,142,33.1,1.5,3,0,1,0,Diesel,9,1,0,1,1
X5,2010,16204,Manual,24806,Diesel,195,53.9,2.0,13,0,1,0,Diesel,11,1,0,0,0
X3,2016,26814,Manual,138045,Petrol,178,33.7,3.0,7,0,1,0,Petrol,9,1,4,1,0
3 Series,2013,29060,Automatic,115162,Diesel,53,54.8,1.5,10,1,0,0,Diesel,2,0,0,1,0
7 Series,2016,38588,Manual,6521,Petrol,195,32.2,3.0,7,0,1,0,Petrol,6,1,4,1,1
i3,2012,74688,Automatic,13891,Petrol,216,33.6,3.0,11,1,0,0,Petrol,15,0,4,2,0
X4,2021,60342,Automatic,83331,Diesel,297,42.4,2.0,2,1,0,0,Diesel,10,0,0,2,1
1 Series,2020,31847,Manual,23474,Hybrid,24,24.1,2.5,3,0,1,0,Hybrid,0,1,2,1,1
3 Series,2014,80472,Automatic,11687,Petrol,66,56.9,5.0,9,1,0,0,Petrol,2,0,4,2,0
1 Series,2014,46378,Semi-Auto,99550,Diesel,162,52.8,3.5,9,0,0,1,Diesel,0,2,0,1,0
X3,2022,3000,Automatic,143081,Diesel,111,46.8,3.0,1,1,0,0,Diesel,9,0,0,0,1
X6,2011,14692,Manual,89762,Petrol,205,59.5,2.5,12,0,1,0,Petrol,12,1,4,0,0
3 Series,2020,9700,Automatic,89484,Diesel,136,20.6,2.5,3,1,0,0,Diesel,2,0,0,0,1
7 Series,2019,64648,Manual,101475,Petrol,278,36.4,2.5,4,0,1,0,Petrol,6,1,4,2,1
2 Series,2021,49634,Manual,45291,Petrol,164,54.3,3.5,2,0,1,0,Petrol,1,1,4,2,1
X5,2011,47142,Semi-Auto,49296,Petrol,270,37.3,3.0,12,0,0,1,Petrol,11,2,4,1,0
7 Series,2013,64026,Automatic,41225,Petrol,227,20.2,3.5,10,1,0,0,Petrol,6,0,4,2,0
X1,2013,50751,Semi-Auto,35828,Petrol,126,26.3,5.0,10,0,0,1,Petrol,7,2,4,2,0
7 Series,2013,88620,Automatic,34712,Petrol,269,37.4,3.0,10,1,0,0,Petrol,6,0,4,2,0
3 Series,2015,42511,Automatic,27823,Diesel,247,46.7,3.0,8,1,0,0,Diesel,2,0,0,1,0
X1,2011,3000,Automatic,137433,Diesel,35,26.5,2.5,12,1,0,0,Diesel,7,0,0,0,0
X3,2015,49976,Manual,92374,Petrol,154,37.9,2.0,8,0,1,0,Petrol,9,1,4,2,0
4 Series,2016,14086,Automatic,81174,Petrol,144,20.5,2.5,7,1,0,0,Petrol,3,0,4,0,0
X1,2020,84827,Manual,39052,Petrol,259,39.1,2.5,3,0,1,0,Petrol,7,1,4,2,1
X5,2019,31261,Manual,24265,Diesel,18,55.8,1.5,4,0,1,0,Diesel,11,1,0,1,1
3 Series,2012,61209,Automatic,91287,Petrol,57,43.9,2.5,11,1,0,0,Petrol,2,0,4,2,0
5 Series,2020,28249,Semi-Auto,43012,Diesel,262,37.6,4.0,3,0,0,1,Diesel,4,2,0,1,1
1 Series,2021,61515,Automatic,11916,Diesel,35,26.5,5.0,2,1,0,0,Diesel,0,0,0,2,1
3 Series,2017,13561,Manual,126462,Hybrid,210,28.1,4.0,6,0,1,0,Hybrid,2,1,2,0,1
X3,2011,18701,Automatic,76045,Diesel,147,23.1,2.0,12,1,0,0,Diesel,9,0,0,0,0
i8,2020,9806,Automatic,90860,Petrol,101,49.7,2.0,3,1,0,0,Petrol,16,0,4,0,1
1 Series,2017,18203,Automatic,146075,Diesel,75,23.1,2.5,6,1,0,0,Diesel,0,0,0,0,1
5 Series,2022,54790,Automatic,43634,Diesel,67,35.4,2.0,1,1,0,0,Diesel,4,0,0,2,1
X6,2020,22678,Automatic,96479,Diesel,65,50.0,3.0,3,1,0,0,Diesel,12,0,0,1,1
3 Series,2014,16025,Automatic,75992,Diesel,221,48.5,1.5,9,1,0,0,Diesel,2,0,0,0,0
X1,2011,14524,Automatic,12369,Petrol,150,43.1,2.5,12,1,0,0,Petrol,7,0,4,0,0
X5,2016,74578,Automatic,20329,Diesel,273,42.9,2.0,7,1,0,0,Diesel,11,0,0,2,1
X1,2011,15074,Automatic,87700,Hybrid,277,23.6,3.0,12,1,0,0,Hybrid,7,0,2,0,0
3 Series,2015,44625,Manual,103960,Electric,67,27.0,3.5,8,0,1,0,Electric,2,1,1,1,0
5 Series,2019,42145,Automatic,13410,Diesel,234,41.4,4.4,4,1,0,0,Diesel,4,0,0,1,1
X5,2012,9828,Manual,134737,Petrol,202,33.9,5.0,11,0,1,0,Petrol,11,1,4,0,0
X1,2018,26239,Automatic,3684,Petrol,232,20.8,2.5,5,1,0,0,Petrol,7,0,4,1,1
1 Series,2012,43169,Automatic,20887,Diesel,162,51.9,4.0,11,1,0,0,Diesel,0,0,0,1,0
X5,2020,3000,Automatic,138252,Diesel,97,46.2,3.0,3,1,0,0,Diesel,11,0,0,0,1
1 Series,2021,76946,Automatic,47779,Hybrid,8,33.0,3.0,2,1,0,0,Hybrid,0,0,2,2,1
X5,2021,32607,Automatic,69095,Diesel,248,23.9,4.0,2,1,0,0,Diesel,11,0,0,1,1
3 Series,2012,3000,Automatic,128510,Diesel,226,43.6,2.0,11,1,0,0,Diesel,2,0,0,0,0
X7,2014,3000,Manual,102261,Diesel,240,33.9,4.4,9,0,1,0,Diesel,13,1,0,0,0
5 Series,2016,27535,Manual,57068,Diesel,74,30.2,2.5,7,0,1,0,Diesel,4,1,0,1,0
3 Series,2017,48620,Automatic,19113,Diesel,16,48.9,2.5,6,1,0,0,Diesel,2,0,0,1,1
1 Series,2021,50658,Manual,43861,Petrol,50,33.1,2.5,2,0,1,0,Petrol,0,1,4,2,1
3 Series,2020,71073,Automatic,79487,Diesel,227,25.4,3.5,3,1,0,0,Diesel,2,0,0,2,1
4 Series,2016,52183,Automatic,26617,Electric,193,39.3,3.0,7,1,0,0,Electric,3,0,1,2,1
i8,2018,54975,Automatic,99330,Petrol,279,53.1,3.0,5,1,0,0,Petrol,16,0,4,2,1
5 Series,2014,3000,Manual,134655,Diesel,237,54.0,2.0,9,0,1,0,Diesel,4,1,0,0,0
5 Series,2019,88073,Manual,27250,Petrol,270,54.0,2.0,4,0,1,0,Petrol,4,1,4,2,1
X3,2020,51079,Manual,4055,Diesel,156,36.8,3.0,3,0,1,0,Diesel,9,1,0,2,1
4 Series,2012,41969,Automatic,73337,Diesel,253,51.6,2.0,11,1,0,0,Diesel,3,0,0,1,0
X1,2015,3000,Automatic,128615,Hybrid,117,54.0,2.0,8,1,0,0,Hybrid,7,0,2,0,0
5 Series,2014,19783,Manual,103255,Diesel,49,38.4,2.0,9,0,1,0,Diesel,4,1,0,0,0
5 Series,2021,13166,Automatic,61532,Diesel,277,32.7,2.0,2,1,0,0,Diesel,4,0,0,0,1
X3,2013,39395,Automatic,90376,Petrol,51,48.1,2.5,10,1,0,0,Petrol,9,0,4,1,0
1 Series,2021,92552,Automatic,10933,Diesel,180,56.2,2.0,2,1,0,0,Diesel,0,0,0,2,1
X1,2011,33904,Automatic,32979,Diesel,30,58.9,4.0,12,1,0,0,Diesel,7,0,0,1,0
5 Series,2016,58215,Automatic,46047,Diesel,245,31.6,3.0,7,1,0,0,Diesel,4,0,0,2,1
X6,2022,97839,Automatic,5137,Petrol,89,58.2,3.0,1,1,0,0,Petrol,12,0,4,2,1
1 Series,2014,72975,Automatic,12423,Diesel,30,40.0,2.5,9,1,0,0,Diesel,0,0,0,2,0
X1,2013,64154,Automatic,90851,Diesel,101,32.2,3.0,10,1,0,0,Diesel,7,0,0,2,0
5 Series,2021,61807,Automatic,35482,Hybrid,229,59.5,2.5,2,1,0,0,Hybrid,4,0,2,2,1
X1,2017,67126,Automatic,53483,Diesel,96,55.1,2.0,6,1,0,0,Diesel,7,0,0,2,1
1 Series,2018,23564,Automatic,35754,Petrol,66,47.7,1.5,5,1,0,0,Petrol,0,0,4,1,1
X1,2018,66283,Automatic,24363,Diesel,191,55.8,3.0,5,1,0,0,Diesel,7,0,0,2,1
X1,2012,46362,Automatic,18085,Hybrid,210,47.3,2.0,11,1,0,0,Hybrid,7,0,2,1,0
X1,2012,14787,Automatic,57889,Diesel,136,37.6,1.5,11,1,0,0,Diesel,7,0,0,0,0
X1,2014,41748,Manual,103090,Diesel,183,57.9,2.5,9,0,1,0,Diesel,7,1,0,1,0
X3,2014,3000,Manual,80951,Electric,55,58.5,3.0,9,0,1,0,Electric,9,1,1,0,0
X6,2019,34080,Automatic,129227,Petrol,249,32.6,3.5,4,1,0,0,Petrol,12,0,4,1,1
3 Series,2011,3000,Automatic,130925,Petrol,281,34.2,4.0,12,1,0,0,Petrol,2,0,4,0,0
X6,2010,38113,Manual,57414,Diesel,59,35.3,2.0,13,0,1,0,Diesel,12,1,0,1,0
5 Series,2017,58477,Automatic,118159,Petrol,127,52.9,6.0,6,1,0,0,Petrol,4,0,4,2,1
1 Series,2012,19380,Automatic,87934,Diesel,204,51.6,3.5,11,1,0,0,Diesel,0,0,0,0,0
1 Series,2010,70925,Automatic,33691,Diesel,213,59.3,2.0,13,1,0,0,Diesel,0,0,0,2,0
3 Series,2010,62466,Automatic,55697,Diesel,126,38.6,3.5,13,1,0,0,Diesel,2,0,0,2,0
X5,2020,3000,Automatic,135116,Petrol,71,49.5,2.5,3,1,0,0,Petrol,11,0,4,0,1
X3,2011,17976,Semi-Auto,4883,Diesel,215,54.3,1.5,12,0,0,1,Diesel,9,2,0,0,0
X5,2015,22421,Manual,32712,Diesel,89,28.8,2.0,8,0,1,0,Diesel,11,1,0,1,0
7 Series,2015,8720,Automatic,114655,Diesel,232,44.8,2.5,8,1,0,0,Diesel,6,0,0,0,0
5 Series,2012,66707,Automatic,22545,Diesel,232,41.9,2.5,11,1,0,0,Diesel,4,0,0,2,0
1 Series,2021,47629,Automatic,19204,Petrol,62,49.7,4.4,2,1,0,0,Petrol,0,0,4,1,1
3 Series,2013,13226,Automatic,24268,Diesel,246,47.8,2.0,10,1,0,0,Diesel,2,0,0,0,0
5 Series,2021,40533,Automatic,85383,Diesel,134,52.5,2.5,2,1,0,0,Diesel,4,0,0,1,1
1 Series,2022,27929,Automatic,120755,Diesel,1,32.4,2.0,1,1,0,0,Diesel,0,0,0,1,1
3 Series,2011,58163,Automatic,97940,Diesel,160,28.7,3.0,12,1,0,0,Diesel,2,0,0,2,0
X1,2011,34977,Automatic,29436,Petrol,139,52.2,4.4,12,1,0,0,Petrol,7,0,4,1,0
X5,2016,12513,Automatic,136197,Petrol,201,34.4,3.0,7,1,0,0,Petrol,11,0,4,0,0
i8,2022,4856,Semi-Auto,99524,Diesel,124,31.5,2.5,1,0,0,1,Diesel,16,2,0,0,1
X4,2010,19106,Automatic,87842,Diesel,81,33.5,3.5,13,1,0,0,Diesel,10,0,0,0,0
X1,2016,69139,Semi-Auto,43973,Petrol,163,22.7,2.0,7,0,0,1,Petrol,7,2,4,2,1
5 Series,2021,35936,Automatic,77369,Diesel,239,50.9,4.4,2,1,0,0,Diesel,4,0,0,1,1
X1,2021,51030,Automatic,88533,Diesel,212,48.6,3.0,2,1,0,0,Diesel,7,0,0,2,1
X5,2010,78472,Automatic,34521,Petrol,148,42.1,3.0,13,1,0,0,Petrol,11,0,4,2,0
1 Series,2015,12722,Automatic,139560,Electric,71,48.6,3.5,8,1,0,0,Electric,0,0,1,0,0
5 Series,2012,45015,Automatic,40974,Petrol,102,34.9,3.0,11,1,0,0,Petrol,4,0,4,1,0
2 Series,2017,3000,Semi-Auto,124900,Diesel,182,31.8,3.0,6,0,0,1,Diesel,1,2,0,0,1
5 Series,2015,39555,Semi-Auto,43448,Diesel,183,54.5,3.0,8,0,0,1,Diesel,4,2,0,1,0
X1,2020,101833,Automatic,8938,Petrol,12,36.9,1.5,3,1,0,0,Petrol,7,0,4,2,1
X1,2011,3000,Automatic,105262,Hybrid,231,27.8,2.5,12,1,0,0,Hybrid,7,0,2,0,0
3 Series,2017,3000,Automatic,147842,Diesel,149,50.0,5.0,6,1,0,0,Diesel,2,0,0,0,1
5 Series,2014,59359,Automatic,50934,Petrol,262,33.4,2.0,9,1,0,0,Petrol,4,0,4,2,0
3 Series,2017,5740,Automatic,66526,Diesel,23,28.5,2.5,6,1,0,0,Diesel,2,0,0,0,1
1 Series,2017,37221,Automatic,98204,Diesel,188,21.1,2.0,6,1,0,0,Diesel,0,0,0,1,1
1 Series,2015,37102,Automatic,22487,Electric,132,58.8,2.5,8,1,0,0,Electric,0,0,1,1,0
2 Series,2011,47102,Automatic,13869,Diesel,49,38.7,3.0,12,1,0,0,Diesel,1,0,0,1,0
3 Series,2017,34939,Automatic,115576,Petrol,182,26.5,3.0,6,1,0,0,Petrol,2,0,4,1,1
7 Series,2020,16904,Automatic,83209,Petrol,25,50.3,2.5,3,1,0,0,Petrol,6,0,4,0,1
3 Series,2015,64418,Automatic,83299,Diesel,137,55.5,4.4,8,1,0,0,Diesel,2,0,0,2,0
X4,2015,47810,Semi-Auto,45933,Diesel,10,41.1,3.5,8,0,0,1,Diesel,10,2,0,1,0
3 Series,2017,37479,Automatic,77579,Electric,295,21.1,2.0,6,1,0,0,Electric,2,0,1,1,1
5 Series,2010,26725,Manual,141642,Diesel,101,34.6,2.5,13,0,1,0,Diesel,4,1,0,1,0
4 Series,2011,3000,Manual,138958,Hybrid,10,29.7,4.0,12,0,1,0,Hybrid,3,1,2,0,0
2 Series,2021,60617,Semi-Auto,91177,Other,111,45.5,1.5,2,0,0,1,Other,1,2,3,2,1
3 Series,2021,21636,Manual,68719,Diesel,93,40.8,3.0,2,0,1,0,Diesel,2,1,0,0,1
X6,2018,57045,Automatic,95606,Petrol,259,34.2,2.0,5,1,0,0,Petrol,12,0,4,2,1
5 Series,2020,3000,Manual,135846,Petrol,257,45.9,1.5,3,0,1,0,Petrol,4,1,4,0,1
5 Series,2021,92426,Automatic,30018,Petrol,166,43.4,4.4,2,1,0,0,Petrol,4,0,4,2,1
1 Series,2017,48230,Automatic,86839,Diesel,208,56.3,3.5,6,1,0,0,Diesel,0,0,0,1,1
1 Series,2021,48980,Semi-Auto,146344,Petrol,44,43.9,2.0,2,0,0,1,Petrol,0,2,4,1,1
X3,2016,44177,Manual,34545,Petrol,204,40.3,3.5,7,0,1,0,Petrol,9,1,4,1,1
5 Series,2016,89777,Semi-Auto,3566,Petrol,41,52.9,2.0,7,0,0,1,Petrol,4,2,4,2,1
5 Series,2014,43708,Manual,77489,Petrol,284,28.1,2.5,9,0,1,0,Petrol,4,1,4,1,0
X3,2011,3000,Manual,66355,Petrol,99,29.7,3.0,12,0,1,0,Petrol,9,1,4,0,0
X5,2020,61760,Manual,73940,Petrol,271,51.3,2.5,3,0,1,0,Petrol,11,1,4,2,1
3 Series,2015,11091,Manual,127731,Diesel,5,37.7,4.0,8,0,1,0,Diesel,2,1,0,0,0
X1,2019,22073,Automatic,99382,Petrol,41,36.4,3.0,4,1,0,0,Petrol,7,0,4,1,1
1 Series,2012,11053,Semi-Auto,124865,Diesel,252,55.5,2.5,11,0,0,1,Diesel,0,2,0,0,0
X5,2013,38259,Manual,23129,Petrol,75,44.4,4.4,10,0,1,0,Petrol,11,1,4,1,0
X3,2022,71455,Manual,31845,Diesel,41,52.1,1.5,1,0,1,0,Diesel,9,1,0,2,1
X7,2019,63272,Automatic,80449,Diesel,267,52.4,2.5,4,1,0,0,Diesel,13,0,0,2,1
1 Series,2021,69593,Automatic,11739,Diesel,216,24.8,3.0,2,1,0,0,Diesel,0,0,0,2,1
1 Series,2020,3000,Automatic,134745,Diesel,63,46.1,3.5,3,1,0,0,Diesel,0,0,0,0,1
3 Series,2011,22453,Semi-Auto,32171,Petrol,178,58.1,2.5,12,0,0,1,Petrol,2,2,4,1,0
3 Series,2011,18028,Automatic,90179,Petrol,28,39.2,4.0,12,1,0,0,Petrol,2,0,4,0,0
3 Series,2021,10048,Automatic,101022,Diesel,274,49.3,2.5,2,1,0,0,Diesel,2,0,0,0,1
6 Series,2017,18760,Automatic,142696,Hybrid,215,42.7,2.5,6,1,0,0,Hybrid,5,0,2,0,1
3 Series,2017,9128,Manual,109906,Electric,53,28.2,5.0,6,0,1,0,Electric,2,1,1,0,1
3 Series,2019,32591,Manual,53930,Diesel,79,27.8,3.0,4,0,1,0,Diesel,2,1,0,1,1
X5,2015,64453,Manual,50649,Diesel,193,37.4,2.5,8,0,1,0,Diesel,11,1,0,2,0
5 Series,2022,34620,Automatic,64503,Diesel,199,39.3,4.0,1,1,0,0,Diesel,4,0,0,1,1
X5,2014,20076,Automatic,117659,Diesel,12,40.1,3.0,9,1,0,0,Diesel,11,0,0,0,0
1 Series,2017,21725,Automatic,97875,Diesel,221,58.2,3.0,6,1,0,0,Diesel,0,0,0,1,1
5 Series,2013,3000,Automatic,139659,Petrol,192,24.0,3.0,10,1,0,0,Petrol,4,0,4,0,0
1 Series,2020,3000,Manual,135599,Hybrid,239,35.2,3.0,3,0,1,0,Hybrid,0,1,2,0,1
1 Series,2013,3699,Automatic,52538,Petrol,269,40.6,2.5,10,1,0,0,Petrol,0,0,4,0,0
6 Series,2014,46158,Automatic,38455,Diesel,297,58.5,2.5,9,1,0,0,Diesel,5,0,0,1,0
1 Series,2010,88998,Automatic,21243,Electric,98,40.2,4.4,13,1,0,0,Electric,0,0,1,2,0
7 Series,2010,49977,Automatic,124793,Hybrid,219,51.0,2.5,13,1,0,0,Hybrid,6,0,2,2,0
5 Series,2011,3000,Semi-Auto,112371,Diesel,103,50.0,2.0,12,0,0,1,Diesel,4,2,0,0,0
3 Series,2017,75448,Automatic,70231,Petrol,64,42.7,2.5,6,1,0,0,Petrol,2,0,4,2,1
6 Series,2016,16035,Manual,75648,Petrol,144,25.2,1.5,7,0,1,0,Petrol,5,1,4,0,0
1 Series,2019,41049,Automatic,33059,Petrol,37,28.8,3.0,4,1,0,0,Petrol,0,0,4,1,1
X3,2018,19538,Automatic,73778,Diesel,27,29.6,2.0,5,1,0,0,Diesel,9,0,0,0,1
X7,2014,49476,Automatic,76477,Diesel,288,21.5,2.0,9,1,0,0,Diesel,13,0,0,2,0
X1,2011,42712,Automatic,56283,Diesel,236,35.2,4.4,12,1,0,0,Diesel,7,0,0,1,0
X4,2016,34525,Manual,64853,Diesel,125,44.4,3.5,7,0,1,0,Diesel,10,1,0,1,1
1 Series,2017,53323,Automatic,21001,Diesel,84,25.8,2.5,6,1,0,0,Diesel,0,0,0,2,1
5 Series,2021,47298,Automatic,3700,Diesel,236,27.0,2.0,2,1,0,0,Diesel,4,0,0,1,1
3 Series,2016,4589,Automatic,118990,Hybrid,245,48.3,3.5,7,1,0,0,Hybrid,2,0,2,0,0
X5,2016,55055,Automatic,14339,Petrol,265,26.8,5.0,7,1,0,0,Petrol,11,0,4,2,1
i3,2021,45906,Manual,147906,Diesel,248,25.4,2.5,2,0,1,0,Diesel,15,1,0,1,1
3 Series,2014,53335,Automatic,127378,Petrol,291,59.1,3.0,9,1,0,0,Petrol,2,0,4,2,0
X3,2011,11129,Automatic,30543,Diesel,204,20.6,2.0,12,1,0,0,Diesel,9,0,0,0,0
3 Series,2015,47415,Manual,36930,Hybrid,227,33.0,3.0,8,0,1,0,Hybrid,2,1,2,1,0
X1,2013,82695,Automatic,30044,Petrol,239,21.4,2.5,10,1,0,0,Petrol,7,0,4,2,0
5 Series,2019,11709,Automatic,79673,Petrol,72,53.5,3.5,4,1,0,0,Petrol,4,0,4,0,1
Z4,2011,3000,Automatic,113997,Petrol,158,43.3,2.5,12,1,0,0,Petrol,14,0,4,0,0
X1,2021,6524,Automatic,84725,Petrol,211,21.9,3.0,2,1,0,0,Petrol,7,0,4,0,1
3 Series,2018,30862,Manual,27012,Diesel,135,44.6,2.0,5,0,1,0,Diesel,2,1,0,1,1
1 Series,2016,54427,Automatic,79513,Petrol,282,24.9,1.5,7,1,0,0,Petrol,0,0,4,2,1
3 Series,2015,3000,Semi-Auto,98585,Petrol,163,39.8,1.5,8,0,0,1,Petrol,2,2,4,0,0
3 Series,2021,23104,Automatic,22694,Diesel,136,46.8,2.5,2,1,0,0,Diesel,2,0,0,1,1
3 Series,2014,3000,Semi-Auto,99760,Diesel,170,25.9,2.0,9,0,0,1,Diesel,2,2,0,0,0
2 Series,2012,29917,Automatic,33835,Diesel,151,39.9,6.0,11,1,0,0,Diesel,1,0,0,1,0
X1,2021,28994,Automatic,119777,Diesel,164,38.3,3.5,2,1,0,0,Diesel,7,0,0,1,1
7 Series,2019,75722,Automatic,19186,Diesel,296,56.6,3.0,4,1,0,0,Diesel,6,0,0,2,1
1 Series,2019,56433,Automatic,45391,Petrol,103,59.8,3.5,4,1,0,0,Petrol,0,0,4,2,1
4 Series,2013,6710,Manual,106858,Diesel,221,46.2,2.0,10,0,1,0,Diesel,3,1,0,0,0
X3,2012,51695,Manual,105199,Diesel,281,54.2,4.0,11,0,1,0,Diesel,9,1,0,2,0
1 Series,2021,86201,Automatic,29401,Petrol,128,45.9,6.0,2,1,0,0,Petrol,0,0,4,2,1
X3,2020,3000,Automatic,98764,Diesel,219,55.1,2.0,3,1,0,0,Diesel,9,0,0,0,1
7 Series,2017,71285,Automatic,59611,Diesel,172,37.3,6.0,6,1,0,0,Diesel,6,0,0,2,1
1 Series,2012,46108,Semi-Auto,13202,Diesel,95,44.3,2.5,11,0,0,1,Diesel,0,2,0,1,0
5 Series,2016,59453,Manual,34135,Diesel,51,53.8,1.5,7,0,1,0,Diesel,4,1,0,2,1
5 Series,2016,37453,Automatic,89121,Diesel,93,56.7,2.5,7,1,0,0,Diesel,4,0,0,1,1
3 Series,2016,3000,Manual,114944,Diesel,63,21.0,6.0,7,0,1,0,Diesel,2,1,0,0,0
X4,2022,9314,Semi-Auto,114765,Diesel,20,24.2,3.0,1,0,0,1,Diesel,10,2,0,0,1
2 Series,2016,74175,Automatic,64535,Diesel,105,57.2,3.0,7,1,0,0,Diesel,1,0,0,2,1
X3,2011,3000,Manual,146969,Petrol,199,42.7,2.0,12,0,1,0,Petrol,9,1,4,0,0
5 Series,2019,3000,Automatic,118328,Petrol,280,59.6,2.0,4,1,0,0,Petrol,4,0,4,0,1
5 Series,2012,3000,Automatic,136579,Petrol,281,51.7,4.0,11,1,0,0,Petrol,4,0,4,0,0
X3,2019,70019,Automatic,116473,Petrol,99,52.7,2.5,4,1,0,0,Petrol,9,0,4,2,1
7 Series,2018,13151,Automatic,114056,Diesel,26,35.4,1.5,5,1,0,0,Diesel,6,0,0,0,1
1 Series,2012,68724,Automatic,16475,Electric,244,30.3,2.0,11,1,0,0,Electric,0,0,1,2,0
7 Series,2011,21638,Automatic,80870,Electric,62,43.9,2.0,12,1,0,0,Electric,6,0,1,0,0
X6,2018,4591,Manual,85366,Diesel,37,55.2,3.0,5,0,1,0,Diesel,12,1,0,0,1
5 Series,2022,3000,Automatic,124836,Other,126,49.0,3.5,1,1,0,0,Other,4,0,3,0,1
1 Series,2019,71197,Automatic,93814,Other,70,38.9,2.5,4,1,0,0,Other,0,0,3,2,1
X5,2018,3301,Manual,85285,Diesel,133,50.1,2.0,5,0,1,0,Diesel,11,1,0,0,1
3 Series,2013,7025,Automatic,41185,Petrol,252,47.6,1.5,10,1,0,0,Petrol,2,0,4,0,0
3 Series,2021,67137,Automatic,65398,Diesel,12,56.5,2.5,2,1,0,0,Diesel,2,0,0,2,1
3 Series,2018,24892,Semi-Auto,97682,Diesel,173,30.5,3.5,5,0,0,1,Diesel,2,2,0,1,1
3 Series,2012,3000,Manual,77593,Petrol,89,24.8,2.5,11,0,1,0,Petrol,2,1,4,0,0
X5,2016,3000,Automatic,108518,Diesel,288,38.8,2.0,7,1,0,0,Diesel,11,0,0,0,0
7 Series,2016,24763,Automatic,56535,Petrol,206,34.4,1.5,7,1,0,0,Petrol,6,0,4,1,0
3 Series,2020,3000,Semi-Auto,110626,Petrol,61,59.0,2.5,3,0,0,1,Petrol,2,2,4,0,1
4 Series,2017,3000,Automatic,115190,Petrol,38,20.3,3.0,6,1,0,0,Petrol,3,0,4,0,1
4 Series,2019,52429,Automatic,15060,Diesel,59,57.3,2.0,4,1,0,0,Diesel,3,0,0,2,1
4 Series,2013,3000,Automatic,145679,Diesel,104,58.2,2.5,10,1,0,0,Diesel,3,0,0,0,0
3 Series,2012,41862,Automatic,64560,Diesel,238,22.0,2.5,11,1,0,0,Diesel,2,0,0,1,0
5 Series,2012,3000,Manual,90610,Petrol,126,55.6,3.0,11,0,1,0,Petrol,4,1,4,0,0
i3,2021,74611,Manual,33970,Diesel,82,38.8,4.0,2,0,1,0,Diesel,15,1,0,2,1
X5,2014,5588,Semi-Auto,45088,Diesel,219,50.6,2.5,9,0,0,1,Diesel,11,2,0,0,0
1 Series,2020,37321,Manual,12683,Diesel,104,23.2,4.4,3,0,1,0,Diesel,0,1,0,1,1
1 Series,2010,5185,Automatic,135034,Petrol,73,58.2,3.0,13,1,0,0,Petrol,0,0,4,0,0
5 Series,2019,32005,Automatic,101631,Petrol,134,44.3,1.5,4,1,0,0,Petrol,4,0,4,1,1
6 Series,2012,38752,Semi-Auto,112789,Petrol,61,55.9,3.5,11,0,0,1,Petrol,5,2,4,1,0
7 Series,2015,71840,Automatic,46321,Diesel,0,46.9,2.5,8,1,0,0,Diesel,6,0,0,2,0
5 Series,2012,18221,Automatic,64565,Petrol,78,41.5,4.4,11,1,0,0,Petrol,4,0,4,0,0
1 Series,2014,3783,Semi-Auto,121454,Petrol,64,26.9,2.5,9,0,0,1,Petrol,0,2,4,0,0
X3,2018,67392,Automatic,83095,Petrol,182,27.1,3.0,5,1,0,0,Petrol,9,0,4,2,1
X6,2011,25400,Automatic,114610,Diesel,65,38.9,5.0,12,1,0,0,Diesel,12,0,0,1,0
5 Series,2020,28824,Manual,4532,Diesel,207,54.8,2.0,3,0,1,0,Diesel,4,1,0,1,1
X5,2011,3983,Semi-Auto,115527,Diesel,53,24.6,2.5,12,0,0,1,Diesel,11,2,0,0,0
X7,2021,49622,Automatic,84463,Diesel,220,59.9,3.5,2,1,0,0,Diesel,13,0,0,2,1
3 Series,2015,56372,Manual,6456,Petrol,235,55.0,3.0,8,0,1,0,Petrol,2,1,4,2,0
7 Series,2015,83378,Automatic,4413,Petrol,99,35.7,3.5,8,1,0,0,Petrol,6,0,4,2,1
3 Series,2020,38446,Automatic,8085,Petrol,102,30.1,2.5,3,1,0,0,Petrol,2,0,4,1,1
X6,2020,60792,Semi-Auto,21563,Petrol,181,56.9,2.5,3,0,0,1,Petrol,12,2,4,2,1
X1,2017,74263,Semi-Auto,38575,Diesel,107,24.9,2.5,6,0,0,1,Diesel,7,2,0,2,1
X1,2021,42413,Automatic,8386,Diesel,11,33.9,2.5,2,1,0,0,Diesel,7,0,0,1,1
X6,2022,10564,Automatic,101244,Diesel,85,23.4,2.0,1,1,0,0,Diesel,12,0,0,0,1
5 Series,2020,30124,Automatic,60150,Petrol,287,58.1,3.0,3,1,0,0,Petrol,4,0,4,1,1
X2,2011,20119,Automatic,127053,Petrol,213,44.7,1.5,12,1,0,0,Petrol,8,0,4,0,0
7 Series,2018,36335,Automatic,77566,Petrol,43,33.4,1.5,5,1,0,0,Petrol,6,0,4,1,1
3 Series,2011,40714,Automatic,145210,Diesel,77,31.0,1.5,12,1,0,0,Diesel,2,0,0,1,0
X3,2022,3000,Automatic,130549,Petrol,54,37.8,3.0,1,1,0,0,Petrol,9,0,4,0,1
X6,2010,25533,Automatic,147718,Diesel,271,23.7,2.5,13,1,0,0,Diesel,12,0,0,1,0
3 Series,2019,49498,Automatic,29812,Diesel,70,55.6,2.5,4,1,0,0,Diesel,2,0,0,2,1
2 Series,2011,3000,Manual,89958,Electric,67,40.4,2.5,12,0,1,0,Electric,1,1,1,0,0
6 Series,2021,66374,Automatic,77181,Petrol,179,49.0,2.0,2,1,0,0,Petrol,5,0,4,2,1
3 Series,2016,65696,Automatic,15628,Petrol,173,29.3,2.5,7,1,0,0,Petrol,2,0,4,2,1
i3,2017,55966,Manual,25486,Petrol,168,40.1,2.0,6,0,1,0,Petrol,15,1,4,2,1
1 Series,2014,27511,Manual,124934,Diesel,260,28.4,3.0,9,0,1,0,Diesel,0,1,0,1,0
3 Series,2015,68230,Automatic,40266,Petrol,124,52.6,2.0,8,1,0,0,Petrol,2,0,4,2,0
3 Series,2021,3000,Automatic,89268,Diesel,130,51.0,2.5,2,1,0,0,Diesel,2,0,0,0,1
6 Series,2010,37336,Manual,47557,Diesel,233,25.9,2.5,13,0,1,0,Diesel,5,1,0,1,0
X3,2015,95424,Automatic,17494,Petrol,153,23.0,2.5,8,1,0,0,Petrol,9,0,4,2,1
3 Series,2021,42143,Manual,35486,Petrol,124,53.0,2.0,2,0,1,0,Petrol,2,1,4,1,1
5 Series,2017,54622,Automatic,62635,Petrol,99,24.4,3.0,6,1,0,0,Petrol,4,0,4,2,1
X1,2022,3000,Automatic,132197,Petrol,52,41.9,3.0,1,1,0,0,Petrol,7,0,4,0,1
1 Series,2012,86109,Automatic,49814,Petrol,127,41.4,3.5,11,1,0,0,Petrol,0,0,4,2,0
4 Series,2020,3000,Manual,124141,Diesel,13,28.1,2.0,3,0,1,0,Diesel,3,1,0,0,1
X6,2010,3000,Semi-Auto,63363,Diesel,4,43.7,3.5,13,0,0,1,Diesel,12,2,0,0,0
7 Series,2020,39316,Automatic,44162,Petrol,249,40.1,2.0,3,1,0,0,Petrol,6,0,4,1,1
X7,2013,3000,Automatic,128083,Diesel,26,40.4,2.0,10,1,0,0,Diesel,13,0,0,0,0
5 Series,2010,18718,Automatic,8590,Petrol,124,34.4,2.0,13,1,0,0,Petrol,4,0,4,0,0
i3,2017,62949,Automatic,35850,Diesel,28,53.5,2.0,6,1,0,0,Diesel,15,0,0,2,1
X3,2014,27619,Manual,144206,Diesel,2,23.4,3.0,9,0,1,0,Diesel,9,1,0,1,0
X1,2010,3000,Automatic,131091,Diesel,227,37.5,2.0,13,1,0,0,Diesel,7,0,0,0,0
3 Series,2017,34979,Semi-Auto,26230,Petrol,136,30.4,3.0,6,0,0,1,Petrol,2,2,4,1,1
4 Series,2018,52245,Automatic,16058,Diesel,256,53.9,2.0,5,1,0,0,Diesel,3,0,0,2,1
5 Series,2019,16833,Semi-Auto,80837,Diesel,239,29.0,2.5,4,0,0,1,Diesel,4,2,0,0,1
3 Series,2011,37201,Manual,104397,Petrol,278,50.7,4.0,12,0,1,0,Petrol,2,1,4,1,0
1 Series,2018,88504,Automatic,28039,Diesel,159,44.5,2.5,5,1,0,0,Diesel,0,0,0,2,1
X1,2017,50707,Automatic,39334,Diesel,5,55.0,3.0,6,1,0,0,Diesel,7,0,0,2,1
7 Series,2016,58372,Automatic,44525,Petrol,142,43.8,2.0,7,1,0,0,Petrol,6,0,4,2,1
X3,2012,14675,Automatic,127681,Diesel,180,42.3,2.0,11,1,0,0,Diesel,9,0,0,0,0
6 Series,2011,16722,Automatic,85194,Diesel,29,52.0,2.5,12,1,0,0,Diesel,5,0,0,0,0
1 Series,2016,27499,Automatic,4972,Petrol,252,42.5,4.0,7,1,0,0,Petrol,0,0,4,1,1
X5,2014,32479,Semi-Auto,65936,Petrol,39,53.8,2.0,9,0,0,1,Petrol,11,2,4,1,0
3 Series,2015,64780,Automatic,92703,Petrol,186,22.0,3.0,8,1,0,0,Petrol,2,0,4,2,0
2 Series,2013,30245,Manual,110877,Petrol,226,39.8,4.0,10,0,1,0,Petrol,1,1,4,1,0
X6,2011,35749,Semi-Auto,30519,Petrol,219,52.5,4.4,12,0,0,1,Petrol,12,2,4,1,0
7 Series,2018,51179,Manual,103417,Petrol,42,53.9,6.0,5,0,1,0,Petrol,6,1,4,2,1
X3,2012,33936,Automatic,76864,Petrol,143,53.4,3.5,11,1,0,0,Petrol,9,0,4,1,0
3 Series,2021,13471,Automatic,56881,Diesel,277,44.2,1.5,2,1,0,0,Diesel,2,0,0,0,1
5 Series,2016,20369,Automatic,25732,Diesel,173,59.8,4.0,7,1,0,0,Diesel,4,0,0,0,0
X6,2017,20952,Automatic,149745,Petrol,246,27.3,4.0,6,1,0,0,Petrol,12,0,4,0,1
5 Series,2011,32708,Automatic,76909,Petrol,172,27.0,3.0,12,1,0,0,Petrol,4,0,4,1,0
5 Series,2015,85197,Manual,6720,Petrol,40,21.3,1.5,8,0,1,0,Petrol,4,1,4,2,1
5 Series,2020,91736,Automatic,60115,Petrol,49,59.6,2.5,3,1,0,0,Petrol,4,0,4,2,1
X6,2017,3000,Automatic,116843,Petrol,179,33.9,2.0,6,1,0,0,Petrol,12,0,4,0,1
3 Series,2016,15439,Semi-Auto,52940,Diesel,158,50.5,2.5,7,0,0,1,Diesel,2,2,0,0,0
3 Series,2020,3000,Automatic,137225,Petrol,36,22.4,3.0,3,1,0,0,Petrol,2,0,4,0,1
X3,2012,40617,Automatic,72762,Petrol,26,31.9,3.0,11,1,0,0,Petrol,9,0,4,1,0
X6,2010,52562,Manual,85833,Diesel,255,45.0,3.5,13,0,1,0,Diesel,12,1,0,2,0
1 Series,2015,3000,Automatic,148659,Diesel,277,41.0,2.5,8,1,0,0,Diesel,0,0,0,0,0
3 Series,2017,74123,Automatic,19206,Diesel,248,28.3,2.5,6,1,0,0,Diesel,2,0,0,2,1
1 Series,2015,61476,Automatic,92471,Diesel,180,38.5,4.4,8,1,0,0,Diesel,0,0,0,2,0
3 Series,2014,17905,Manual,96169,Petrol,16,24.4,3.0,9,0,1,0,Petrol,2,1,4,0,0
5 Series,2020,40436,Automatic,11736,Other,124,41.7,3.0,3,1,0,0,Other,4,0,3,1,1
X5,2021,51294,Automatic,107937,Hybrid,211,23.9,3.0,2,1,0,0,Hybrid,11,0,2,2,1
X3,2017,3000,Automatic,139043,Petrol,236,45.4,3.0,6,1,0,0,Petrol,9,0,4,0,1
X1,2011,17327,Automatic,57577,Diesel,298,26.2,4.4,12,1,0,0,Diesel,7,0,0,0,0
5 Series,2021,58990,Automatic,132003,Diesel,199,41.9,2.5,2,1,0,0,Diesel,4,0,0,2,1
2 Series,2010,3000,Automatic,88702,Hybrid,180,25.2,2.5,13,1,0,0,Hybrid,1,0,2,0,0
5 Series,2010,23635,Automatic,79694,Diesel,129,36.0,2.5,13,1,0,0,Diesel,4,0,0,1,0
Z4,2013,3000,Automatic,92310,Diesel,120,34.1,3.5,10,1,0,0,Diesel,14,0,0,0,0
X1,2015,47960,Automatic,56155,Petrol,186,50.3,4.0,8,1,0,0,Petrol,7,0,4,1,0
1 Series,2022,3000,Automatic,129491,Diesel,226,45.6,2.5,1,1,0,0,Diesel,0,0,0,0,1
X3,2018,49293,Automatic,143180,Petrol,161,57.5,2.0,5,1,0,0,Petrol,9,0,4,2,1
3 Series,2010,5855,Automatic,78613,Petrol,111,56.9,2.5,13,1,0,0,Petrol,2,0,4,0,0
X3,2021,70489,Automatic,57938,Electric,133,49.0,6.0,2,1,0,0,Electric,9,0,1,2,1
1 Series,2010,3000,Manual,102163,Petrol,185,50.8,2.0,13,0,1,0,Petrol,0,1,4,0,0
3 Series,2022,59832,Manual,69498,Diesel,174,45.0,2.5,1,0,1,0,Diesel,2,1,0,2,1
2 Series,2022,74915,Automatic,18751,Petrol,260,47.7,2.0,1,1,0,0,Petrol,1,0,4,2,1
3 Series,2014,3000,Automatic,112161,Petrol,268,44.7,4.4,9,1,0,0,Petrol,2,0,4,0,0
2 Series,2019,90520,Automatic,33390,Diesel,281,32.5,3.0,4,1,0,0,Diesel,1,0,0,2,1
3 Series,2014,48646,Automatic,102213,Petrol,223,34.0,3.0,9,1,0,0,Petrol,2,0,4,1,0
X1,2014,48993,Automatic,109712,Electric,251,43.0,1.5,9,1,0,0,Electric,7,0,1,1,0
X3,2019,8587,Automatic,148065,Petrol,63,48.8,3.0,4,1,0,0,Petrol,9,0,4,0,1
7 Series,2015,3169,Manual,61403,Petrol,123,36.2,2.5,8,0,1,0,Petrol,6,1,4,0,0
3 Series,2017,42650,Automatic,27859,Petrol,69,25.7,2.5,6,1,0,0,Petrol,2,0,4,1,1
3 Series,2012,26682,Automatic,100124,Petrol,237,38.4,2.5,11,1,0,0,Petrol,2,0,4,1,0
1 Series,2018,3000,Manual,126940,Petrol,74,58.5,3.0,5,0,1,0,Petrol,0,1,4,0,1
3 Series,2022,54331,Automatic,28100,Diesel,9,28.6,3.5,1,1,0,0,Diesel,2,0,0,2,1
X3,2010,3000,Automatic,118350,Diesel,267,46.0,2.0,13,1,0,0,Diesel,9,0,0,0,0
X4,2013,45522,Semi-Auto,122792,Petrol,87,59.3,2.0,10,0,0,1,Petrol,10,2,4,1,0
4 Series,2018,48742,Manual,55524,Petrol,49,35.0,3.5,5,0,1,0,Petrol,3,1,4,1,1
X5,2017,35251,Manual,103757,Diesel,142,55.5,3.0,6,0,1,0,Diesel,11,1,0,1,1
X5,2019,49926,Automatic,86049,Diesel,58,54.6,2.0,4,1,0,0,Diesel,11,0,0,2,1
X3,2018,31379,Automatic,45974,Diesel,210,33.6,1.5,5,1,0,0,Diesel,9,0,0,1,1
3 Series,2010,51887,Semi-Auto,54768,Diesel,71,23.9,3.0,13,0,0,1,Diesel,2,2,0,2,0
6 Series,2018,70107,Automatic,49544,Diesel,243,27.1,2.0,5,1,0,0,Diesel,5,0,0,2,1
X3,2012,57770,Manual,12774,Diesel,238,34.6,5.0,11,0,1,0,Diesel,9,1,0,2,0
X1,2020,5791,Automatic,78678,Diesel,189,58.4,3.0,3,1,0,0,Diesel,7,0,0,0,1
1 Series,2021,73664,Automatic,51135,Petrol,49,31.0,3.5,2,1,0,0,Petrol,0,0,4,2,1
5 Series,2019,55690,Semi-Auto,26158,Petrol,204,57.1,3.5,4,0,0,1,Petrol,4,2,4,2,1
5 Series,2018,64701,Automatic,72587,Petrol,53,27.3,3.0,5,1,0,0,Petrol,4,0,4,2,1
4 Series,2010,3000,Automatic,136187,Diesel,223,58.8,2.5,13,1,0,0,Diesel,3,0,0,0,0
7 Series,2010,64912,Automatic,60317,Petrol,155,31.7,2.5,13,1,0,0,Petrol,6,0,4,2,0
5 Series,2018,37964,Automatic,7371,Diesel,50,45.3,3.5,5,1,0,0,Diesel,4,0,0,1,1
Z4,2020,5902,Automatic,95226,Diesel,240,22.8,3.0,3,1,0,0,Diesel,14,0,0,0,1
1 Series,2015,30230,Automatic,40355,Diesel,160,32.0,2.0,8,1,0,0,Diesel,0,0,0,1,0
5 Series,2013,36138,Automatic,98956,Petrol,128,28.4,3.0,10,1,0,0,Petrol,4,0,4,1,0
1 Series,2016,17995,Manual,114538,Petrol,84,20.1,2.5,7,0,1,0,Petrol,0,1,4,0,0
X5,2014,3000,Automatic,103126,Petrol,68,26.3,1.5,9,1,0,0,Petrol,11,0,4,0,0
X2,2019,38966,Semi-Auto,9338,Petrol,54,43.7,2.5,4,0,0,1,Petrol,8,2,4,1,1
3 Series,2016,35902,Automatic,3477,Petrol,84,35.6,2.0,7,1,0,0,Petrol,2,0,4,1,1
2 Series,2017,83222,Automatic,43423,Diesel,79,48.9,3.5,6,1,0,0,Diesel,1,0,0,2,1
3 Series,2017,58030,Automatic,76973,Diesel,219,46.8,2.0,6,1,0,0,Diesel,2,0,0,2,1
X2,2010,59810,Manual,30236,Diesel,109,52.0,2.5,13,0,1,0,Diesel,8,1,0,2,0
X5,2017,40632,Semi-Auto,132440,Diesel,252,54.7,3.0,6,0,0,1,Diesel,11,2,0,1,1
X6,2015,48347,Manual,26839,Diesel,163,52.8,4.0,8,0,1,0,Diesel,12,1,0,1,0
1 Series,2013,52383,Automatic,118537,Petrol,102,37.9,2.5,10,1,0,0,Petrol,0,0,4,2,0
X7,2022,3000,Automatic,112902,Petrol,112,32.3,3.0,1,1,0,0,Petrol,13,0,4,0,1
X3,2021,12301,Manual,102051,Petrol,251,40.1,2.5,2,0,1,0,Petrol,9,1,4,0,1
3 Series,2017,46500,Semi-Auto,8139,Diesel,151,41.4,2.0,6,0,0,1,Diesel,2,2,0,1,1
X6,2012,14107,Semi-Auto,109314,Electric,250,32.5,2.5,11,0,0,1,Electric,12,2,1,0,0
3 Series,2022,34223,Automatic,65262,Diesel,87,41.6,3.0,1,1,0,0,Diesel,2,0,0,1,1
4 Series,2013,36740,Semi-Auto,138776,Petrol,99,24.2,3.0,10,0,0,1,Petrol,3,2,4,1,0
1 Series,2015,43335,Automatic,133959,Diesel,119,29.2,2.5,8,1,0,0,Diesel,0,0,0,1,0
X3,2020,85222,Automatic,12975,Diesel,203,49.8,2.0,3,1,0,0,Diesel,9,0,0,2,1
7 Series,2016,3000,Automatic,132616,Diesel,148,27.3,2.0,7,1,0,0,Diesel,6,0,0,0,0
1 Series,2013,3000,Automatic,85984,Diesel,200,25.6,3.5,10,1,0,0,Diesel,0,0,0,0,0
3 Series,2013,27022,Manual,89366,Diesel,294,31.5,3.0,10,0,1,0,Diesel,2,1,0,1,0
1 Series,2016,52203,Manual,121491,Diesel,2,34.8,3.0,7,0,1,0,Diesel,0,1,0,2,1
5 Series,2015,62580,Manual,51382,Diesel,67,33.1,2.5,8,0,1,0,Diesel,4,1,0,2,0
3 Series,2022,25833,Automatic,24926,Electric,153,35.0,2.5,1,1,0,0,Electric,2,0,1,1,1
X1,2020,15656,Automatic,97538,Diesel,181,25.6,2.0,3,1,0,0,Diesel,7,0,0,0,1
3 Series,2017,38076,Manual,114117,Diesel,12,26.6,2.0,6,0,1,0,Diesel,2,1,0,1,1
3 Series,2010,60485,Automatic,14333,Diesel,188,29.4,2.0,13,1,0,0,Diesel,2,0,0,2,0
X5,2019,81891,Manual,17942,Diesel,19,36.1,6.0,4,0,1,0,Diesel,11,1,0,2,1
1 Series,2022,56309,Automatic,75397,Diesel,282,33.4,3.5,1,1,0,0,Diesel,0,0,0,2,1
6 Series,2020,44185,Automatic,22530,Diesel,9,51.7,3.0,3,1,0,0,Diesel,5,0,0,1,1
2 Series,2016,69629,Automatic,48060,Petrol,187,41.0,2.0,7,1,0,0,Petrol,1,0,4,2,1
X3,2021,10682,Manual,82292,Diesel,18,43.0,2.5,2,0,1,0,Diesel,9,1,0,0,1
X1,2016,15889,Automatic,42104,Diesel,142,42.4,2.5,7,1,0,0,Diesel,7,0,0,0,0
6 Series,2020,45441,Automatic,3634,Diesel,102,36.0,2.5,3,1,0,0,Diesel,5,0,0,1,1
3 Series,2016,49859,Manual,8288,Diesel,240,59.2,2.5,7,0,1,0,Diesel,2,1,0,2,1
1 Series,2016,17131,Automatic,35253,Hybrid,151,21.5,4.4,7,1,0,0,Hybrid,0,0,2,0,0
3 Series,2019,18991,Manual,127628,Diesel,271,28.6,3.0,4,0,1,0,Diesel,2,1,0,0,1
X6,2019,42049,Automatic,28005,Petrol,187,31.4,1.5,4,1,0,0,Petrol,12,0,4,1,1
1 Series,2017,57606,Automatic,50824,Diesel,209,55.3,2.5,6,1,0,0,Diesel,0,0,0,2,1
X1,2018,3000,Manual,78702,Petrol,176,56.8,2.0,5,0,1,0,Petrol,7,1,4,0,1
i8,2018,97341,Automatic,18798,Petrol,193,53.8,2.0,5,1,0,0,Petrol,16,0,4,2,1
2 Series,2011,15277,Automatic,56267,Hybrid,176,36.7,5.0,12,1,0,0,Hybrid,1,0,2,0,0
7 Series,2022,9160,Automatic,135966,Diesel,65,56.6,3.0,1,1,0,0,Diesel,6,0,0,0,1
1 Series,2022,59042,Automatic,4846,Diesel,1,23.9,1.5,1,1,0,0,Diesel,0,0,0,2,1
2 Series,2016,40739,Automatic,64571,Petrol,270,46.1,2.5,7,1,0,0,Petrol,1,0,4,1,1
X1,2016,69351,Automatic,15481,Petrol,59,57.5,2.5,7,1,0,0,Petrol,7,0,4,2,1
1 Series,2013,3000,Manual,125908,Diesel,42,50.2,3.0,10,0,1,0,Diesel,0,1,0,0,0
1 Series,2018,18691,Manual,43154,Petrol,92,31.1,2.5,5,0,1,0,Petrol,0,1,4,0,1
6 Series,2017,3000,Automatic,130447,Diesel,225,48.7,1.5,6,1,0,0,Diesel,5,0,0,0,1
X3,2021,38302,Automatic,9048,Diesel,285,31.8,2.5,2,1,0,0,Diesel,9,0,0,1,1
X6,2010,52317,Automatic,28386,Diesel,62,24.5,2.0,13,1,0,0,Diesel,12,0,0,2,0
4 Series,2011,19287,Automatic,105794,Petrol,279,48.7,2.5,12,1,0,0,Petrol,3,0,4,0,0
X1,2022,39538,Automatic,35713,Petrol,13,27.2,2.0,1,1,0,0,Petrol,7,0,4,1,1
7 Series,2022,3000,Automatic,148863,Diesel,27,24.4,2.0,1,1,0,0,Diesel,6,0,0,0,1
5 Series,2011,3000,Automatic,78481,Diesel,141,42.1,2.0,12,1,0,0,Diesel,4,0,0,0,0
3 Series,2021,37754,Automatic,40899,Petrol,107,44.8,1.5,2,1,0,0,Petrol,2,0,4,1,1
5 Series,2021,3000,Automatic,91217,Petrol,289,22.0,2.0,2,1,0,0,Petrol,4,0,4,0,1
X5,2020,61474,Manual,15975,Diesel,77,20.2,4.0,3,0,1,0,Diesel,11,1,0,2,1
X1,2017,46351,Manual,74247,Diesel,246,55.3,2.5,6,0,1,0,Diesel,7,1,0,1,1
6 Series,2010,27663,Automatic,111295,Diesel,11,24.6,2.5,13,1,0,0,Diesel,5,0,0,1,0
5 Series,2013,25457,Manual,120045,Petrol,183,43.4,2.5,10,0,1,0,Petrol,4,1,4,1,0
X1,2019,26388,Automatic,13105,Diesel,295,58.1,2.0,4,1,0,0,Diesel,7,0,0,1,1
X1,2021,59953,Manual,50645,Diesel,239,40.5,2.5,2,0,1,0,Diesel,7,1,0,2,1
X1,2014,62398,Automatic,131291,Petrol,262,25.6,4.0,9,1,0,0,Petrol,7,0,4,2,0
X3,2018,51544,Manual,31146,Electric,72,35.7,1.5,5,0,1,0,Electric,9,1,1,2,1
3 Series,2016,26754,Automatic,135940,Diesel,67,45.0,4.4,7,1,0,0,Diesel,2,0,0,1,0
7 Series,2017,22213,Automatic,45294,Hybrid,286,50.5,4.0,6,1,0,0,Hybrid,6,0,2,1,1
1 Series,2020,40013,Automatic,76596,Diesel,219,44.3,4.0,3,1,0,0,Diesel,0,0,0,1,1
5 Series,2018,46398,Automatic,137505,Petrol,46,21.4,2.0,5,1,0,0,Petrol,4,0,4,1,1
5 Series,2022,90371,Automatic,23612,Diesel,57,25.7,2.5,1,1,0,0,Diesel,4,0,0,2,1
X3,2016,3000,Automatic,149894,Diesel,23,34.9,3.0,7,1,0,0,Diesel,9,0,0,0,0
X7,2014,64849,Manual,35120,Diesel,289,48.2,1.5,9,0,1,0,Diesel,13,1,0,2,0
X1,2022,25868,Automatic,22294,Diesel,23,43.4,3.0,1,1,0,0,Diesel,7,0,0,1,1
X5,2014,31521,Automatic,85300,Diesel,63,21.8,3.5,9,1,0,0,Diesel,11,0,0,1,0
7 Series,2019,27825,Automatic,83119,Petrol,254,51.9,4.4,4,1,0,0,Petrol,6,0,4,1,1
X1,2020,14731,Semi-Auto,82096,Diesel,147,44.2,2.0,3,0,0,1,Diesel,7,2,0,0,1
1 Series,2015,10191,Manual,136496,Petrol,115,55.5,2.0,8,0,1,0,Petrol,0,1,4,0,0
3 Series,2014,43006,Manual,41615,Petrol,97,36.7,2.0,9,0,1,0,Petrol,2,1,4,1,0
5 Series,2022,84543,Automatic,27863,Diesel,238,39.6,2.0,1,1,0,0,Diesel,4,0,0,2,1
5 Series,2021,103596,Automatic,30469,Petrol,282,36.2,2.5,2,1,0,0,Petrol,4,0,4,2,1
1 Series,2020,47483,Automatic,104101,Petrol,299,48.9,3.5,3,1,0,0,Petrol,0,0,4,1,1
1 Series,2018,67602,Automatic,90446,Petrol,92,50.1,3.0,5,1,0,0,Petrol,0,0,4,2,1
3 Series,2012,48808,Automatic,113613,Diesel,64,48.9,4.4,11,1,0,0,Diesel,2,0,0,1,0
Z4,2012,3000,Automatic,118456,Petrol,173,31.7,2.5,11,1,0,0,Petrol,14,0,4,0,0
3 Series,2016,49717,Automatic,64872,Diesel,234,45.4,3.0,7,1,0,0,Diesel,2,0,0,2,1
5 Series,2016,75052,Automatic,33208,Diesel,166,33.5,3.5,7,1,0,0,Diesel,4,0,0,2,1
3 Series,2015,5571,Automatic,52998,Petrol,236,53.4,4.0,8,1,0,0,Petrol,2,0,4,0,0
X1,2012,28250,Manual,57994,Diesel,6,22.2,4.0,11,0,1,0,Diesel,7,1,0,1,0
3 Series,2022,77588,Automatic,60895,Petrol,42,21.5,2.5,1,1,0,0,Petrol,2,0,4,2,1
3 Series,2016,53208,Manual,33894,Diesel,275,24.1,4.4,7,0,1,0,Diesel,2,1,0,2,1
7 Series,2014,92466,Automatic,22990,Petrol,152,28.1,2.5,9,1,0,0,Petrol,6,0,4,2,0
1 Series,2016,33259,Automatic,74230,Petrol,42,21.5,4.4,7,1,0,0,Petrol,0,0,4,1,1
1 Series,2011,14514,Automatic,37087,Petrol,212,22.9,3.5,12,1,0,0,Petrol,0,0,4,0,0
3 Series,2015,82649,Manual,9673,Petrol,200,32.2,2.0,8,0,1,0,Petrol,2,1,4,2,1
1 Series,2017,76655,Automatic,33187,Diesel,154,24.0,4.4,6,1,0,0,Diesel,0,0,0,2,1
1 Series,2010,36312,Manual,24553,Petrol,219,52.1,2.0,13,0,1,0,Petrol,0,1,4,1,0
3 Series,2013,39616,Automatic,44780,Petrol,152,22.2,4.4,10,1,0,0,Petrol,2,0,4,1,0
X6,2020,3000,Automatic,105794,Petrol,35,56.3,3.0,3,1,0,0,Petrol,12,0,4,0,1
X1,2010,4058,Manual,83158,Electric,225,54.8,3.0,13,0,1,0,Electric,7,1,1,0,0
7 Series,2010,24141,Automatic,2420,Diesel,120,28.3,2.0,13,1,0,0,Diesel,6,0,0,1,0
3 Series,2019,12221,Manual,45310,Petrol,8,22.9,1.5,4,0,1,0,Petrol,2,1,4,0,1
X4,2021,53686,Automatic,44953,Petrol,180,24.2,5.0,2,1,0,0,Petrol,10,0,4,2,1
5 Series,2020,93931,Automatic,5987,Diesel,20,42.4,2.5,3,1,0,0,Diesel,4,0,0,2,1
1 Series,2017,22699,Manual,33456,Petrol,271,44.0,3.5,6,0,1,0,Petrol,0,1,4,1,1
X1,2016,19639,Semi-Auto,119763,Other,193,32.6,3.0,7,0,0,1,Other,7,2,3,0,0
1 Series,2021,71178,Automatic,86398,Petrol,25,31.9,3.0,2,1,0,0,Petrol,0,0,4,2,1
3 Series,2019,5397,Manual,118183,Petrol,284,41.3,3.0,4,0,1,0,Petrol,2,1,4,0,1
7 Series,2022,45969,Automatic,90782,Diesel,97,32.2,1.5,1,1,0,0,Diesel,6,0,0,1,1
4 Series,2010,3000,Manual,123740,Diesel,218,57.4,2.5,13,0,1,0,Diesel,3,1,0,0,0
5 Series,2020,48244,Automatic,30681,Other,272,35.3,3.0,3,1,0,0,Other,4,0,3,1,1
X3,2022,87050,Automatic,9323,Diesel,287,28.8,4.0,1,1,0,0,Diesel,9,0,0,2,1
i8,2011,6227,Automatic,68393,Diesel,65,25.8,3.0,12,1,0,0,Diesel,16,0,0,0,0
1 Series,2013,3000,Automatic,97123,Diesel,110,45.3,2.0,10,1,0,0,Diesel,0,0,0,0,0
3 Series,2010,3000,Automatic,92354,Diesel,211,33.1,6.0,13,1,0,0,Diesel,2,0,0,0,0
5 Series,2012,3000,Automatic,99808,Diesel,170,27.6,3.0,11,1,0,0,Diesel,4,0,0,0,0
5 Series,2017,50111,Automatic,9484,Petrol,58,31.0,2.5,6,1,0,0,Petrol,4,0,4,2,1
5 Series,2017,55912,Semi-Auto,71459,Petrol,29,32.3,3.5,6,0,0,1,Petrol,4,2,4,2,1
6 Series,2017,3000,Automatic,128162,Petrol,266,45.0,3.0,6,1,0,0,Petrol,5,0,4,0,1
X3,2015,70059,Automatic,82456,Diesel,153,27.0,3.0,8,1,0,0,Diesel,9,0,0,2,0
X1,2015,48759,Automatic,55890,Petrol,1,49.3,3.0,8,1,0,0,Petrol,7,0,4,1,0
3 Series,2014,76546,Semi-Auto,14319,Petrol,168,32.2,2.0,9,0,0,1,Petrol,2,2,4,2,0
X6,2022,32327,Automatic,108697,Diesel,213,39.5,2.5,1,1,0,0,Diesel,12,0,0,1,1
X7,2018,38697,Automatic,127193,Petrol,250,46.2,2.0,5,1,0,0,Petrol,13,0,4,1,1
X6,2013,28890,Automatic,60432,Diesel,30,41.7,3.0,10,1,0,0,Diesel,12,0,0,1,0
1 Series,2019,55463,Automatic,138972,Diesel,182,46.5,2.0,4,1,0,0,Diesel,0,0,0,2,1
X1,2021,11904,Automatic,68696,Diesel,188,32.9,2.0,2,1,0,0,Diesel,7,0,0,0,1
1 Series,2021,35546,Automatic,148308,Petrol,212,58.5,3.5,2,1,0,0,Petrol,0,0,4,1,1
3 Series,2021,43777,Automatic,57485,Diesel,126,38.4,2.5,2,1,0,0,Diesel,2,0,0,1,1
1 Series,2016,3000,Automatic,123359,Diesel,291,32.9,3.0,7,1,0,0,Diesel,0,0,0,0,0
X1,2010,42827,Automatic,138293,Diesel,295,31.9,2.5,13,1,0,0,Diesel,7,0,0,1,0
X3,2018,83785,Automatic,26294,Petrol,22,21.7,2.5,5,1,0,0,Petrol,9,0,4,2,1
1 Series,2016,44210,Automatic,142110,Petrol,17,47.4,2.5,7,1,0,0,Petrol,0,0,4,1,1
5 Series,2019,73658,Semi-Auto,9255,Diesel,78,30.5,3.5,4,0,0,1,Diesel,4,2,0,2,1
5 Series,2021,3944,Manual,110429,Petrol,33,58.4,2.0,2,0,1,0,Petrol,4,1,4,0,1
5 Series,2018,17460,Automatic,88464,Diesel,106,28.4,2.5,5,1,0,0,Diesel,4,0,0,0,1
1 Series,2016,3000,Automatic,132444,Diesel,198,41.2,2.0,7,1,0,0,Diesel,0,0,0,0,0
5 Series,2011,20892,Automatic,113848,Diesel,190,49.4,2.5,12,1,0,0,Diesel,4,0,0,0,0
X5,2015,71102,Automatic,24855,Hybrid,231,54.8,4.0,8,1,0,0,Hybrid,11,0,2,2,1
1 Series,2019,40749,Automatic,35758,Petrol,61,26.3,3.5,4,1,0,0,Petrol,0,0,4,1,1
1 Series,2021,3000,Automatic,141679,Petrol,41,59.4,2.5,2,1,0,0,Petrol,0,0,4,0,1
5 Series,2020,47603,Semi-Auto,106094,Diesel,23,56.3,2.0,3,0,0,1,Diesel,4,2,0,1,1
X4,2013,41196,Manual,75089,Petrol,162,58.5,2.5,10,0,1,0,Petrol,10,1,4,1,0
X3,2012,21187,Automatic,6383,Diesel,182,54.1,3.5,11,1,0,0,Diesel,9,0,0,0,0
X3,2011,3000,Automatic,61112,Other,94,55.1,1.5,12,1,0,0,Other,9,0,3,0,0
5 Series,2015,16894,Semi-Auto,132787,Diesel,82,44.0,3.0,8,0,0,1,Diesel,4,2,0,0,0
X1,2017,5515,Semi-Auto,141909,Diesel,92,53.8,3.0,6,0,0,1,Diesel,7,2,0,0,1
1 Series,2015,53938,Semi-Auto,80486,Diesel,277,41.4,1.5,8,0,0,1,Diesel,0,2,0,2,0
X1,2018,58198,Automatic,74528,Petrol,104,41.5,3.0,5,1,0,0,Petrol,7,0,4,2,1
X2,2014,41056,Automatic,100354,Diesel,84,42.5,2.0,9,1,0,0,Diesel,8,0,0,1,0
X1,2011,3000,Automatic,71278,Diesel,60,59.9,2.0,12,1,0,0,Diesel,7,0,0,0,0
4 Series,2017,36126,Automatic,14369,Petrol,207,24.2,2.5,6,1,0,0,Petrol,3,0,4,1,1
X3,2018,22154,Automatic,61428,Petrol,157,52.2,2.0,5,1,0,0,Petrol,9,0,4,1,1
1 Series,2019,58541,Automatic,137116,Diesel,68,30.9,3.5,4,1,0,0,Diesel,0,0,0,2,1
6 Series,2013,34815,Manual,66123,Diesel,261,34.4,3.0,10,0,1,0,Diesel,5,1,0,1,0
1 Series,2015,13668,Manual,91914,Diesel,233,23.2,6.0,8,0,1,0,Diesel,0,1,0,0,0
7 Series,2020,12164,Automatic,139333,Petrol,138,34.1,2.5,3,1,0,0,Petrol,6,0,4,0,1
1 Series,2019,27717,Manual,19064,Petrol,279,59.6,1.5,4,0,1,0,Petrol,0,1,4,1,1
1 Series,2017,94786,Automatic,14690,Hybrid,230,35.9,2.5,6,1,0,0,Hybrid,0,0,2,2,1
5 Series,2018,28014,Manual,134129,Diesel,50,46.8,3.5,5,0,1,0,Diesel,4,1,0,1,1
3 Series,2021,70602,Automatic,102025,Diesel,238,24.8,2.5,2,1,0,0,Diesel,2,0,0,2,1
5 Series,2014,29439,Automatic,101867,Hybrid,18,56.9,2.5,9,1,0,0,Hybrid,4,0,2,1,0
X1,2021,69495,Automatic,15559,Diesel,177,53.1,2.5,2,1,0,0,Diesel,7,0,0,2,1
1 Series,2015,3000,Automatic,145764,Diesel,208,35.5,2.0,8,1,0,0,Diesel,0,0,0,0,0
1 Series,2020,29358,Automatic,49429,Petrol,130,33.9,1.5,3,1,0,0,Petrol,0,0,4,1,1
X1,2013,80291,Automatic,17972,Petrol,230,37.3,2.0,10,1,0,0,Petrol,7,0,4,2,0
3 Series,2014,46855,Semi-Auto,42530,Diesel,91,36.1,2.5,9,0,0,1,Diesel,2,2,0,1,0
X3,2016,10437,Automatic,124297,Petrol,30,30.3,2.0,7,1,0,0,Petrol,9,0,4,0,0
X3,2018,36721,Automatic,2365,Diesel,248,59.6,3.0,5,1,0,0,Diesel,9,0,0,1,1
2 Series,2019,19024,Automatic,50683,Petrol,123,52.4,3.0,4,1,0,0,Petrol,1,0,4,0,1
X3,2020,3000,Automatic,95356,Petrol,135,30.7,3.0,3,1,0,0,Petrol,9,0,4,0,1
5 Series,2022,52413,Automatic,130406,Diesel,272,59.3,1.5,1,1,0,0,Diesel,4,0,0,2,1
X3,2015,8581,Manual,59896,Petrol,99,20.6,3.0,8,0,1,0,Petrol,9,1,4,0,0
3 Series,2015,16563,Automatic,100339,Diesel,218,37.5,2.5,8,1,0,0,Diesel,2,0,0,0,0
3 Series,2017,36199,Automatic,138794,Petrol,103,42.8,4.0,6,1,0,0,Petrol,2,0,4,1,1
X5,2020,65834,Manual,21100,Diesel,96,21.5,2.5,3,0,1,0,Diesel,11,1,0,2,1
5 Series,2013,19382,Automatic,121763,Petrol,202,26.4,1.5,10,1,0,0,Petrol,4,0,4,0,0
X6,2012,3000,Automatic,149532,Petrol,20,30.3,1.5,11,1,0,0,Petrol,12,0,4,0,0
X6,2016,69937,Manual,62645,Petrol,197,48.8,3.0,7,0,1,0,Petrol,12,1,4,2,1
2 Series,2014,3000,Automatic,70551,Hybrid,111,57.6,2.5,9,1,0,0,Hybrid,1,0,2,0,0
X2,2011,13423,Automatic,5840,Petrol,148,45.0,2.0,12,1,0,0,Petrol,8,0,4,0,0
5 Series,2011,32086,Semi-Auto,87069,Diesel,242,42.5,2.5,12,0,0,1,Diesel,4,2,0,1,0
3 Series,2020,3000,Automatic,86990,Petrol,182,41.5,1.5,3,1,0,0,Petrol,2,0,4,0,1
X1,2015,39773,Automatic,49105,Petrol,283,34.0,2.5,8,1,0,0,Petrol,7,0,4,1,0
5 Series,2017,56716,Semi-Auto,6699,Diesel,299,53.1,2.5,6,0,0,1,Diesel,4,2,0,2,1
X1,2010,27304,Automatic,137994,Diesel,88,41.6,3.5,13,1,0,0,Diesel,7,0,0,1,0
X3,2020,13451,Automatic,88200,Diesel,221,29.2,2.0,3,1,0,0,Diesel,9,0,0,0,1
X3,2015,32169,Manual,98806,Petrol,247,25.5,3.5,8,0,1,0,Petrol,9,1,4,1,0
5 Series,2021,3000,Manual,146934,Petrol,176,59.4,2.5,2,0,1,0,Petrol,4,1,4,0,1
3 Series,2011,3000,Automatic,145670,Diesel,117,20.7,1.5,12,1,0,0,Diesel,2,0,0,0,0
5 Series,2011,30154,Automatic,127473,Diesel,173,57.3,5.0,12,1,0,0,Diesel,4,0,0,1,0
1 Series,2016,55034,Manual,3822,Petrol,218,28.7,3.0,7,0,1,0,Petrol,0,1,4,2,1
6 Series,2019,28286,Manual,91585,Hybrid,217,46.3,2.0,4,0,1,0,Hybrid,5,1,2,1,1
3 Series,2010,3000,Automatic,88420,Petrol,76,32.1,3.0,13,1,0,0,Petrol,2,0,4,0,0
3 Series,2015,16877,Automatic,14052,Diesel,87,54.4,4.0,8,1,0,0,Diesel,2,0,0,0,0
1 Series,2016,3000,Automatic,84574,Petrol,77,41.7,4.4,7,1,0,0,Petrol,0,0,4,0,0
X1,2017,13023,Manual,131171,Diesel,200,25.6,3.0,6,0,1,0,Diesel,7,1,0,0,1
X1,2016,32665,Manual,120879,Petrol,63,30.8,3.0,7,0,1,0,Petrol,7,1,4,1,0
3 Series,2015,3000,Semi-Auto,145341,Petrol,3,32.8,2.0,8,0,0,1,Petrol,2,2,4,0,0
1 Series,2018,76616,Manual,17551,Electric,82,55.4,6.0,5,0,1,0,Electric,0,1,1,2,1
5 Series,2022,28411,Automatic,70915,Diesel,192,50.7,2.0,1,1,0,0,Diesel,4,0,0,1,1
3 Series,2012,83768,Automatic,8661,Diesel,5,53.2,1.5,11,1,0,0,Diesel,2,0,0,2,0
X3,2020,47899,Manual,73503,Petrol,192,22.1,5.0,3,0,1,0,Petrol,9,1,4,1,1
X1,2015,8135,Manual,96406,Hybrid,216,43.2,2.0,8,0,1,0,Hybrid,7,1,2,0,0
5 Series,2013,10604,Automatic,86930,Diesel,21,60.0,2.5,10,1,0,0,Diesel,4,0,0,0,0
3 Series,2011,3000,Automatic,145603,Diesel,144,51.4,2.5,12,1,0,0,Diesel,2,0,0,0,0
i3,2010,10419,Semi-Auto,125534,Petrol,284,24.8,3.5,13,0,0,1,Petrol,15,2,4,0,0
5 Series,2021,51089,Automatic,132904,Petrol,144,47.2,2.5,2,1,0,0,Petrol,4,0,4,2,1
X3,2021,3000,Automatic,142257,Other,1,49.8,2.5,2,1,0,0,Other,9,0,3,0,1
1 Series,2010,3000,Automatic,135564,Diesel,287,40.6,1.5,13,1,0,0,Diesel,0,0,0,0,0
5 Series,2020,50145,Automatic,59859,Diesel,224,23.2,2.0,3,1,0,0,Diesel,4,0,0,2,1
1 Series,2019,28921,Automatic,45630,Petrol,213,21.4,3.5,4,1,0,0,Petrol,0,0,4,1,1
7 Series,2012,75507,Manual,2076,Diesel,165,57.5,2.5,11,0,1,0,Diesel,6,1,0,2,0
X7,2013,3000,Automatic,114868,Diesel,140,30.3,2.0,10,1,0,0,Diesel,13,0,0,0,0
5 Series,2011,30643,Automatic,99343,Diesel,63,35.2,2.5,12,1,0,0,Diesel,4,0,0,1,0
1 Series,2022,76058,Automatic,64705,Diesel,211,51.8,2.0,1,1,0,0,Diesel,0,0,0,2,1
1 Series,2021,3000,Manual,115870,Petrol,288,47.6,3.0,2,0,1,0,Petrol,0,1,4,0,1
5 Series,2020,54878,Semi-Auto,96395,Petrol,97,58.7,1.5,3,0,0,1,Petrol,4,2,4,2,1
3 Series,2020,43197,Manual,104800,Petrol,165,23.7,2.0,3,0,1,0,Petrol,2,1,4,1,1
1 Series,2020,14688,Semi-Auto,46760,Diesel,125,48.3,2.5,3,0,0,1,Diesel,0,2,0,0,1
X5,2010,16994,Automatic,124476,Diesel,156,23.3,4.4,13,1,0,0,Diesel,11,0,0,0,0
5 Series,2013,14222,Automatic,36276,Petrol,249,20.0,3.0,10,1,0,0,Petrol,4,0,4,0,0
3 Series,2016,23379,Automatic,62913,Diesel,60,24.8,2.5,7,1,0,0,Diesel,2,0,0,1,0
6 Series,2019,77679,Automatic,74608,Diesel,31,44.7,2.0,4,1,0,0,Diesel,5,0,0,2,1
1 Series,2020,80487,Manual,14348,Petrol,273,47.0,3.0,3,0,1,0,Petrol,0,1,4,2,1
X7,2015,21406,Automatic,47678,Diesel,20,37.5,4.4,8,1,0,0,Diesel,13,0,0,0,0
3 Series,2015,38220,Semi-Auto,146024,Electric,11,21.8,3.0,8,0,0,1,Electric,2,2,1,1,0
4 Series,2020,14002,Automatic,115369,Petrol,243,45.4,2.0,3,1,0,0,Petrol,3,0,4,0,1
X1,2018,49887,Automatic,1318,Petrol,102,23.4,6.0,5,1,0,0,Petrol,7,0,4,2,1
X6,2011,52233,Automatic,78354,Petrol,275,25.7,2.5,12,1,0,0,Petrol,12,0,4,2,0
i3,2013,69844,Automatic,27011,Diesel,6,40.5,2.5,10,1,0,0,Diesel,15,0,0,2,0
3 Series,2014,84377,Automatic,19787,Petrol,129,33.6,2.5,9,1,0,0,Petrol,2,0,4,2,0
X7,2010,3000,Automatic,113286,Diesel,298,38.6,2.0,13,1,0,0,Diesel,13,0,0,0,0
5 Series,2017,3000,Automatic,110160,Diesel,96,45.4,1.5,6,1,0,0,Diesel,4,0,0,0,1
5 Series,2017,44810,Automatic,144588,Diesel,276,26.4,4.0,6,1,0,0,Diesel,4,0,0,1,1
3 Series,2015,26443,Automatic,100032,Diesel,284,55.7,2.5,8,1,0,0,Diesel,2,0,0,1,0
7 Series,2021,3000,Automatic,103305,Electric,287,42.4,3.5,2,1,0,0,Electric,6,0,1,0,1
3 Series,2014,90075,Automatic,9752,Petrol,172,20.9,5.0,9,1,0,0,Petrol,2,0,4,2,0
X1,2017,3000,Automatic,125345,Petrol,204,45.1,3.0,6,1,0,0,Petrol,7,0,4,0,1
7 Series,2012,4355,Automatic,81506,Petrol,102,38.5,3.0,11,1,0,0,Petrol,6,0,4,0,0
X5,2012,11072,Automatic,111382,Diesel,112,48.1,4.4,11,1,0,0,Diesel,11,0,0,0,0
2 Series,2011,24637,Automatic,99328,Diesel,130,51.4,2.5,12,1,0,0,Diesel,1,0,0,1,0
5 Series,2014,22453,Automatic,149610,Electric,38,57.6,2.5,9,1,0,0,Electric,4,0,1,1,0
3 Series,2012,24050,Automatic,13657,Diesel,7,59.9,4.4,11,1,0,0,Diesel,2,0,0,1,0
3 Series,2012,10448,Automatic,149915,Petrol,45,42.0,1.5,11,1,0,0,Petrol,2,0,4,0,0
3 Series,2015,9370,Automatic,82119,Diesel,193,42.5,2.0,8,1,0,0,Diesel,2,0,0,0,0
1 Series,2017,24719,Manual,22491,Petrol,5,20.9,2.5,6,0,1,0,Petrol,0,1,4,1,1
3 Series,2011,55038,Automatic,104010,Petrol,57,54.6,3.5,12,1,0,0,Petrol,2,0,4,2,0
3 Series,2013,3000,Automatic,129801,Diesel,168,21.1,4.4,10,1,0,0,Diesel,2,0,0,0,0
X7,2020,51869,Manual,43180,Electric,121,45.3,2.5,3,0,1,0,Electric,13,1,1,2,1
X1,2016,78177,Automatic,19540,Petrol,248,23.9,2.0,7,1,0,0,Petrol,7,0,4,2,1
3 Series,2010,15239,Manual,8943,Diesel,206,31.4,2.5,13,0,1,0,Diesel,2,1,0,0,0
X1,2010,24031,Automatic,121730,Diesel,114,25.6,3.0,13,1,0,0,Diesel,7,0,0,1,0
1 Series,2021,40978,Automatic,9911,Petrol,238,25.5,2.0,2,1,0,0,Petrol,0,0,4,1,1
5 Series,2022,70204,Manual,64000,Petrol,53,23.0,2.5,1,0,1,0,Petrol,4,1,4,2,1
X1,2019,20040,Automatic,70305,Diesel,75,32.7,3.0,4,1,0,0,Diesel,7,0,0,0,1
5 Series,2016,37155,Automatic,3479,Diesel,168,36.9,3.0,7,1,0,0,Diesel,4,0,0,1,1
5 Series,2016,66000,Automatic,11112,Petrol,47,38.6,3.0,7,1,0,0,Petrol,4,0,4,2,1
i8,2010,23300,Automatic,110575,Petrol,223,37.6,1.5,13,1,0,0,Petrol,16,0,4,1,0
4 Series,2010,7004,Automatic,47809,Diesel,69,40.9,3.0,13,1,0,0,Diesel,3,0,0,0,0
X1,2013,19665,Automatic,33205,Diesel,154,54.4,1.5,10,1,0,0,Diesel,7,0,0,0,0
X1,2014,25643,Manual,138629,Diesel,46,45.3,2.5,9,0,1,0,Diesel,7,1,0,1,0
X1,2014,35214,Manual,111947,Petrol,278,20.7,2.5,9,0,1,0,Petrol,7,1,4,1,0
3 Series,2013,71745,Automatic,35826,Diesel,201,26.9,2.0,10,1,0,0,Diesel,2,0,0,2,0
5 Series,2017,28407,Semi-Auto,127201,Diesel,141,34.0,1.5,6,0,0,1,Diesel,4,2,0,1,1
1 Series,2016,48081,Automatic,88691,Diesel,125,58.0,1.5,7,1,0,0,Diesel,0,0,0,1,1
5 Series,2018,48268,Automatic,117558,Hybrid,152,23.1,2.5,5,1,0,0,Hybrid,4,0,2,1,1
7 Series,2016,4491,Manual,102925,Diesel,64,48.4,2.0,7,0,1,0,Diesel,6,1,0,0,0
3 Series,2019,14526,Manual,97320,Electric,95,21.3,1.5,4,0,1,0,Electric,2,1,1,0,1
X7,2010,62903,Manual,33401,Electric,180,34.5,2.0,13,0,1,0,Electric,13,1,1,2,0
6 Series,2022,40942,Automatic,143637,Diesel,177,50.8,2.5,1,1,0,0,Diesel,5,0,0,1,1
X3,2016,3000,Automatic,91236,Diesel,128,33.8,3.0,7,1,0,0,Diesel,9,0,0,0,0
7 Series,2010,34609,Manual,65702,Diesel,38,37.2,2.5,13,0,1,0,Diesel,6,1,0,1,0
4 Series,2016,16988,Automatic,143184,Diesel,299,56.2,3.0,7,1,0,0,Diesel,3,0,0,0,0
1 Series,2019,80273,Automatic,80297,Petrol,132,22.6,3.0,4,1,0,0,Petrol,0,0,4,2,1
X6,2017,57762,Automatic,109327,Petrol,108,41.1,4.0,6,1,0,0,Petrol,12,0,4,2,1
1 Series,2020,3000,Manual,140957,Petrol,71,34.6,2.0,3,0,1,0,Petrol,0,1,4,0,1
X6,2018,3000,Automatic,133448,Petrol,207,58.6,2.5,5,1,0,0,Petrol,12,0,4,0,1
3 Series,2021,66486,Automatic,138011,Petrol,64,51.7,3.0,2,1,0,0,Petrol,2,0,4,2,1
4 Series,2012,31923,Automatic,134918,Hybrid,240,24.9,2.5,11,1,0,0,Hybrid,3,0,2,1,0
X4,2013,3000,Automatic,73353,Diesel,78,57.1,2.5,10,1,0,0,Diesel,10,0,0,0,0
1 Series,2013,64893,Manual,8430,Petrol,87,28.4,5.0,10,0,1,0,Petrol,0,1,4,2,0
5 Series,2021,18721,Automatic,143223,Diesel,177,23.4,4.4,2,1,0,0,Diesel,4,0,0,0,1
i3,2018,36536,Automatic,35484,Petrol,261,41.7,3.0,5,1,0,0,Petrol,15,0,4,1,1
5 Series,2022,4160,Automatic,125506,Diesel,65,49.5,2.5,1,1,0,0,Diesel,4,0,0,0,1
4 Series,2016,30291,Automatic,138852,Petrol,104,48.6,3.5,7,1,0,0,Petrol,3,0,4,1,0
X1,2012,89945,Automatic,29604,Petrol,97,41.4,2.5,11,1,0,0,Petrol,7,0,4,2,0
5 Series,2019,3000,Automatic,108385,Diesel,95,39.7,6.0,4,1,0,0,Diesel,4,0,0,0,1
3 Series,2014,83013,Automatic,18762,Diesel,45,58.8,3.0,9,1,0,0,Diesel,2,0,0,2,0
3 Series,2016,53099,Automatic,120272,Diesel,30,52.8,1.5,7,1,0,0,Diesel,2,0,0,2,1
X5,2017,3000,Manual,90230,Diesel,203,47.9,2.5,6,0,1,0,Diesel,11,1,0,0,1
5 Series,2010,3000,Manual,142628,Petrol,147,27.8,3.0,13,0,1,0,Petrol,4,1,4,0,0
7 Series,2021,65921,Automatic,80091,Diesel,131,52.8,3.5,2,1,0,0,Diesel,6,0,0,2,1
5 Series,2011,9373,Automatic,115919,Petrol,185,50.0,3.5,12,1,0,0,Petrol,4,0,4,0,0
X1,2016,49146,Semi-Auto,131731,Petrol,188,59.7,5.0,7,0,0,1,Petrol,7,2,4,1,1
4 Series,2020,98868,Automatic,11004,Petrol,126,25.3,2.5,3,1,0,0,Petrol,3,0,4,2,1
i3,2022,6673,Automatic,104726,Diesel,296,48.6,2.0,1,1,0,0,Diesel,15,0,0,0,1
5 Series,2022,29263,Manual,1247,Diesel,86,59.2,3.0,1,0,1,0,Diesel,4,1,0,1,1
X6,2011,27433,Automatic,112902,Petrol,120,38.5,1.5,12,1,0,0,Petrol,12,0,4,1,0
X5,2016,47421,Automatic,46995,Petrol,134,49.3,5.0,7,1,0,0,Petrol,11,0,4,1,1
X1,2018,64883,Automatic,60423,Hybrid,198,59.0,3.5,5,1,0,0,Hybrid,7,0,2,2,1
X7,2020,45161,Automatic,62969,Petrol,170,41.9,6.0,3,1,0,0,Petrol,13,0,4,1,1
3 Series,2011,24454,Manual,30052,Diesel,259,48.0,2.5,12,0,1,0,Diesel,2,1,0,1,0
1 Series,2016,13383,Automatic,50214,Diesel,123,20.8,1.5,7,1,0,0,Diesel,0,0,0,0,0
2 Series,2013,51781,Automatic,69858,Diesel,241,40.8,2.5,10,1,0,0,Diesel,1,0,0,2,0
5 Series,2020,14101,Semi-Auto,41765,Petrol,70,30.2,2.0,3,0,0,1,Petrol,4,2,4,0,1
2 Series,2022,20592,Semi-Auto,144538,Hybrid,58,25.2,3.0,1,0,0,1,Hybrid,1,2,2,0,1
6 Series,2011,3707,Automatic,46284,Diesel,108,48.3,2.5,12,1,0,0,Diesel,5,0,0,0,0
1 Series,2022,91034,Automatic,51034,Petrol,40,21.6,3.5,1,1,0,0,Petrol,0,0,4,2,1
4 Series,2016,51597,Automatic,34161,Petrol,285,56.2,2.0,7,1,0,0,Petrol,3,0,4,2,1
5 Series,2022,47857,Manual,54565,Petrol,145,40.7,3.5,1,0,1,0,Petrol,4,1,4,1,1
7 Series,2014,3000,Automatic,62314,Petrol,285,45.9,3.0,9,1,0,0,Petrol,6,0,4,0,0
X1,2010,32833,Automatic,120378,Hybrid,51,30.1,6.0,13,1,0,0,Hybrid,7,0,2,1,0
X2,2014,31268,Automatic,52929,Petrol,175,27.3,2.0,9,1,0,0,Petrol,8,0,4,1,0
1 Series,2021,37447,Automatic,9086,Diesel,278,29.8,1.5,2,1,0,0,Diesel,0,0,0,1,1
5 Series,2021,60690,Automatic,100209,Diesel,164,29.3,4.0,2,1,0,0,Diesel,4,0,0,2,1
X3,2012,36254,Automatic,119409,Petrol,251,54.6,2.5,11,1,0,0,Petrol,9,0,4,1,0
X3,2016,3000,Automatic,149028,Petrol,102,51.5,2.5,7,1,0,0,Petrol,9,0,4,0,0
X3,2015,53458,Automatic,83563,Diesel,52,54.1,4.4,8,1,0,0,Diesel,9,0,0,2,0
1 Series,2017,30433,Automatic,114212,Diesel,254,49.4,2.5,6,1,0,0,Diesel,0,0,0,1,1
3 Series,2022,51715,Automatic,106317,Diesel,172,45.7,2.0,1,1,0,0,Diesel,2,0,0,2,1
5 Series,2014,25221,Manual,46602,Diesel,250,41.1,1.5,9,0,1,0,Diesel,4,1,0,1,0
X6,2011,3000,Manual,137677,Diesel,176,30.6,2.5,12,0,1,0,Diesel,12,1,0,0,0
3 Series,2018,69003,Automatic,77213,Petrol,48,48.2,3.0,5,1,0,0,Petrol,2,0,4,2,1
3 Series,2020,51295,Automatic,149010,Hybrid,110,25.5,2.0,3,1,0,0,Hybrid,2,0,2,2,1
X7,2017,3000,Automatic,113355,Hybrid,209,40.4,3.0,6,1,0,0,Hybrid,13,0,2,0,1
1 Series,2015,12537,Automatic,53545,Petrol,247,27.8,2.5,8,1,0,0,Petrol,0,0,4,0,0
i8,2022,63719,Automatic,109720,Petrol,174,40.2,4.0,1,1,0,0,Petrol,16,0,4,2,1
X3,2019,34325,Automatic,16009,Diesel,106,31.8,2.0,4,1,0,0,Diesel,9,0,0,1,1
X6,2016,58116,Manual,31246,Diesel,152,22.1,3.5,7,0,1,0,Diesel,12,1,0,2,1
3 Series,2018,34900,Automatic,29185,Diesel,154,40.1,4.4,5,1,0,0,Diesel,2,0,0,1,1
1 Series,2016,14234,Automatic,125868,Diesel,139,27.3,3.0,7,1,0,0,Diesel,0,0,0,0,0
X5,2012,9732,Automatic,87488,Diesel,150,26.4,2.5,11,1,0,0,Diesel,11,0,0,0,0
2 Series,2015,12890,Manual,47642,Petrol,272,35.4,2.0,8,0,1,0,Petrol,1,1,4,0,0
X5,2020,82555,Automatic,10185,Diesel,43,34.5,1.5,3,1,0,0,Diesel,11,0,0,2,1
1 Series,2022,14250,Manual,65366,Petrol,70,54.7,3.0,1,0,1,0,Petrol,0,1,4,0,1
X5,2020,25504,Automatic,18505,Petrol,124,42.6,2.0,3,1,0,0,Petrol,11,0,4,1,1
X5,2016,43644,Manual,29022,Hybrid,151,54.2,3.5,7,0,1,0,Hybrid,11,1,2,1,1
X3,2011,31221,Semi-Auto,148511,Diesel,219,25.9,5.0,12,0,0,1,Diesel,9,2,0,1,0
X5,2012,10788,Semi-Auto,81196,Diesel,214,34.3,2.0,11,0,0,1,Diesel,11,2,0,0,0
2 Series,2013,68350,Automatic,75385,Diesel,143,42.2,2.5,10,1,0,0,Diesel,1,0,0,2,0
X1,2019,13323,Automatic,71272,Diesel,106,26.1,4.4,4,1,0,0,Diesel,7,0,0,0,1
1 Series,2015,84527,Automatic,4909,Diesel,280,25.1,2.5,8,1,0,0,Diesel,0,0,0,2,1
5 Series,2010,36208,Semi-Auto,146939,Petrol,63,46.5,2.5,13,0,0,1,Petrol,4,2,4,1,0
1 Series,2018,28393,Automatic,132866,Diesel,283,46.2,3.0,5,1,0,0,Diesel,0,0,0,1,1
5 Series,2014,58640,Automatic,84481,Petrol,264,29.4,2.0,9,1,0,0,Petrol,4,0,4,2,0
5 Series,2022,38092,Automatic,59527,Diesel,5,29.1,5.0,1,1,0,0,Diesel,4,0,0,1,1
1 Series,2021,3000,Automatic,147441,Diesel,167,49.8,3.5,2,1,0,0,Diesel,0,0,0,0,1
3 Series,2016,58605,Automatic,24807,Petrol,172,24.7,2.0,7,1,0,0,Petrol,2,0,4,2,1
1 Series,2018,21468,Automatic,11856,Petrol,118,56.9,2.0,5,1,0,0,Petrol,0,0,4,0,1
X6,2018,3000,Automatic,138867,Diesel,225,57.7,4.4,5,1,0,0,Diesel,12,0,0,0,1
X4,2010,43837,Automatic,142221,Petrol,173,54.8,3.0,13,1,0,0,Petrol,10,0,4,1,0
1 Series,2010,3000,Semi-Auto,93205,Diesel,128,28.4,1.5,13,0,0,1,Diesel,0,2,0,0,0
X7,2012,3000,Manual,104303,Diesel,186,20.7,2.0,11,0,1,0,Diesel,13,1,0,0,0
7 Series,2015,48710,Manual,70098,Petrol,62,57.5,1.5,8,0,1,0,Petrol,6,1,4,1,0
3 Series,2011,20153,Automatic,117382,Diesel,273,33.8,5.0,12,1,0,0,Diesel,2,0,0,0,0
1 Series,2019,32263,Manual,120443,Diesel,85,32.4,2.5,4,0,1,0,Diesel,0,1,0,1,1
7 Series,2021,16205,Automatic,136278,Petrol,209,30.5,2.5,2,1,0,0,Petrol,6,0,4,0,1
X6,2020,44900,Automatic,103900,Diesel,192,29.8,5.0,3,1,0,0,Diesel,12,0,0,1,1
X3,2010,44603,Automatic,130611,Petrol,237,49.4,2.5,13,1,0,0,Petrol,9,0,4,1,0
1 Series,2010,10649,Automatic,21897,Diesel,19,56.3,2.5,13,1,0,0,Diesel,0,0,0,0,0
1 Series,2022,70952,Automatic,136442,Diesel,181,51.4,6.0,1,1,0,0,Diesel,0,0,0,2,1
5 Series,2014,63003,Semi-Auto,88236,Petrol,47,47.0,2.0,9,0,0,1,Petrol,4,2,4,2,0
3 Series,2013,18219,Automatic,102751,Petrol,227,31.5,6.0,10,1,0,0,Petrol,2,0,4,0,0
3 Series,2010,4371,Automatic,122918,Diesel,53,41.9,2.0,13,1,0,0,Diesel,2,0,0,0,0
3 Series,2013,81395,Automatic,49671,Petrol,101,29.5,2.5,10,1,0,0,Petrol,2,0,4,2,0
X6,2012,34770,Automatic,147398,Petrol,88,24.5,2.5,11,1,0,0,Petrol,12,0,4,1,0
X2,2011,45287,Automatic,104533,Other,143,24.8,5.0,12,1,0,0,Other,8,0,3,1,0
5 Series,2018,89968,Automatic,61874,Petrol,147,44.2,2.5,5,1,0,0,Petrol,4,0,4,2,1
6 Series,2020,40278,Manual,109459,Diesel,229,21.5,1.5,3,0,1,0,Diesel,5,1,0,1,1
3 Series,2010,32262,Automatic,94679,Petrol,249,58.9,2.0,13,1,0,0,Petrol,2,0,4,1,0
5 Series,2016,40076,Automatic,127750,Diesel,224,59.8,2.5,7,1,0,0,Diesel,4,0,0,1,0
3 Series,2022,24068,Manual,71400,Petrol,160,26.0,3.0,1,0,1,0,Petrol,2,1,4,1,1
X1,2013,71138,Manual,10676,Petrol,167,37.1,3.0,10,0,1,0,Petrol,7,1,4,2,0
Z4,2014,15142,Manual,5234,Diesel,109,50.7,3.5,9,0,1,0,Diesel,14,1,0,0,0
X1,2019,45678,Automatic,113451,Diesel,260,58.2,3.5,4,1,0,0,Diesel,7,0,0,1,1
5 Series,2014,3000,Automatic,85259,Diesel,172,55.7,3.0,9,1,0,0,Diesel,4,0,0,0,0
X1,2010,5611,Automatic,140598,Petrol,296,30.2,3.0,13,1,0,0,Petrol,7,0,4,0,0
1 Series,2015,21785,Manual,35626,Diesel,242,23.4,2.0,8,0,1,0,Diesel,0,1,0,1,0
4 Series,2022,70419,Manual,2207,Diesel,208,31.5,5.0,1,0,1,0,Diesel,3,1,0,2,1
7 Series,2018,46267,Automatic,130330,Other,242,37.5,1.5,5,1,0,0,Other,6,0,3,1,1
5 Series,2011,27199,Automatic,83844,Hybrid,253,34.4,2.5,12,1,0,0,Hybrid,4,0,2,1,0
X1,2016,42029,Manual,53097,Diesel,81,51.0,3.0,7,0,1,0,Diesel,7,1,0,1,1
X1,2015,6552,Automatic,121069,Diesel,30,30.3,4.4,8,1,0,0,Diesel,7,0,0,0,0
1 Series,2014,27678,Automatic,137501,Diesel,3,54.3,2.5,9,1,0,0,Diesel,0,0,0,1,0
X3,2013,41926,Automatic,54591,Diesel,193,29.0,4.0,10,1,0,0,Diesel,9,0,0,1,0
3 Series,2013,32458,Automatic,139663,Petrol,55,34.5,2.0,10,1,0,0,Petrol,2,0,4,1,0
X3,2015,40890,Semi-Auto,112248,Petrol,260,37.9,2.5,8,0,0,1,Petrol,9,2,4,1,0
X6,2013,3000,Automatic,78313,Petrol,80,31.6,2.5,10,1,0,0,Petrol,12,0,4,0,0
X6,2014,3000,Automatic,105249,Electric,53,50.7,3.5,9,1,0,0,Electric,12,0,1,0,0
X1,2022,33197,Automatic,41459,Petrol,95,36.4,2.5,1,1,0,0,Petrol,7,0,4,1,1
7 Series,2015,46365,Automatic,103331,Petrol,256,55.5,2.5,8,1,0,0,Petrol,6,0,4,1,0
1 Series,2014,8416,Automatic,103599,Petrol,203,58.5,1.5,9,1,0,0,Petrol,0,0,4,0,0
X5,2016,45835,Automatic,79405,Diesel,210,54.4,2.5,7,1,0,0,Diesel,11,0,0,1,1
3 Series,2018,28787,Automatic,90399,Hybrid,125,40.9,1.5,5,1,0,0,Hybrid,2,0,2,1,1
5 Series,2019,12527,Automatic,136733,Diesel,6,40.4,2.0,4,1,0,0,Diesel,4,0,0,0,1
3 Series,2016,60391,Manual,45802,Petrol,124,28.6,2.0,7,0,1,0,Petrol,2,1,4,2,1
1 Series,2016,75951,Automatic,19782,Hybrid,270,43.7,2.5,7,1,0,0,Hybrid,0,0,2,2,1
X1,2013,43791,Automatic,111446,Petrol,107,58.1,2.0,10,1,0,0,Petrol,7,0,4,1,0
1 Series,2010,32606,Semi-Auto,133970,Electric,259,23.2,2.0,13,0,0,1,Electric,0,2,1,1,0
X5,2017,58200,Automatic,68963,Petrol,69,50.1,2.0,6,1,0,0,Petrol,11,0,4,2,1
3 Series,2013,7163,Manual,77303,Diesel,37,54.8,2.5,10,0,1,0,Diesel,2,1,0,0,0
1 Series,2010,12106,Automatic,84956,Petrol,174,59.5,2.5,13,1,0,0,Petrol,0,0,4,0,0
7 Series,2014,14297,Manual,37123,Hybrid,187,33.4,3.5,9,0,1,0,Hybrid,6,1,2,0,0
1 Series,2017,33368,Manual,57198,Petrol,226,34.2,2.5,6,0,1,0,Petrol,0,1,4,1,1
3 Series,2013,73480,Automatic,53872,Petrol,257,29.2,2.0,10,1,0,0,Petrol,2,0,4,2,0
X3,2022,46404,Manual,5902,Diesel,196,51.6,3.0,1,0,1,0,Diesel,9,1,0,1,1
1 Series,2021,78206,Semi-Auto,49554,Petrol,7,25.6,2.0,2,0,0,1,Petrol,0,2,4,2,1
2 Series,2017,56600,Automatic,140352,Diesel,50,30.7,3.5,6,1,0,0,Diesel,1,0,0,2,1
1 Series,2017,43862,Automatic,81490,Diesel,221,31.8,2.5,6,1,0,0,Diesel,0,0,0,1,1
3 Series,2012,3000,Automatic,58465,Diesel,18,35.0,2.5,11,1,0,0,Diesel,2,0,0,0,0
X5,2018,28463,Manual,33800,Petrol,246,36.9,2.5,5,0,1,0,Petrol,11,1,4,1,1
3 Series,2012,62672,Automatic,98143,Hybrid,30,42.4,5.0,11,1,0,0,Hybrid,2,0,2,2,0
1 Series,2010,16289,Automatic,119529,Diesel,79,57.9,2.0,13,1,0,0,Diesel,0,0,0,0,0
5 Series,2011,56486,Automatic,79871,Diesel,21,29.9,4.4,12,1,0,0,Diesel,4,0,0,2,0
3 Series,2015,45315,Automatic,72713,Petrol,288,51.2,3.0,8,1,0,0,Petrol,2,0,4,1,0
2 Series,2021,71977,Automatic,42206,Petrol,241,47.1,6.0,2,1,0,0,Petrol,1,0,4,2,1
3 Series,2019,46822,Automatic,4926,Petrol,213,24.6,3.0,4,1,0,0,Petrol,2,0,4,1,1
X5,2011,14213,Manual,114682,Diesel,199,52.4,3.0,12,0,1,0,Diesel,11,1,0,0,0
6 Series,2015,36509,Automatic,44056,Diesel,164,23.6,3.0,8,1,0,0,Diesel,5,0,0,1,0
5 Series,2010,56900,Automatic,69495,Diesel,139,49.6,3.5,13,1,0,0,Diesel,4,0,0,2,0
6 Series,2020,9292,Automatic,85147,Diesel,284,48.6,2.5,3,1,0,0,Diesel,5,0,0,0,1
5 Series,2022,59090,Automatic,57714,Diesel,12,47.6,3.0,1,1,0,0,Diesel,4,0,0,2,1
X7,2010,3000,Automatic,130613,Petrol,25,31.1,3.0,13,1,0,0,Petrol,13,0,4,0,0
1 Series,2014,3000,Automatic,138711,Diesel,21,42.9,2.5,9,1,0,0,Diesel,0,0,0,0,0
X3,2019,26986,Automatic,3478,Diesel,75,50.5,3.5,4,1,0,0,Diesel,9,0,0,1,1
5 Series,2022,52114,Automatic,65546,Diesel,91,45.5,2.0,1,1,0,0,Diesel,4,0,0,2,1
5 Series,2020,44422,Automatic,120147,Petrol,265,52.2,2.0,3,1,0,0,Petrol,4,0,4,1,1
X1,2018,21180,Automatic,89373,Diesel,47,47.5,3.0,5,1,0,0,Diesel,7,0,0,0,1
X3,2017,84447,Semi-Auto,30974,Petrol,169,31.0,3.0,6,0,0,1,Petrol,9,2,4,2,1
1 Series,2012,63457,Automatic,45183,Petrol,244,26.1,2.5,11,1,0,0,Petrol,0,0,4,2,0
3 Series,2012,3000,Manual,140490,Diesel,227,45.3,3.0,11,0,1,0,Diesel,2,1,0,0,0
X3,2010,10113,Manual,101361,Petrol,186,50.4,3.5,13,0,1,0,Petrol,9,1,4,0,0
X3,2012,58238,Automatic,58148,Hybrid,167,25.7,2.0,11,1,0,0,Hybrid,9,0,2,2,0
X7,2021,3550,Manual,113007,Petrol,202,27.0,3.0,2,0,1,0,Petrol,13,1,4,0,1
X5,2021,21833,Automatic,113239,Diesel,5,20.5,3.5,2,1,0,0,Diesel,11,0,0,1,1
X7,2021,55992,Automatic,109747,Diesel,131,41.3,2.5,2,1,0,0,Diesel,13,0,0,2,1
X3,2022,63170,Automatic,102245,Diesel,244,41.7,3.0,1,1,0,0,Diesel,9,0,0,2,1
3 Series,2020,34420,Manual,24382,Diesel,90,40.0,1.5,3,0,1,0,Diesel,2,1,0,1,1
1 Series,2010,64268,Automatic,27649,Diesel,125,32.6,3.5,13,1,0,0,Diesel,0,0,0,2,0
X5,2017,57181,Manual,111559,Hybrid,241,37.1,3.5,6,0,1,0,Hybrid,11,1,2,2,1
X1,2010,19469,Automatic,99099,Petrol,248,50.6,2.5,13,1,0,0,Petrol,7,0,4,0,0
1 Series,2014,50692,Manual,31373,Petrol,6,27.3,2.0,9,0,1,0,Petrol,0,1,4,2,0
5 Series,2018,76246,Automatic,23791,Diesel,87,28.1,3.0,5,1,0,0,Diesel,4,0,0,2,1
X7,2016,38565,Automatic,24115,Diesel,85,46.7,3.0,7,1,0,0,Diesel,13,0,0,1,1
7 Series,2013,3000,Automatic,149413,Diesel,144,54.7,4.4,10,1,0,0,Diesel,6,0,0,0,0
5 Series,2020,3000,Automatic,114109,Petrol,197,33.6,2.0,3,1,0,0,Petrol,4,0,4,0,1
5 Series,2018,3000,Automatic,148709,Petrol,163,57.3,1.5,5,1,0,0,Petrol,4,0,4,0,1
3 Series,2018,69573,Semi-Auto,84489,Petrol,144,22.3,2.0,5,0,0,1,Petrol,2,2,4,2,1
5 Series,2011,18385,Automatic,24877,Diesel,0,24.7,2.5,12,1,0,0,Diesel,4,0,0,0,0
5 Series,2019,79188,Semi-Auto,41273,Petrol,119,38.4,2.0,4,0,0,1,Petrol,4,2,4,2,1
1 Series,2019,70573,Automatic,57035,Petrol,66,48.9,5.0,4,1,0,0,Petrol,0,0,4,2,1
X5,2020,6121,Manual,144477,Petrol,48,34.8,2.0,3,0,1,0,Petrol,11,1,4,0,1
5 Series,2021,49429,Automatic,112141,Diesel,286,42.2,3.0,2,1,0,0,Diesel,4,0,0,2,1
X6,2015,66725,Automatic,42767,Diesel,23,21.1,2.5,8,1,0,0,Diesel,12,0,0,2,0
2 Series,2013,3000,Manual,121456,Diesel,210,38.5,3.0,10,0,1,0,Diesel,1,1,0,0,0
3 Series,2017,3000,Automatic,142045,Petrol,292,29.7,4.4,6,1,0,0,Petrol,2,0,4,0,1
X3,2021,93549,Automatic,59565,Petrol,62,40.7,2.5,2,1,0,0,Petrol,9,0,4,2,1
5 Series,2020,11112,Automatic,90461,Diesel,55,41.0,2.5,3,1,0,0,Diesel,4,0,0,0,1
4 Series,2016,6568,Automatic,129577,Diesel,17,50.1,2.0,7,1,0,0,Diesel,3,0,0,0,0
3 Series,2016,25703,Automatic,111159,Diesel,76,41.6,4.0,7,1,0,0,Diesel,2,0,0,1,0
X3,2020,67041,Manual,24091,Hybrid,259,44.6,6.0,3,0,1,0,Hybrid,9,1,2,2,1
X1,2019,26199,Automatic,20584,Hybrid,120,41.2,2.0,4,1,0,0,Hybrid,7,0,2,1,1
3 Series,2018,3000,Automatic,105861,Petrol,183,59.6,3.0,5,1,0,0,Petrol,2,0,4,0,1
1 Series,2022,27707,Automatic,123235,Petrol,47,51.7,2.5,1,1,0,0,Petrol,0,0,4,1,1
X3,2014,3000,Automatic,115688,Petrol,146,50.2,3.0,9,1,0,0,Petrol,9,0,4,0,0
X5,2015,25770,Automatic,17550,Diesel,281,45.1,5.0,8,1,0,0,Diesel,11,0,0,1,0
3 Series,2010,3000,Manual,134135,Diesel,293,41.1,2.0,13,0,1,0,Diesel,2,1,0,0,0
X1,2015,19958,Manual,93816,Diesel,79,33.8,3.0,8,0,1,0,Diesel,7,1,0,0,0
5 Series,2011,37211,Automatic,12631,Petrol,235,51.4,2.5,12,1,0,0,Petrol,4,0,4,1,0
X3,2015,79002,Manual,2125,Diesel,228,27.6,3.0,8,0,1,0,Diesel,9,1,0,2,1
3 Series,2018,84321,Automatic,51581,Diesel,283,21.5,2.5,5,1,0,0,Diesel,2,0,0,2,1
6 Series,2017,42057,Manual,23485,Other,60,47.9,3.0,6,0,1,0,Other,5,1,3,1,1
3 Series,2018,36842,Automatic,109539,Diesel,219,25.8,2.5,5,1,0,0,Diesel,2,0,0,1,1
5 Series,2022,75802,Automatic,84554,Diesel,88,56.2,2.5,1,1,0,0,Diesel,4,0,0,2,1
1 Series,2019,24729,Automatic,75398,Petrol,263,50.8,3.0,4,1,0,0,Petrol,0,0,4,1,1
1 Series,2017,23609,Automatic,133762,Diesel,227,44.1,1.5,6,1,0,0,Diesel,0,0,0,1,1
7 Series,2012,18034,Automatic,16740,Petrol,102,32.6,2.5,11,1,0,0,Petrol,6,0,4,0,0
3 Series,2017,21830,Automatic,89560,Diesel,87,45.5,2.5,6,1,0,0,Diesel,2,0,0,1,1
2 Series,2015,72390,Automatic,86877,Petrol,22,39.1,1.5,8,1,0,0,Petrol,1,0,4,2,0
1 Series,2022,37395,Automatic,10156,Petrol,292,31.6,3.0,1,1,0,0,Petrol,0,0,4,1,1
5 Series,2015,3000,Automatic,115968,Petrol,266,57.8,3.5,8,1,0,0,Petrol,4,0,4,0,0
3 Series,2015,7052,Automatic,97589,Petrol,16,26.5,2.0,8,1,0,0,Petrol,2,0,4,0,0
1 Series,2012,4370,Automatic,64389,Petrol,284,50.1,3.0,11,1,0,0,Petrol,0,0,4,0,0
1 Series,2019,59236,Automatic,134880,Other,161,52.0,3.0,4,1,0,0,Other,0,0,3,2,1
5 Series,2010,37651,Automatic,71938,Petrol,77,58.1,2.5,13,1,0,0,Petrol,4,0,4,1,0
5 Series,2021,22570,Semi-Auto,68500,Diesel,121,42.0,2.0,2,0,0,1,Diesel,4,2,0,1,1
5 Series,2013,69980,Semi-Auto,61734,Petrol,111,41.4,5.0,10,0,0,1,Petrol,4,2,4,2,0
7 Series,2019,3000,Automatic,149278,Diesel,238,56.8,2.5,4,1,0,0,Diesel,6,0,0,0,1
X1,2021,50536,Automatic,141701,Petrol,209,52.0,2.0,2,1,0,0,Petrol,7,0,4,2,1
1 Series,2015,66828,Automatic,33337,Petrol,1,50.5,3.0,8,1,0,0,Petrol,0,0,4,2,0
5 Series,2020,70520,Semi-Auto,88095,Petrol,202,51.6,3.0,3,0,0,1,Petrol,4,2,4,2,1
X7,2021,21439,Automatic,64829,Diesel,286,39.7,3.5,2,1,0,0,Diesel,13,0,0,0,1
7 Series,2019,33117,Automatic,70830,Petrol,116,21.7,6.0,4,1,0,0,Petrol,6,0,4,1,1
X3,2011,3000,Automatic,47939,Hybrid,299,27.9,1.5,12,1,0,0,Hybrid,9,0,2,0,0
3 Series,2016,23648,Automatic,13965,Diesel,113,45.7,3.0,7,1,0,0,Diesel,2,0,0,1,0
X5,2016,29441,Automatic,13228,Diesel,73,35.8,6.0,7,1,0,0,Diesel,11,0,0,1,1
X5,2020,91632,Automatic,49419,Electric,240,44.3,2.5,3,1,0,0,Electric,11,0,1,2,1
7 Series,2013,3000,Automatic,97913,Diesel,53,42.1,3.0,10,1,0,0,Diesel,6,0,0,0,0
Z4,2013,18300,Automatic,50229,Hybrid,158,37.5,2.5,10,1,0,0,Hybrid,14,0,2,0,0
1 Series,2010,44165,Automatic,144894,Petrol,108,29.4,2.5,13,1,0,0,Petrol,0,0,4,1,0
1 Series,2022,55503,Automatic,31070,Diesel,279,48.8,3.0,1,1,0,0,Diesel,0,0,0,2,1
X5,2011,3000,Automatic,125045,Petrol,152,56.4,6.0,12,1,0,0,Petrol,11,0,4,0,0
X6,2018,27554,Manual,8135,Diesel,162,50.8,1.5,5,0,1,0,Diesel,12,1,0,1,1
1 Series,2019,26777,Automatic,100093,Diesel,56,24.8,2.5,4,1,0,0,Diesel,0,0,0,1,1
3 Series,2017,75405,Automatic,100626,Hybrid,213,41.5,4.4,6,1,0,0,Hybrid,2,0,2,2,1
1 Series,2017,87370,Automatic,40441,Hybrid,27,53.4,2.0,6,1,0,0,Hybrid,0,0,2,2,1
3 Series,2018,17647,Automatic,117190,Petrol,203,43.6,3.0,5,1,0,0,Petrol,2,0,4,0,1
X5,2016,15677,Automatic,97108,Petrol,32,37.6,2.5,7,1,0,0,Petrol,11,0,4,0,0
7 Series,2022,53612,Automatic,76043,Diesel,121,31.4,2.5,1,1,0,0,Diesel,6,0,0,2,1
3 Series,2018,30231,Automatic,4062,Diesel,15,33.2,2.0,5,1,0,0,Diesel,2,0,0,1,1
5 Series,2019,30530,Automatic,91236,Petrol,153,29.7,2.0,4,1,0,0,Petrol,4,0,4,1,1
1 Series,2021,78381,Automatic,53214,Diesel,217,27.8,2.5,2,1,0,0,Diesel,0,0,0,2,1
3 Series,2011,71282,Automatic,54409,Diesel,104,43.6,2.5,12,1,0,0,Diesel,2,0,0,2,0
X1,2015,14241,Automatic,142940,Diesel,76,40.4,2.5,8,1,0,0,Diesel,7,0,0,0,0
Z4,2012,65011,Automatic,69089,Diesel,86,49.4,2.0,11,1,0,0,Diesel,14,0,0,2,0
2 Series,2020,35992,Automatic,95047,Diesel,30,32.3,2.5,3,1,0,0,Diesel,1,0,0,1,1
1 Series,2015,80649,Automatic,18428,Diesel,99,38.4,6.0,8,1,0,0,Diesel,0,0,0,2,1
6 Series,2012,3000,Automatic,109283,Hybrid,154,47.2,2.5,11,1,0,0,Hybrid,5,0,2,0,0
X5,2017,14148,Automatic,35734,Diesel,291,58.5,2.5,6,1,0,0,Diesel,11,0,0,0,1
X5,2020,21054,Automatic,66107,Diesel,105,34.0,1.5,3,1,0,0,Diesel,11,0,0,0,1
5 Series,2022,68724,Manual,87889,Diesel,229,31.9,2.5,1,0,1,0,Diesel,4,1,0,2,1
5 Series,2013,48236,Manual,113168,Petrol,2,38.0,3.5,10,0,1,0,Petrol,4,1,4,1,0
3 Series,2021,29022,Automatic,85170,Hybrid,221,49.0,2.5,2,1,0,0,Hybrid,2,0,2,1,1
1 Series,2019,28983,Automatic,143751,Diesel,120,58.5,3.0,4,1,0,0,Diesel,0,0,0,1,1
3 Series,2015,63900,Automatic,35782,Hybrid,159,41.5,3.0,8,1,0,0,Hybrid,2,0,2,2,0
3 Series,2018,42571,Automatic,71160,Petrol,270,52.5,2.0,5,1,0,0,Petrol,2,0,4,1,1
5 Series,2011,39801,Manual,119296,Diesel,193,38.6,2.5,12,0,1,0,Diesel,4,1,0,1,0
X5,2011,22769,Manual,54077,Diesel,217,21.6,3.0,12,0,1,0,Diesel,11,1,0,1,0
5 Series,2016,71521,Semi-Auto,29534,Diesel,190,55.8,2.5,7,0,0,1,Diesel,4,2,0,2,1
1 Series,2011,69026,Automatic,39636,Petrol,251,31.6,3.0,12,1,0,0,Petrol,0,0,4,2,0
X7,2011,3000,Automatic,100108,Petrol,225,25.5,2.5,12,1,0,0,Petrol,13,0,4,0,0
X4,2013,50395,Manual,51486,Diesel,0,59.8,2.0,10,0,1,0,Diesel,10,1,0,2,0
X5,2018,34570,Automatic,95096,Diesel,132,33.9,3.5,5,1,0,0,Diesel,11,0,0,1,1
i8,2017,48278,Manual,34435,Diesel,89,25.5,2.5,6,0,1,0,Diesel,16,1,0,1,1
7 Series,2011,66530,Automatic,34152,Petrol,5,32.5,3.0,12,1,0,0,Petrol,6,0,4,2,0
X7,2017,3471,Automatic,110620,Diesel,243,40.6,2.5,6,1,0,0,Diesel,13,0,0,0,1
1 Series,2013,72574,Automatic,59952,Diesel,132,23.5,4.4,10,1,0,0,Diesel,0,0,0,2,0
5 Series,2011,29433,Automatic,20638,Petrol,115,34.1,6.0,12,1,0,0,Petrol,4,0,4,1,0
3 Series,2020,68549,Automatic,118436,Petrol,72,46.8,3.0,3,1,0,0,Petrol,2,0,4,2,1
3 Series,2019,77829,Automatic,17396,Diesel,155,56.6,3.0,4,1,0,0,Diesel,2,0,0,2,1
1 Series,2016,3000,Automatic,137475,Diesel,210,35.9,3.5,7,1,0,0,Diesel,0,0,0,0,0
X1,2015,12771,Automatic,24838,Diesel,68,42.6,2.5,8,1,0,0,Diesel,7,0,0,0,0
X5,2019,28614,Automatic,39919,Diesel,299,45.4,4.0,4,1,0,0,Diesel,11,0,0,1,1
X1,2014,3000,Automatic,78895,Petrol,143,22.8,2.5,9,1,0,0,Petrol,7,0,4,0,0
1 Series,2020,39577,Manual,48995,Other,198,33.7,1.5,3,0,1,0,Other,0,1,3,1,1
X6,2010,51712,Automatic,76593,Hybrid,205,47.4,4.4,13,1,0,0,Hybrid,12,0,2,2,0
X1,2011,22387,Automatic,132172,Petrol,200,49.4,3.0,12,1,0,0,Petrol,7,0,4,1,0
5 Series,2017,56358,Semi-Auto,95191,Diesel,238,34.2,2.5,6,0,0,1,Diesel,4,2,0,2,1
X3,2010,17153,Semi-Auto,71514,Diesel,67,20.3,4.4,13,0,0,1,Diesel,9,2,0,0,0
3 Series,2012,70471,Automatic,11988,Diesel,170,20.3,4.0,11,1,0,0,Diesel,2,0,0,2,0
3 Series,2011,3000,Manual,120392,Diesel,296,41.5,2.0,12,0,1,0,Diesel,2,1,0,0,0
X2,2014,57153,Automatic,116137,Diesel,69,42.1,3.0,9,1,0,0,Diesel,8,0,0,2,0
3 Series,2013,63328,Automatic,78229,Electric,286,42.2,2.5,10,1,0,0,Electric,2,0,1,2,0
5 Series,2022,19272,Automatic,102471,Diesel,16,48.9,3.5,1,1,0,0,Diesel,4,0,0,0,1
6 Series,2016,71017,Automatic,39148,Petrol,136,56.9,2.5,7,1,0,0,Petrol,5,0,4,2,1
X3,2014,14861,Manual,145895,Diesel,218,59.6,1.5,9,0,1,0,Diesel,9,1,0,0,0
1 Series,2017,74604,Manual,25696,Petrol,5,48.0,2.0,6,0,1,0,Petrol,0,1,4,2,1
1 Series,2013,49106,Semi-Auto,12629,Diesel,197,40.6,2.0,10,0,0,1,Diesel,0,2,0,1,0
1 Series,2021,29301,Manual,135928,Diesel,131,25.6,2.0,2,0,1,0,Diesel,0,1,0,1,1
X1,2015,14351,Automatic,32051,Petrol,183,35.4,2.5,8,1,0,0,Petrol,7,0,4,0,0
5 Series,2013,23645,Automatic,34469,Petrol,17,42.9,3.0,10,1,0,0,Petrol,4,0,4,1,0
1 Series,2011,47494,Semi-Auto,73372,Diesel,212,60.0,1.5,12,0,0,1,Diesel,0,2,0,1,0
X7,2010,39401,Manual,44406,Petrol,47,25.1,2.5,13,0,1,0,Petrol,13,1,4,1,0
7 Series,2010,34695,Manual,88754,Petrol,28,51.7,2.5,13,0,1,0,Petrol,6,1,4,1,0
3 Series,2017,51713,Semi-Auto,36017,Diesel,152,60.0,3.0,6,0,0,1,Diesel,2,2,0,2,1
7 Series,2013,41284,Automatic,11705,Electric,237,52.2,2.5,10,1,0,0,Electric,6,0,1,1,0
X3,2014,7228,Manual,87911,Diesel,264,50.7,2.0,9,0,1,0,Diesel,9,1,0,0,0
1 Series,2020,49573,Manual,93469,Diesel,198,30.3,2.5,3,0,1,0,Diesel,0,1,0,2,1
3 Series,2017,3000,Semi-Auto,74654,Diesel,13,20.1,3.0,6,0,0,1,Diesel,2,2,0,0,1
X6,2021,57140,Automatic,93185,Petrol,275,29.0,1.5,2,1,0,0,Petrol,12,0,4,2,1
5 Series,2016,69355,Automatic,46318,Diesel,9,51.6,2.0,7,1,0,0,Diesel,4,0,0,2,1
7 Series,2022,3000,Automatic,134286,Diesel,138,24.3,3.5,1,1,0,0,Diesel,6,0,0,0,1
5 Series,2017,70127,Automatic,75070,Electric,166,31.8,2.5,6,1,0,0,Electric,4,0,1,2,1
1 Series,2022,87424,Automatic,50869,Electric,146,42.5,5.0,1,1,0,0,Electric,0,0,1,2,1
3 Series,2017,31190,Automatic,4255,Petrol,244,43.2,4.0,6,1,0,0,Petrol,2,0,4,1,1
5 Series,2015,11084,Automatic,121478,Other,69,41.7,2.5,8,1,0,0,Other,4,0,3,0,0
3 Series,2019,95816,Automatic,28841,Electric,103,59.2,3.0,4,1,0,0,Electric,2,0,1,2,1
1 Series,2011,52591,Automatic,6334,Diesel,228,20.5,2.0,12,1,0,0,Diesel,0,0,0,2,0
2 Series,2015,67551,Automatic,106134,Petrol,137,39.5,2.0,8,1,0,0,Petrol,1,0,4,2,0
i3,2010,39716,Automatic,41522,Diesel,35,40.2,4.0,13,1,0,0,Diesel,15,0,0,1,0
X6,2010,8690,Automatic,31697,Petrol,117,31.7,2.5,13,1,0,0,Petrol,12,0,4,0,0
2 Series,2020,3000,Automatic,142794,Diesel,254,41.0,2.0,3,1,0,0,Diesel,1,0,0,0,1
3 Series,2012,60356,Automatic,102936,Petrol,19,46.9,5.0,11,1,0,0,Petrol,2,0,4,2,0
X7,2012,4476,Automatic,124935,Diesel,297,46.9,1.5,11,1,0,0,Diesel,13,0,0,0,0
3 Series,2020,36916,Automatic,17029,Electric,20,23.5,2.5,3,1,0,0,Electric,2,0,1,1,1
X7,2022,43007,Manual,66550,Petrol,255,52.1,1.5,1,0,1,0,Petrol,13,1,4,1,1
i8,2014,8333,Automatic,140280,Diesel,247,57.2,2.5,9,1,0,0,Diesel,16,0,0,0,0
X3,2010,36046,Automatic,76507,Petrol,165,24.9,2.5,13,1,0,0,Petrol,9,0,4,1,0
i3,2019,12176,Manual,89719,Diesel,254,36.7,3.0,4,0,1,0,Diesel,15,1,0,0,1
X1,2015,39461,Automatic,89499,Diesel,77,40.5,5.0,8,1,0,0,Diesel,7,0,0,1,0
3 Series,2016,58738,Semi-Auto,102383,Petrol,279,25.4,2.5,7,0,0,1,Petrol,2,2,4,2,1
5 Series,2019,3000,Manual,140199,Diesel,281,40.1,2.0,4,0,1,0,Diesel,4,1,0,0,1
X1,2021,28522,Automatic,16646,Diesel,33,28.3,4.0,2,1,0,0,Diesel,7,0,0,1,1
1 Series,2022,56531,Automatic,23713,Petrol,98,57.4,3.0,1,1,0,0,Petrol,0,0,4,2,1
X1,2020,59170,Automatic,33267,Diesel,142,37.9,3.0,3,1,0,0,Diesel,7,0,0,2,1
i3,2012,28831,Automatic,4864,Diesel,54,59.8,2.0,11,1,0,0,Diesel,15,0,0,1,0
3 Series,2013,49139,Automatic,77197,Petrol,2,21.9,1.5,10,1,0,0,Petrol,2,0,4,1,0
X6,2019,59077,Automatic,118201,Hybrid,218,25.1,2.5,4,1,0,0,Hybrid,12,0,2,2,1
6 Series,2020,9239,Manual,73246,Diesel,210,37.7,2.5,3,0,1,0,Diesel,5,1,0,0,1
X4,2019,93449,Automatic,33380,Petrol,148,55.0,2.0,4,1,0,0,Petrol,10,0,4,2,1
X7,2021,63238,Automatic,42284,Petrol,231,42.2,1.5,2,1,0,0,Petrol,13,0,4,2,1
7 Series,2019,3000,Automatic,119178,Diesel,87,49.3,2.0,4,1,0,0,Diesel,6,0,0,0,1
Z4,2019,57160,Automatic,124556,Diesel,210,36.9,1.5,4,1,0,0,Diesel,14,0,0,2,1
X5,2019,21726,Automatic,56277,Diesel,222,21.6,1.5,4,1,0,0,Diesel,11,0,0,1,1
3 Series,2012,34998,Automatic,16316,Diesel,295,45.9,2.5,11,1,0,0,Diesel,2,0,0,1,0
5 Series,2010,21535,Automatic,136960,Diesel,147,45.4,3.5,13,1,0,0,Diesel,4,0,0,0,0
X3,2017,29678,Semi-Auto,12325,Diesel,206,22.9,3.0,6,0,0,1,Diesel,9,2,0,1,1
3 Series,2022,35004,Automatic,75922,Diesel,226,26.8,3.0,1,1,0,0,Diesel,2,0,0,1,1
X1,2019,71649,Automatic,114949,Other,183,39.0,2.0,4,1,0,0,Other,7,0,3,2,1
X3,2019,23391,Automatic,131856,Electric,40,37.9,1.5,4,1,0,0,Electric,9,0,1,1,1
3 Series,2011,53493,Automatic,105564,Diesel,181,50.1,2.5,12,1,0,0,Diesel,2,0,0,2,0
X1,2010,20418,Automatic,77803,Diesel,43,35.5,2.5,13,1,0,0,Diesel,7,0,0,0,0
X5,2017,59648,Manual,16419,Petrol,209,46.5,4.4,6,0,1,0,Petrol,11,1,4,2,1
5 Series,2016,77180,Semi-Auto,46854,Petrol,249,48.2,1.5,7,0,0,1,Petrol,4,2,4,2,1
1 Series,2016,54860,Automatic,134976,Diesel,83,45.8,3.5,7,1,0,0,Diesel,0,0,0,2,1
1 Series,2013,20139,Automatic,110796,Diesel,138,43.8,2.5,10,1,0,0,Diesel,0,0,0,0,0
5 Series,2020,52331,Automatic,100427,Petrol,230,52.2,3.5,3,1,0,0,Petrol,4,0,4,2,1
X2,2018,28545,Automatic,81535,Diesel,11,46.3,2.5,5,1,0,0,Diesel,8,0,0,1,1
3 Series,2015,3000,Automatic,89855,Hybrid,272,53.4,3.5,8,1,0,0,Hybrid,2,0,2,0,0
X1,2011,5880,Automatic,28633,Hybrid,89,45.5,2.5,12,1,0,0,Hybrid,7,0,2,0,0
3 Series,2010,27529,Automatic,117958,Diesel,24,26.4,2.5,13,1,0,0,Diesel,2,0,0,1,0
3 Series,2010,34003,Automatic,25055,Diesel,25,32.4,5.0,13,1,0,0,Diesel,2,0,0,1,0
2 Series,2018,16531,Manual,135718,Petrol,152,33.2,2.5,5,0,1,0,Petrol,1,1,4,0,1
X3,2013,3000,Manual,145245,Diesel,59,23.8,3.5,10,0,1,0,Diesel,9,1,0,0,0
1 Series,2014,85760,Automatic,8025,Hybrid,59,47.7,1.5,9,1,0,0,Hybrid,0,0,2,2,0
5 Series,2012,74639,Automatic,13549,Diesel,282,43.8,1.5,11,1,0,0,Diesel,4,0,0,2,0
1 Series,2013,39796,Semi-Auto,15853,Diesel,170,43.6,2.5,10,0,0,1,Diesel,0,2,0,1,0
5 Series,2021,38521,Automatic,62156,Petrol,75,39.1,3.0,2,1,0,0,Petrol,4,0,4,1,1
X3,2017,15276,Manual,143398,Diesel,275,41.7,3.0,6,0,1,0,Diesel,9,1,0,0,1
1 Series,2022,3000,Automatic,135535,Diesel,207,20.3,1.5,1,1,0,0,Diesel,0,0,0,0,1
3 Series,2013,56242,Automatic,28163,Diesel,154,23.8,3.0,10,1,0,0,Diesel,2,0,0,2,0
5 Series,2018,3000,Automatic,99136,Petrol,179,47.3,2.0,5,1,0,0,Petrol,4,0,4,0,1
X2,2018,26373,Manual,124296,Diesel,81,30.5,5.0,5,0,1,0,Diesel,8,1,0,1,1
i8,2015,59906,Automatic,15075,Petrol,9,24.3,2.5,8,1,0,0,Petrol,16,0,4,2,0
1 Series,2011,4622,Automatic,95245,Diesel,242,33.1,2.0,12,1,0,0,Diesel,0,0,0,0,0
X5,2021,49355,Automatic,44315,Diesel,177,30.2,2.0,2,1,0,0,Diesel,11,0,0,2,1
5 Series,2019,16744,Manual,104245,Diesel,285,21.2,4.4,4,0,1,0,Diesel,4,1,0,0,1
5 Series,2020,29415,Semi-Auto,17010,Diesel,256,36.4,2.5,3,0,0,1,Diesel,4,2,0,1,1
X5,2016,52905,Semi-Auto,107548,Diesel,3,21.1,2.5,7,0,0,1,Diesel,11,2,0,2,1
X2,2018,75397,Semi-Auto,1605,Petrol,214,20.0,3.0,5,0,0,1,Petrol,8,2,4,2,1
X7,2015,23461,Automatic,38315,Petrol,29,51.7,4.4,8,1,0,0,Petrol,13,0,4,1,0
X1,2012,81389,Automatic,9652,Electric,64,32.6,2.5,11,1,0,0,Electric,7,0,1,2,0
5 Series,2016,3000,Automatic,121179,Petrol,123,42.7,2.0,7,1,0,0,Petrol,4,0,4,0,0
X5,2014,42111,Automatic,94439,Petrol,284,31.9,3.0,9,1,0,0,Petrol,11,0,4,1,0
3 Series,2010,4307,Manual,81266,Petrol,152,57.2,2.5,13,0,1,0,Petrol,2,1,4,0,0
X1,2012,51970,Manual,39541,Petrol,39,49.2,1.5,11,0,1,0,Petrol,7,1,4,2,0
5 Series,2014,33421,Automatic,65658,Diesel,25,34.8,2.5,9,1,0,0,Diesel,4,0,0,1,0
X3,2016,34139,Automatic,57327,Diesel,272,28.4,3.0,7,1,0,0,Diesel,9,0,0,1,1
3 Series,2012,6427,Semi-Auto,94434,Other,158,25.5,3.0,11,0,0,1,Other,2,2,3,0,0
3 Series,2015,12612,Automatic,44654,Diesel,188,50.5,6.0,8,1,0,0,Diesel,2,0,0,0,0
X2,2014,65333,Automatic,16930,Petrol,263,38.1,2.5,9,1,0,0,Petrol,8,0,4,2,0
1 Series,2022,35506,Automatic,131682,Diesel,68,29.3,2.5,1,1,0,0,Diesel,0,0,0,1,1
7 Series,2010,14721,Automatic,135590,Diesel,0,56.8,1.5,13,1,0,0,Diesel,6,0,0,0,0
3 Series,2019,97527,Automatic,7775,Diesel,78,35.6,3.5,4,1,0,0,Diesel,2,0,0,2,1
1 Series,2015,36379,Automatic,6378,Diesel,227,41.7,1.5,8,1,0,0,Diesel,0,0,0,1,0
1 Series,2017,94400,Automatic,47402,Petrol,45,54.3,4.4,6,1,0,0,Petrol,0,0,4,2,1
3 Series,2022,5905,Semi-Auto,80712,Diesel,107,53.3,2.5,1,0,0,1,Diesel,2,2,0,0,1
4 Series,2022,37270,Automatic,26060,Diesel,123,45.5,2.5,1,1,0,0,Diesel,3,0,0,1,1
3 Series,2010,3000,Automatic,128067,Diesel,147,55.5,2.5,13,1,0,0,Diesel,2,0,0,0,0
X7,2011,3000,Semi-Auto,129334,Petrol,251,58.1,5.0,12,0,0,1,Petrol,13,2,4,0,0
X1,2013,4357,Automatic,119684,Diesel,1,57.4,6.0,10,1,0,0,Diesel,7,0,0,0,0
5 Series,2021,47328,Automatic,94104,Petrol,221,34.0,5.0,2,1,0,0,Petrol,4,0,4,1,1
X1,2011,28208,Manual,23765,Petrol,188,35.9,3.0,12,0,1,0,Petrol,7,1,4,1,0
7 Series,2020,33838,Automatic,117677,Petrol,70,29.6,2.0,3,1,0,0,Petrol,6,0,4,1,1
X5,2018,30536,Manual,147540,Petrol,96,53.5,2.5,5,0,1,0,Petrol,11,1,4,1,1
3 Series,2019,68993,Automatic,95385,Diesel,231,24.9,2.0,4,1,0,0,Diesel,2,0,0,2,1
5 Series,2017,70015,Automatic,103649,Petrol,29,34.2,3.0,6,1,0,0,Petrol,4,0,4,2,1
6 Series,2017,42975,Automatic,9174,Petrol,29,20.4,2.5,6,1,0,0,Petrol,5,0,4,1,1
X4,2013,17238,Automatic,46820,Petrol,214,43.8,3.0,10,1,0,0,Petrol,10,0,4,0,0
6 Series,2014,42880,Manual,127518,Petrol,172,46.3,1.5,9,0,1,0,Petrol,5,1,4,1,0
5 Series,2013,3000,Automatic,73582,Diesel,279,30.0,3.5,10,1,0,0,Diesel,4,0,0,0,0
X5,2022,30961,Semi-Auto,136258,Petrol,210,49.5,5.0,1,0,0,1,Petrol,11,2,4,1,1
5 Series,2018,27931,Manual,17722,Petrol,124,35.3,3.0,5,0,1,0,Petrol,4,1,4,1,1
5 Series,2022,45067,Automatic,109157,Diesel,79,32.5,4.0,1,1,0,0,Diesel,4,0,0,1,1
3 Series,2011,6925,Manual,72504,Petrol,183,58.2,2.5,12,0,1,0,Petrol,2,1,4,0,0
X1,2022,13748,Automatic,111760,Petrol,14,43.5,1.5,1,1,0,0,Petrol,7,0,4,0,1
3 Series,2020,65597,Automatic,41452,Diesel,10,30.1,6.0,3,1,0,0,Diesel,2,0,0,2,1
3 Series,2017,43426,Manual,29270,Diesel,88,59.3,1.5,6,0,1,0,Diesel,2,1,0,1,1
2 Series,2011,3000,Automatic,42129,Diesel,2,35.5,2.0,12,1,0,0,Diesel,1,0,0,0,0
3 Series,2010,68718,Automatic,7387,Diesel,23,45.9,1.5,13,1,0,0,Diesel,2,0,0,2,0
1 Series,2019,47773,Automatic,25394,Hybrid,88,49.0,3.0,4,1,0,0,Hybrid,0,0,2,1,1
1 Series,2012,35269,Automatic,128113,Petrol,8,36.9,3.0,11,1,0,0,Petrol,0,0,4,1,0
X4,2018,51651,Automatic,77827,Diesel,45,41.4,2.0,5,1,0,0,Diesel,10,0,0,2,1
7 Series,2021,41347,Automatic,112110,Diesel,93,29.6,5.0,2,1,0,0,Diesel,6,0,0,1,1
5 Series,2012,25513,Automatic,36241,Hybrid,70,38.6,4.4,11,1,0,0,Hybrid,4,0,2,1,0
X6,2018,28553,Automatic,29337,Diesel,187,32.4,2.0,5,1,0,0,Diesel,12,0,0,1,1
2 Series,2016,17685,Automatic,101992,Diesel,138,41.9,3.0,7,1,0,0,Diesel,1,0,0,0,0
3 Series,2022,91575,Automatic,5804,Diesel,9,46.8,4.0,1,1,0,0,Diesel,2,0,0,2,1
X3,2019,34320,Automatic,58450,Diesel,2,44.6,2.5,4,1,0,0,Diesel,9,0,0,1,1
X5,2010,11374,Manual,60529,Diesel,18,51.1,2.0,13,0,1,0,Diesel,11,1,0,0,0
X3,2019,65182,Automatic,123766,Other,129,21.7,2.0,4,1,0,0,Other,9,0,3,2,1
3 Series,2014,77243,Automatic,32334,Diesel,220,23.1,3.5,9,1,0,0,Diesel,2,0,0,2,0
4 Series,2018,75407,Automatic,64452,Petrol,129,28.2,2.5,5,1,0,0,Petrol,3,0,4,2,1
7 Series,2021,3000,Automatic,138583,Petrol,112,59.4,3.0,2,1,0,0,Petrol,6,0,4,0,1
3 Series,2012,6084,Automatic,108018,Petrol,137,52.0,3.0,11,1,0,0,Petrol,2,0,4,0,0
5 Series,2018,11892,Semi-Auto,40440,Petrol,42,57.0,2.5,5,0,0,1,Petrol,4,2,4,0,1
1 Series,2014,68966,Semi-Auto,64118,Petrol,217,30.9,2.0,9,0,0,1,Petrol,0,2,4,2,0
1 Series,2018,27995,Manual,86263,Diesel,57,43.0,2.0,5,0,1,0,Diesel,0,1,0,1,1
X5,2019,3000,Semi-Auto,127775,Diesel,112,42.2,1.5,4,0,0,1,Diesel,11,2,0,0,1
1 Series,2015,31600,Automatic,50217,Petrol,187,42.8,1.5,8,1,0,0,Petrol,0,0,4,1,0
5 Series,2018,5619,Automatic,69517,Diesel,121,48.7,2.0,5,1,0,0,Diesel,4,0,0,0,1
7 Series,2016,39657,Manual,144857,Petrol,84,35.8,3.0,7,0,1,0,Petrol,6,1,4,1,0
1 Series,2016,8950,Automatic,55740,Diesel,105,47.1,2.0,7,1,0,0,Diesel,0,0,0,0,0
Z4,2017,7767,Manual,102119,Petrol,98,51.5,2.5,6,0,1,0,Petrol,14,1,4,0,1
3 Series,2016,41412,Manual,14950,Diesel,8,31.6,2.0,7,0,1,0,Diesel,2,1,0,1,1
3 Series,2021,27532,Semi-Auto,73209,Electric,5,57.8,2.5,2,0,0,1,Electric,2,2,1,1,1
3 Series,2018,44524,Automatic,68278,Petrol,107,40.7,3.5,5,1,0,0,Petrol,2,0,4,1,1
3 Series,2020,74300,Manual,39488,Diesel,151,49.3,2.0,3,0,1,0,Diesel,2,1,0,2,1
1 Series,2018,25236,Automatic,37277,Diesel,236,49.2,2.5,5,1,0,0,Diesel,0,0,0,1,1
X3,2015,63206,Automatic,4534,Petrol,26,42.6,3.0,8,1,0,0,Petrol,9,0,4,2,0
X7,2016,52734,Automatic,81221,Other,118,32.9,2.5,7,1,0,0,Other,13,0,3,2,1
3 Series,2011,34678,Manual,72121,Diesel,210,46.7,1.5,12,0,1,0,Diesel,2,1,0,1,0
X3,2018,65326,Semi-Auto,75090,Petrol,99,23.5,3.5,5,0,0,1,Petrol,9,2,4,2,1
X5,2021,53946,Automatic,110777,Petrol,2,59.3,2.0,2,1,0,0,Petrol,11,0,4,2,1
2 Series,2022,51276,Automatic,2634,Diesel,293,27.4,2.5,1,1,0,0,Diesel,1,0,0,2,1
5 Series,2010,20271,Automatic,17908,Diesel,16,31.0,2.0,13,1,0,0,Diesel,4,0,0,0,0
3 Series,2010,37946,Semi-Auto,81653,Petrol,105,58.2,2.5,13,0,0,1,Petrol,2,2,4,1,0
3 Series,2012,14983,Automatic,68258,Diesel,229,27.5,3.0,11,1,0,0,Diesel,2,0,0,0,0
X3,2021,19613,Automatic,70400,Petrol,176,26.8,3.5,2,1,0,0,Petrol,9,0,4,0,1
X6,2015,18452,Automatic,117107,Diesel,83,52.2,4.4,8,1,0,0,Diesel,12,0,0,0,0
3 Series,2014,42588,Automatic,130468,Diesel,262,30.1,2.5,9,1,0,0,Diesel,2,0,0,1,0
5 Series,2011,3000,Automatic,113436,Diesel,195,23.8,4.4,12,1,0,0,Diesel,4,0,0,0,0
6 Series,2018,63470,Automatic,32131,Diesel,248,29.1,3.0,5,1,0,0,Diesel,5,0,0,2,1
X6,2022,31494,Semi-Auto,62760,Diesel,148,55.5,2.5,1,0,0,1,Diesel,12,2,0,1,1
i3,2019,68292,Manual,68370,Petrol,205,31.2,4.0,4,0,1,0,Petrol,15,1,4,2,1
X5,2013,3000,Automatic,130841,Diesel,80,47.8,3.0,10,1,0,0,Diesel,11,0,0,0,0
5 Series,2013,50506,Semi-Auto,55470,Petrol,188,35.8,2.5,10,0,0,1,Petrol,4,2,4,2,0
X1,2014,42028,Automatic,120688,Diesel,205,30.5,1.5,9,1,0,0,Diesel,7,0,0,1,0
X3,2017,42683,Automatic,54283,Diesel,268,25.8,3.0,6,1,0,0,Diesel,9,0,0,1,1
1 Series,2019,3000,Automatic,131263,Diesel,289,58.9,1.5,4,1,0,0,Diesel,0,0,0,0,1
7 Series,2013,17189,Automatic,134425,Diesel,299,40.8,2.0,10,1,0,0,Diesel,6,0,0,0,0
X3,2014,31507,Manual,14878,Diesel,254,24.6,5.0,9,0,1,0,Diesel,9,1,0,1,0
3 Series,2021,10595,Automatic,118743,Hybrid,7,28.0,2.0,2,1,0,0,Hybrid,2,0,2,0,1
X5,2013,19304,Automatic,77668,Petrol,113,36.3,2.5,10,1,0,0,Petrol,11,0,4,0,0
X1,2015,71552,Manual,9203,Petrol,4,41.8,4.4,8,0,1,0,Petrol,7,1,4,2,1
X7,2021,33915,Automatic,11322,Diesel,72,27.3,2.5,2,1,0,0,Diesel,13,0,0,1,1
1 Series,2012,15072,Manual,77831,Diesel,120,31.1,2.5,11,0,1,0,Diesel,0,1,0,0,0
3 Series,2017,56606,Manual,36925,Diesel,233,51.3,3.0,6,0,1,0,Diesel,2,1,0,2,1
X1,2015,93723,Automatic,23247,Electric,65,36.7,2.0,8,1,0,0,Electric,7,0,1,2,1
3 Series,2019,18905,Manual,108930,Diesel,229,20.1,5.0,4,0,1,0,Diesel,2,1,0,0,1
X3,2014,3000,Automatic,149412,Other,30,22.2,2.0,9,1,0,0,Other,9,0,3,0,0
X5,2022,40842,Automatic,120496,Diesel,296,37.6,3.5,1,1,0,0,Diesel,11,0,0,1,1
1 Series,2011,43375,Automatic,78631,Petrol,50,22.4,2.0,12,1,0,0,Petrol,0,0,4,1,0
7 Series,2019,61278,Automatic,47335,Diesel,146,27.0,2.0,4,1,0,0,Diesel,6,0,0,2,1
7 Series,2019,51900,Semi-Auto,89961,Other,94,49.1,1.5,4,0,0,1,Other,6,2,3,2,1
5 Series,2016,38085,Automatic,35723,Petrol,37,39.2,2.0,7,1,0,0,Petrol,4,0,4,1,1
X4,2011,73016,Automatic,5991,Electric,197,39.3,2.5,12,1,0,0,Electric,10,0,1,2,0
X6,2010,3000,Semi-Auto,148139,Diesel,240,43.9,3.0,13,0,0,1,Diesel,12,2,0,0,0
X3,2016,36765,Automatic,14763,Diesel,172,51.5,3.5,7,1,0,0,Diesel,9,0,0,1,1
X3,2014,16015,Automatic,45863,Diesel,255,26.3,1.5,9,1,0,0,Diesel,9,0,0,0,0
5 Series,2010,18296,Automatic,18408,Diesel,40,26.9,2.5,13,1,0,0,Diesel,4,0,0,0,0
X2,2013,28099,Manual,115177,Diesel,128,24.9,2.0,10,0,1,0,Diesel,8,1,0,1,0
X3,2021,23645,Automatic,90767,Petrol,53,57.5,2.5,2,1,0,0,Petrol,9,0,4,1,1
X3,2022,80321,Automatic,2011,Hybrid,85,43.1,2.5,1,1,0,0,Hybrid,9,0,2,2,1
4 Series,2013,34426,Automatic,39392,Diesel,211,23.7,2.5,10,1,0,0,Diesel,3,0,0,1,0
3 Series,2019,30876,Automatic,59990,Hybrid,268,28.8,2.5,4,1,0,0,Hybrid,2,0,2,1,1
X6,2016,3000,Manual,147301,Diesel,295,49.0,3.5,7,0,1,0,Diesel,12,1,0,0,0
3 Series,2018,3000,Automatic,79780,Diesel,20,21.2,3.0,5,1,0,0,Diesel,2,0,0,0,1
3 Series,2011,7957,Automatic,24536,Diesel,214,49.0,2.5,12,1,0,0,Diesel,2,0,0,0,0
3 Series,2021,18184,Automatic,88746,Diesel,188,56.5,2.0,2,1,0,0,Diesel,2,0,0,0,1
Z4,2010,70043,Manual,6585,Petrol,160,22.3,2.5,13,0,1,0,Petrol,14,1,4,2,0
2 Series,2011,46165,Manual,58210,Electric,200,27.5,4.4,12,0,1,0,Electric,1,1,1,1,0
X3,2016,3000,Automatic,137528,Diesel,28,20.1,2.0,7,1,0,0,Diesel,9,0,0,0,0
X3,2022,43416,Automatic,123365,Electric,243,24.4,3.5,1,1,0,0,Electric,9,0,1,1,1
X1,2019,43503,Automatic,10775,Diesel,182,44.7,3.0,4,1,0,0,Diesel,7,0,0,1,1
X4,2015,60813,Automatic,15099,Diesel,31,21.8,3.0,8,1,0,0,Diesel,10,0,0,2,0
5 Series,2013,3000,Automatic,103341,Diesel,266,37.0,4.4,10,1,0,0,Diesel,4,0,0,0,0
5 Series,2010,15529,Automatic,42842,Diesel,35,40.1,5.0,13,1,0,0,Diesel,4,0,0,0,0
3 Series,2022,64503,Automatic,58163,Diesel,92,56.3,2.0,1,1,0,0,Diesel,2,0,0,2,1
X5,2010,3000,Semi-Auto,123863,Diesel,158,39.0,3.5,13,0,0,1,Diesel,11,2,0,0,0
X5,2014,30506,Automatic,96608,Diesel,179,25.7,3.0,9,1,0,0,Diesel,11,0,0,1,0
5 Series,2010,3000,Manual,141931,Diesel,217,31.6,2.5,13,0,1,0,Diesel,4,1,0,0,0
1 Series,2021,3000,Automatic,110478,Diesel,226,46.9,3.0,2,1,0,0,Diesel,0,0,0,0,1
2 Series,2016,41266,Semi-Auto,56700,Diesel,211,24.5,5.0,7,0,0,1,Diesel,1,2,0,1,1
1 Series,2022,101670,Automatic,3539,Petrol,162,29.3,2.5,1,1,0,0,Petrol,0,0,4,2,1
X3,2020,74904,Automatic,109609,Petrol,157,59.8,4.4,3,1,0,0,Petrol,9,0,4,2,1
Z4,2010,5379,Manual,79735,Hybrid,109,20.2,3.0,13,0,1,0,Hybrid,14,1,2,0,0
5 Series,2010,3000,Automatic,58824,Diesel,54,26.1,2.5,13,1,0,0,Diesel,4,0,0,0,0
3 Series,2011,18419,Automatic,13281,Petrol,213,53.7,3.0,12,1,0,0,Petrol,2,0,4,0,0
X3,2022,3000,Automatic,147192,Diesel,14,24.1,3.0,1,1,0,0,Diesel,9,0,0,0,1
X6,2020,60897,Manual,10946,Petrol,152,21.3,2.5,3,0,1,0,Petrol,12,1,4,2,1
7 Series,2021,48877,Automatic,125128,Diesel,19,24.9,3.0,2,1,0,0,Diesel,6,0,0,1,1
X7,2019,50033,Manual,125016,Petrol,51,47.7,3.0,4,0,1,0,Petrol,13,1,4,2,1
1 Series,2012,30102,Automatic,77427,Electric,83,59.7,3.5,11,1,0,0,Electric,0,0,1,1,0
7 Series,2022,48795,Automatic,27111,Electric,223,43.6,2.5,1,1,0,0,Electric,6,0,1,1,1
X3,2020,72603,Automatic,34290,Diesel,128,25.0,1.5,3,1,0,0,Diesel,9,0,0,2,1
4 Series,2010,31597,Automatic,5837,Petrol,15,27.4,3.0,13,1,0,0,Petrol,3,0,4,1,0
3 Series,2018,67931,Automatic,12801,Diesel,273,41.5,2.5,5,1,0,0,Diesel,2,0,0,2,1
X6,2019,3000,Automatic,130342,Diesel,76,48.6,1.5,4,1,0,0,Diesel,12,0,0,0,1
X1,2017,72595,Automatic,98157,Petrol,299,46.5,3.0,6,1,0,0,Petrol,7,0,4,2,1
5 Series,2014,29936,Automatic,41916,Diesel,91,43.0,4.4,9,1,0,0,Diesel,4,0,0,1,0
1 Series,2022,3000,Automatic,145137,Diesel,269,59.5,2.5,1,1,0,0,Diesel,0,0,0,0,1
4 Series,2020,57153,Manual,63546,Petrol,51,27.9,4.0,3,0,1,0,Petrol,3,1,4,2,1
3 Series,2011,21268,Manual,46474,Petrol,120,26.9,3.5,12,0,1,0,Petrol,2,1,4,0,0
3 Series,2014,3000,Manual,94766,Diesel,49,54.4,2.0,9,0,1,0,Diesel,2,1,0,0,0
3 Series,2015,58665,Automatic,37388,Diesel,272,31.6,3.5,8,1,0,0,Diesel,2,0,0,2,0
4 Series,2010,3000,Manual,77167,Electric,119,33.3,2.5,13,0,1,0,Electric,3,1,1,0,0
X3,2020,39315,Automatic,96364,Petrol,94,41.9,4.4,3,1,0,0,Petrol,9,0,4,1,1
X6,2013,17889,Automatic,75667,Diesel,148,35.3,2.0,10,1,0,0,Diesel,12,0,0,0,0
3 Series,2018,51042,Manual,80843,Diesel,288,31.5,2.0,5,0,1,0,Diesel,2,1,0,2,1
X1,2011,63670,Semi-Auto,4709,Petrol,256,56.7,2.0,12,0,0,1,Petrol,7,2,4,2,0
X1,2014,52478,Automatic,49754,Diesel,183,25.2,1.5,9,1,0,0,Diesel,7,0,0,2,0
2 Series,2010,12545,Automatic,87257,Petrol,259,36.2,2.5,13,1,0,0,Petrol,1,0,4,0,0
6 Series,2013,32379,Automatic,6094,Petrol,149,20.1,2.0,10,1,0,0,Petrol,5,0,4,1,0
1 Series,2013,42100,Automatic,141487,Diesel,204,52.3,2.5,10,1,0,0,Diesel,0,0,0,1,0
X3,2015,66799,Manual,8472,Diesel,171,26.7,2.5,8,0,1,0,Diesel,9,1,0,2,0
1 Series,2019,34541,Automatic,37131,Other,221,50.9,2.0,4,1,0,0,Other,0,0,3,1,1
7 Series,2018,57881,Manual,85943,Petrol,167,25.9,3.0,5,0,1,0,Petrol,6,1,4,2,1
3 Series,2012,11652,Automatic,84737,Diesel,243,36.7,2.0,11,1,0,0,Diesel,2,0,0,0,0
3 Series,2018,30842,Manual,24115,Petrol,217,49.1,2.0,5,0,1,0,Petrol,2,1,4,1,1
5 Series,2015,47985,Semi-Auto,28961,Petrol,55,30.8,3.0,8,0,0,1,Petrol,4,2,4,1,0
X1,2016,6976,Automatic,48083,Hybrid,62,32.6,1.5,7,1,0,0,Hybrid,7,0,2,0,0
3 Series,2021,60207,Automatic,48182,Diesel,102,46.7,2.5,2,1,0,0,Diesel,2,0,0,2,1
X5,2019,3000,Manual,128987,Petrol,166,27.5,2.0,4,0,1,0,Petrol,11,1,4,0,1
5 Series,2011,78506,Automatic,3017,Diesel,6,58.1,4.0,12,1,0,0,Diesel,4,0,0,2,0
1 Series,2020,62002,Automatic,136295,Electric,141,27.6,3.5,3,1,0,0,Electric,0,0,1,2,1
X5,2019,47201,Automatic,62852,Petrol,124,50.0,1.5,4,1,0,0,Petrol,11,0,4,1,1
3 Series,2015,45538,Automatic,51509,Petrol,89,52.1,3.0,8,1,0,0,Petrol,2,0,4,1,0
5 Series,2015,42328,Manual,7531,Petrol,215,35.0,2.0,8,0,1,0,Petrol,4,1,4,1,0
X3,2011,3000,Automatic,136738,Diesel,122,26.2,2.0,12,1,0,0,Diesel,9,0,0,0,0
3 Series,2011,46148,Semi-Auto,45023,Petrol,185,26.6,2.5,12,0,0,1,Petrol,2,2,4,1,0
1 Series,2011,8223,Automatic,41059,Petrol,152,59.4,3.5,12,1,0,0,Petrol,0,0,4,0,0
5 Series,2019,16356,Manual,41023,Diesel,248,49.0,1.5,4,0,1,0,Diesel,4,1,0,0,1
X4,2021,48604,Automatic,5236,Diesel,113,38.0,3.0,2,1,0,0,Diesel,10,0,0,1,1
X1,2010,37320,Automatic,106109,Diesel,95,30.3,4.4,13,1,0,0,Diesel,7,0,0,1,0
X3,2014,3000,Automatic,127682,Diesel,197,20.8,2.5,9,1,0,0,Diesel,9,0,0,0,0
X1,2017,36682,Manual,25941,Diesel,2,46.8,4.4,6,0,1,0,Diesel,7,1,0,1,1
3 Series,2011,40272,Automatic,94067,Electric,148,58.3,4.4,12,1,0,0,Electric,2,0,1,1,0
5 Series,2022,49400,Manual,102349,Petrol,110,24.3,3.0,1,0,1,0,Petrol,4,1,4,2,1
X5,2014,61825,Automatic,77629,Petrol,19,50.2,2.5,9,1,0,0,Petrol,11,0,4,2,0
1 Series,2021,28319,Automatic,12651,Diesel,202,26.1,3.0,2,1,0,0,Diesel,0,0,0,1,1
3 Series,2017,16304,Manual,91380,Diesel,181,51.7,4.4,6,0,1,0,Diesel,2,1,0,0,1
3 Series,2019,28910,Automatic,50823,Diesel,226,34.8,3.0,4,1,0,0,Diesel,2,0,0,1,1
5 Series,2014,15687,Automatic,145661,Petrol,291,48.5,2.0,9,1,0,0,Petrol,4,0,4,0,0
i3,2011,38522,Automatic,40768,Diesel,75,57.1,3.5,12,1,0,0,Diesel,15,0,0,1,0
1 Series,2012,3000,Automatic,86558,Diesel,222,44.8,5.0,11,1,0,0,Diesel,0,0,0,0,0
7 Series,2015,3000,Automatic,113784,Diesel,35,56.8,2.5,8,1,0,0,Diesel,6,0,0,0,0
3 Series,2020,31306,Automatic,105389,Diesel,299,29.4,3.0,3,1,0,0,Diesel,2,0,0,1,1
Z4,2020,60085,Automatic,132306,Petrol,89,59.1,2.5,3,1,0,0,Petrol,14,0,4,2,1
1 Series,2014,27772,Manual,73370,Diesel,28,54.9,2.0,9,0,1,0,Diesel,0,1,0,1,0
5 Series,2020,47766,Semi-Auto,147127,Petrol,175,24.3,2.5,3,0,0,1,Petrol,4,2,4,1,1
X5,2013,60888,Automatic,69743,Diesel,219,36.5,2.0,10,1,0,0,Diesel,11,0,0,2,0
X3,2013,3000,Automatic,134472,Diesel,135,57.1,3.0,10,1,0,0,Diesel,9,0,0,0,0
5 Series,2014,16972,Automatic,88009,Diesel,174,23.1,3.0,9,1,0,0,Diesel,4,0,0,0,0
3 Series,2011,26289,Manual,111866,Diesel,125,38.2,1.5,12,0,1,0,Diesel,2,1,0,1,0
5 Series,2018,74152,Automatic,90471,Petrol,170,48.9,1.5,5,1,0,0,Petrol,4,0,4,2,1
3 Series,2011,54688,Automatic,61598,Petrol,265,21.3,2.0,12,1,0,0,Petrol,2,0,4,2,0
3 Series,2019,32915,Semi-Auto,26015,Petrol,133,50.1,3.0,4,0,0,1,Petrol,2,2,4,1,1
5 Series,2011,4412,Automatic,65430,Diesel,271,34.4,2.0,12,1,0,0,Diesel,4,0,0,0,0
3 Series,2019,8721,Manual,50185,Diesel,25,30.0,2.0,4,0,1,0,Diesel,2,1,0,0,1
3 Series,2018,30840,Automatic,63306,Petrol,276,43.0,4.4,5,1,0,0,Petrol,2,0,4,1,1
X3,2012,77866,Automatic,20416,Diesel,99,41.8,2.5,11,1,0,0,Diesel,9,0,0,2,0
X7,2019,17837,Manual,79655,Petrol,29,55.0,3.0,4,0,1,0,Petrol,13,1,4,0,1
X1,2016,47813,Automatic,74180,Diesel,132,47.0,2.5,7,1,0,0,Diesel,7,0,0,1,1
1 Series,2013,17914,Manual,51262,Diesel,138,36.9,2.0,10,0,1,0,Diesel,0,1,0,0,0
1 Series,2022,35309,Automatic,75189,Diesel,190,46.0,2.0,1,1,0,0,Diesel,0,0,0,1,1
X7,2022,5796,Manual,80952,Petrol,186,50.0,3.0,1,0,1,0,Petrol,13,1,4,0,1
3 Series,2015,14086,Automatic,54662,Hybrid,139,57.5,2.5,8,1,0,0,Hybrid,2,0,2,0,0
1 Series,2013,29942,Automatic,53191,Petrol,236,48.2,2.5,10,1,0,0,Petrol,0,0,4,1,0
X1,2019,38141,Automatic,144285,Petrol,296,41.8,3.0,4,1,0,0,Petrol,7,0,4,1,1
X1,2016,31532,Automatic,84176,Diesel,199,34.9,2.5,7,1,0,0,Diesel,7,0,0,1,0
X1,2010,39362,Automatic,62353,Diesel,283,55.7,1.5,13,1,0,0,Diesel,7,0,0,1,0
3 Series,2012,50243,Automatic,102544,Petrol,79,51.7,3.5,11,1,0,0,Petrol,2,0,4,2,0
1 Series,2022,23984,Automatic,147874,Diesel,258,23.1,2.5,1,1,0,0,Diesel,0,0,0,1,1
X7,2012,55892,Automatic,44671,Diesel,100,48.0,4.4,11,1,0,0,Diesel,13,0,0,2,0
3 Series,2010,52284,Automatic,44388,Diesel,31,41.5,4.0,13,1,0,0,Diesel,2,0,0,2,0
X3,2015,5232,Automatic,84944,Diesel,276,24.1,2.0,8,1,0,0,Diesel,9,0,0,0,0
X3,2022,94681,Automatic,61690,Petrol,120,42.6,5.0,1,1,0,0,Petrol,9,0,4,2,1
X1,2020,34588,Semi-Auto,137808,Petrol,54,27.7,4.0,3,0,0,1,Petrol,7,2,4,1,1
3 Series,2018,56382,Automatic,48165,Diesel,17,48.3,6.0,5,1,0,0,Diesel,2,0,0,2,1
3 Series,2017,72253,Automatic,32247,Petrol,120,31.1,3.0,6,1,0,0,Petrol,2,0,4,2,1
X1,2020,42956,Automatic,120645,Diesel,109,26.0,4.4,3,1,0,0,Diesel,7,0,0,1,1
4 Series,2016,53340,Manual,29821,Petrol,60,23.3,3.0,7,0,1,0,Petrol,3,1,4,2,1
X4,2019,19588,Automatic,135285,Diesel,263,39.6,4.0,4,1,0,0,Diesel,10,0,0,0,1
1 Series,2017,31448,Automatic,109659,Diesel,267,28.0,3.0,6,1,0,0,Diesel,0,0,0,1,1
3 Series,2015,70164,Automatic,72744,Diesel,296,54.2,4.4,8,1,0,0,Diesel,2,0,0,2,0
X4,2018,26885,Automatic,141716,Diesel,126,20.1,2.5,5,1,0,0,Diesel,10,0,0,1,1
X5,2012,31026,Manual,138525,Petrol,136,53.7,3.0,11,0,1,0,Petrol,11,1,4,1,0
4 Series,2019,5256,Automatic,118441,Petrol,77,40.8,4.4,4,1,0,0,Petrol,3,0,4,0,1
3 Series,2019,40583,Automatic,113045,Diesel,206,56.9,2.5,4,1,0,0,Diesel,2,0,0,1,1
X1,2018,27017,Manual,12263,Diesel,183,28.2,1.5,5,0,1,0,Diesel,7,1,0,1,1
X3,2013,31894,Automatic,57480,Diesel,88,24.1,2.0,10,1,0,0,Diesel,9,0,0,1,0
X3,2016,3000,Manual,127926,Diesel,228,45.0,5.0,7,0,1,0,Diesel,9,1,0,0,0
5 Series,2022,8694,Automatic,119055,Diesel,63,48.3,4.0,1,1,0,0,Diesel,4,0,0,0,1
1 Series,2018,65742,Manual,42128,Hybrid,54,34.9,2.5,5,0,1,0,Hybrid,0,1,2,2,1
X1,2011,27906,Manual,88498,Petrol,292,20.5,5.0,12,0,1,0,Petrol,7,1,4,1,0
3 Series,2011,47834,Automatic,43563,Diesel,280,36.3,2.0,12,1,0,0,Diesel,2,0,0,1,0
5 Series,2018,81955,Manual,18414,Petrol,278,29.4,2.0,5,0,1,0,Petrol,4,1,4,2,1
X7,2021,22934,Automatic,123452,Diesel,187,33.9,3.0,2,1,0,0,Diesel,13,0,0,1,1
5 Series,2022,6802,Automatic,76462,Diesel,190,40.3,2.5,1,1,0,0,Diesel,4,0,0,0,1
2 Series,2012,35573,Automatic,106209,Diesel,272,48.1,2.5,11,1,0,0,Diesel,1,0,0,1,0
3 Series,2018,39144,Automatic,38210,Petrol,94,58.5,3.0,5,1,0,0,Petrol,2,0,4,1,1
X3,2022,29521,Manual,147362,Diesel,89,25.8,2.0,1,0,1,0,Diesel,9,1,0,1,1
Z4,2014,60230,Automatic,131768,Petrol,246,47.2,3.5,9,1,0,0,Petrol,14,0,4,2,0
1 Series,2015,62588,Semi-Auto,4667,Petrol,74,29.3,2.5,8,0,0,1,Petrol,0,2,4,2,0
1 Series,2011,13611,Automatic,128710,Petrol,61,28.8,6.0,12,1,0,0,Petrol,0,0,4,0,0
5 Series,2017,88262,Automatic,18660,Diesel,221,45.3,3.5,6,1,0,0,Diesel,4,0,0,2,1
1 Series,2020,82090,Automatic,73089,Petrol,266,51.0,3.0,3,1,0,0,Petrol,0,0,4,2,1
X5,2018,75173,Automatic,83462,Petrol,120,59.1,2.0,5,1,0,0,Petrol,11,0,4,2,1
X2,2011,49245,Manual,136880,Petrol,27,50.8,5.0,12,0,1,0,Petrol,8,1,4,2,0
5 Series,2015,4184,Manual,95148,Petrol,273,26.3,1.5,8,0,1,0,Petrol,4,1,4,0,0
3 Series,2015,33579,Manual,34351,Petrol,22,29.0,2.0,8,0,1,0,Petrol,2,1,4,1,0
5 Series,2017,23968,Manual,122359,Petrol,98,50.5,1.5,6,0,1,0,Petrol,4,1,4,1,1
X3,2019,9374,Automatic,75674,Diesel,284,41.1,5.0,4,1,0,0,Diesel,9,0,0,0,1
1 Series,2021,22224,Automatic,37241,Diesel,109,31.8,4.0,2,1,0,0,Diesel,0,0,0,1,1
X1,2014,3000,Automatic,133270,Petrol,202,38.9,5.0,9,1,0,0,Petrol,7,0,4,0,0
X1,2018,3000,Automatic,93983,Diesel,105,56.6,3.0,5,1,0,0,Diesel,7,0,0,0,1
X1,2010,4511,Automatic,103299,Petrol,45,50.2,1.5,13,1,0,0,Petrol,7,0,4,0,0
3 Series,2018,46382,Automatic,144185,Petrol,256,38.0,4.4,5,1,0,0,Petrol,2,0,4,1,1
X3,2019,3000,Automatic,103839,Diesel,143,59.2,2.5,4,1,0,0,Diesel,9,0,0,0,1
1 Series,2016,8311,Automatic,39639,Diesel,24,51.8,2.5,7,1,0,0,Diesel,0,0,0,0,0
3 Series,2013,66220,Manual,65036,Electric,61,20.2,2.0,10,0,1,0,Electric,2,1,1,2,0
4 Series,2012,7825,Automatic,86223,Petrol,229,24.5,2.0,11,1,0,0,Petrol,3,0,4,0,0
X5,2019,44847,Automatic,68983,Diesel,81,42.2,3.5,4,1,0,0,Diesel,11,0,0,1,1
1 Series,2020,32286,Automatic,127164,Diesel,210,34.0,2.0,3,1,0,0,Diesel,0,0,0,1,1
3 Series,2015,11457,Manual,75944,Diesel,196,52.5,2.0,8,0,1,0,Diesel,2,1,0,0,0
3 Series,2021,63823,Semi-Auto,123427,Electric,197,55.8,3.0,2,0,0,1,Electric,2,2,1,2,1
3 Series,2022,70980,Automatic,18674,Petrol,161,29.6,2.0,1,1,0,0,Petrol,2,0,4,2,1
3 Series,2010,49075,Automatic,13413,Petrol,207,50.5,1.5,13,1,0,0,Petrol,2,0,4,1,0
1 Series,2012,21049,Semi-Auto,55986,Diesel,43,41.4,4.4,11,0,0,1,Diesel,0,2,0,0,0
5 Series,2011,8959,Automatic,24071,Petrol,287,35.7,2.5,12,1,0,0,Petrol,4,0,4,0,0
X5,2020,9447,Manual,75229,Diesel,278,51.5,3.5,3,0,1,0,Diesel,11,1,0,0,1
X1,2022,22565,Manual,123116,Petrol,274,42.6,2.5,1,0,1,0,Petrol,7,1,4,1,1
X3,2018,52586,Automatic,83306,Diesel,220,45.4,2.0,5,1,0,0,Diesel,9,0,0,2,1
1 Series,2012,44086,Automatic,129345,Petrol,284,22.5,3.0,11,1,0,0,Petrol,0,0,4,1,0
X7,2022,10148,Automatic,68542,Petrol,145,43.4,2.0,1,1,0,0,Petrol,13,0,4,0,1
2 Series,2011,74515,Automatic,6213,Electric,68,32.0,2.0,12,1,0,0,Electric,1,0,1,2,0
X6,2013,52296,Manual,64815,Petrol,139,39.7,1.5,10,0,1,0,Petrol,12,1,4,2,0
X6,2011,63582,Manual,64948,Petrol,9,28.9,1.5,12,0,1,0,Petrol,12,1,4,2,0
X4,2010,3000,Manual,76066,Petrol,110,44.6,2.5,13,0,1,0,Petrol,10,1,4,0,0
7 Series,2015,37890,Automatic,48128,Diesel,36,25.9,1.5,8,1,0,0,Diesel,6,0,0,1,0
3 Series,2019,42687,Automatic,50504,Diesel,80,24.9,2.0,4,1,0,0,Diesel,2,0,0,1,1
X1,2017,44742,Automatic,71500,Diesel,95,27.5,4.4,6,1,0,0,Diesel,7,0,0,1,1
X5,2019,52693,Automatic,53340,Diesel,54,52.7,1.5,4,1,0,0,Diesel,11,0,0,2,1
X5,2019,64980,Automatic,130222,Petrol,131,21.3,2.0,4,1,0,0,Petrol,11,0,4,2,1
7 Series,2011,80871,Automatic,35070,Petrol,222,49.2,3.0,12,1,0,0,Petrol,6,0,4,2,0
1 Series,2018,8063,Automatic,74285,Petrol,62,22.3,4.0,5,1,0,0,Petrol,0,0,4,0,1
5 Series,2022,3000,Semi-Auto,124405,Diesel,11,43.7,1.5,1,0,0,1,Diesel,4,2,0,0,1
X2,2012,3000,Automatic,146948,Diesel,145,50.9,2.0,11,1,0,0,Diesel,8,0,0,0,0
X1,2017,86269,Manual,19262,Petrol,263,29.2,2.5,6,0,1,0,Petrol,7,1,4,2,1
7 Series,2021,20389,Automatic,103409,Petrol,31,27.8,2.5,2,1,0,0,Petrol,6,0,4,0,1
3 Series,2017,43384,Automatic,36587,Petrol,48,31.6,2.0,6,1,0,0,Petrol,2,0,4,1,1
5 Series,2012,3000,Manual,129595,Petrol,186,48.0,2.0,11,0,1,0,Petrol,4,1,4,0,0
6 Series,2012,62316,Manual,56131,Petrol,98,30.2,2.0,11,0,1,0,Petrol,5,1,4,2,0
X3,2021,66190,Automatic,94019,Petrol,166,40.1,2.0,2,1,0,0,Petrol,9,0,4,2,1
X5,2015,90217,Automatic,43018,Petrol,212,25.4,2.0,8,1,0,0,Petrol,11,0,4,2,1
5 Series,2010,3000,Automatic,118177,Diesel,198,38.4,3.0,13,1,0,0,Diesel,4,0,0,0,0
X1,2013,3000,Automatic,86184,Petrol,245,45.0,2.0,10,1,0,0,Petrol,7,0,4,0,0
3 Series,2010,3000,Semi-Auto,98292,Diesel,153,22.9,2.5,13,0,0,1,Diesel,2,2,0,0,0
X3,2012,52240,Automatic,45561,Diesel,95,52.6,2.5,11,1,0,0,Diesel,9,0,0,2,0
5 Series,2018,20159,Automatic,117981,Diesel,62,57.5,2.0,5,1,0,0,Diesel,4,0,0,0,1
5 Series,2014,4733,Semi-Auto,142142,Petrol,193,27.7,3.5,9,0,0,1,Petrol,4,2,4,0,0
X1,2021,90200,Automatic,34779,Diesel,271,50.4,5.0,2,1,0,0,Diesel,7,0,0,2,1
X4,2014,3000,Automatic,148688,Petrol,89,32.5,2.0,9,1,0,0,Petrol,10,0,4,0,0
1 Series,2020,24568,Automatic,96909,Petrol,271,47.1,2.0,3,1,0,0,Petrol,0,0,4,1,1
X6,2013,3000,Automatic,118715,Hybrid,84,32.3,3.0,10,1,0,0,Hybrid,12,0,2,0,0
3 Series,2012,7679,Automatic,101477,Diesel,294,54.5,1.5,11,1,0,0,Diesel,2,0,0,0,0
5 Series,2014,37230,Automatic,102688,Petrol,35,33.9,4.4,9,1,0,0,Petrol,4,0,4,1,0
1 Series,2020,17743,Automatic,118016,Diesel,17,54.0,2.0,3,1,0,0,Diesel,0,0,0,0,1
3 Series,2013,25595,Manual,132869,Petrol,76,50.6,3.0,10,0,1,0,Petrol,2,1,4,1,0
7 Series,2017,45293,Manual,145666,Diesel,48,27.9,2.0,6,0,1,0,Diesel,6,1,0,1,1
1 Series,2013,11737,Automatic,48754,Diesel,235,26.3,2.5,10,1,0,0,Diesel,0,0,0,0,0
5 Series,2020,75396,Automatic,54639,Petrol,43,51.2,2.0,3,1,0,0,Petrol,4,0,4,2,1
X2,2021,54395,Automatic,13669,Petrol,108,35.6,3.0,2,1,0,0,Petrol,8,0,4,2,1
1 Series,2017,40790,Automatic,130239,Diesel,128,58.0,3.5,6,1,0,0,Diesel,0,0,0,1,1
X5,2015,18133,Manual,85509,Diesel,6,57.7,5.0,8,0,1,0,Diesel,11,1,0,0,0
5 Series,2021,90528,Automatic,29787,Diesel,111,47.7,2.5,2,1,0,0,Diesel,4,0,0,2,1
X3,2020,35902,Automatic,25051,Diesel,212,40.0,3.0,3,1,0,0,Diesel,9,0,0,1,1
3 Series,2014,20979,Automatic,51615,Diesel,65,27.8,2.5,9,1,0,0,Diesel,2,0,0,0,0
3 Series,2013,39225,Automatic,137361,Petrol,30,55.3,3.0,10,1,0,0,Petrol,2,0,4,1,0
3 Series,2013,3000,Automatic,120123,Diesel,294,23.3,2.0,10,1,0,0,Diesel,2,0,0,0,0
1 Series,2021,58092,Manual,129814,Petrol,264,34.8,3.0,2,0,1,0,Petrol,0,1,4,2,1
3 Series,2013,30380,Semi-Auto,18945,Diesel,296,32.8,3.5,10,0,0,1,Diesel,2,2,0,1,0
X3,2020,66805,Manual,115135,Hybrid,13,58.3,4.0,3,0,1,0,Hybrid,9,1,2,2,1
4 Series,2022,42292,Semi-Auto,83494,Diesel,57,24.7,2.5,1,0,0,1,Diesel,3,2,0,1,1
X6,2022,19548,Semi-Auto,142006,Diesel,241,55.6,2.0,1,0,0,1,Diesel,12,2,0,0,1
X3,2018,19533,Automatic,54168,Petrol,247,38.3,3.5,5,1,0,0,Petrol,9,0,4,0,1
1 Series,2013,73455,Automatic,77086,Diesel,97,21.9,6.0,10,1,0,0,Diesel,0,0,0,2,0
3 Series,2021,3000,Manual,122915,Petrol,161,49.2,2.5,2,0,1,0,Petrol,2,1,4,0,1
3 Series,2018,40360,Automatic,70560,Diesel,246,24.0,4.4,5,1,0,0,Diesel,2,0,0,1,1
3 Series,2022,52054,Automatic,32772,Petrol,3,29.5,6.0,1,1,0,0,Petrol,2,0,4,2,1
7 Series,2019,3000,Automatic,140794,Petrol,260,52.0,2.5,4,1,0,0,Petrol,6,0,4,0,1
7 Series,2015,64832,Automatic,68656,Petrol,44,26.2,3.0,8,1,0,0,Petrol,6,0,4,2,0
5 Series,2019,45615,Automatic,96625,Petrol,210,33.0,3.0,4,1,0,0,Petrol,4,0,4,1,1
5 Series,2022,45448,Automatic,87884,Diesel,243,34.4,3.0,1,1,0,0,Diesel,4,0,0,1,1
X6,2016,21800,Automatic,118129,Diesel,202,43.6,2.0,7,1,0,0,Diesel,12,0,0,1,0
X5,2021,3000,Manual,137949,Diesel,202,51.6,2.5,2,0,1,0,Diesel,11,1,0,0,1
3 Series,2019,45877,Automatic,19904,Petrol,26,29.2,1.5,4,1,0,0,Petrol,2,0,4,1,1
X2,2012,39949,Manual,87328,Petrol,117,28.2,3.0,11,0,1,0,Petrol,8,1,4,1,0
X7,2017,70400,Automatic,81195,Diesel,225,28.9,4.4,6,1,0,0,Diesel,13,0,0,2,1
3 Series,2012,74349,Automatic,67500,Petrol,204,35.3,3.0,11,1,0,0,Petrol,2,0,4,2,0
5 Series,2010,24523,Automatic,35902,Diesel,246,41.4,1.5,13,1,0,0,Diesel,4,0,0,1,0
7 Series,2022,54859,Automatic,54606,Petrol,48,20.5,4.4,1,1,0,0,Petrol,6,0,4,2,1
X4,2022,45977,Automatic,124574,Diesel,252,51.2,2.0,1,1,0,0,Diesel,10,0,0,1,1
4 Series,2019,50136,Manual,36571,Diesel,77,57.1,4.0,4,0,1,0,Diesel,3,1,0,2,1
1 Series,2021,50716,Manual,70447,Diesel,256,53.7,3.0,2,0,1,0,Diesel,0,1,0,2,1
5 Series,2014,33187,Semi-Auto,77752,Diesel,119,21.5,3.0,9,0,0,1,Diesel,4,2,0,1,0
X1,2011,30395,Automatic,88157,Diesel,34,41.0,3.0,12,1,0,0,Diesel,7,0,0,1,0
7 Series,2019,62324,Automatic,58203,Diesel,142,52.6,2.0,4,1,0,0,Diesel,6,0,0,2,1
3 Series,2015,10974,Automatic,58805,Diesel,196,33.8,2.5,8,1,0,0,Diesel,2,0,0,0,0
2 Series,2022,88848,Automatic,73649,Petrol,259,55.9,2.0,1,1,0,0,Petrol,1,0,4,2,1
X3,2019,3000,Automatic,131294,Diesel,83,55.5,3.0,4,1,0,0,Diesel,9,0,0,0,1
2 Series,2018,60022,Automatic,41910,Diesel,191,25.7,2.5,5,1,0,0,Diesel,1,0,0,2,1
2 Series,2010,48566,Automatic,25992,Diesel,21,39.7,3.0,13,1,0,0,Diesel,1,0,0,1,0
X5,2022,86337,Automatic,88521,Diesel,23,21.0,6.0,1,1,0,0,Diesel,11,0,0,2,1
5 Series,2013,43061,Automatic,56448,Petrol,74,31.3,2.5,10,1,0,0,Petrol,4,0,4,1,0
X1,2010,16670,Automatic,70903,Electric,133,52.5,3.0,13,1,0,0,Electric,7,0,1,0,0
3 Series,2010,89197,Automatic,11786,Petrol,166,59.0,4.0,13,1,0,0,Petrol,2,0,4,2,0
X3,2017,33462,Manual,112316,Hybrid,109,56.5,1.5,6,0,1,0,Hybrid,9,1,2,1,1
3 Series,2022,29194,Automatic,43706,Petrol,89,21.7,3.5,1,1,0,0,Petrol,2,0,4,1,1
X3,2020,74023,Automatic,110997,Petrol,36,57.1,2.0,3,1,0,0,Petrol,9,0,4,2,1
3 Series,2011,13797,Automatic,77587,Diesel,50,52.9,2.5,12,1,0,0,Diesel,2,0,0,0,0
1 Series,2010,46931,Automatic,16611,Hybrid,59,54.7,6.0,13,1,0,0,Hybrid,0,0,2,1,0
3 Series,2020,29744,Manual,5490,Diesel,71,56.6,6.0,3,0,1,0,Diesel,2,1,0,1,1
1 Series,2017,53134,Manual,51004,Diesel,127,39.5,2.5,6,0,1,0,Diesel,0,1,0,2,1
X3,2013,8673,Automatic,97849,Petrol,61,28.4,2.0,10,1,0,0,Petrol,9,0,4,0,0
X5,2012,3000,Automatic,130213,Petrol,178,20.8,4.4,11,1,0,0,Petrol,11,0,4,0,0
7 Series,2022,5316,Semi-Auto,138449,Diesel,27,20.9,4.0,1,0,0,1,Diesel,6,2,0,0,1
3 Series,2021,91097,Automatic,10903,Diesel,239,45.7,3.0,2,1,0,0,Diesel,2,0,0,2,1
1 Series,2013,3000,Manual,146639,Diesel,231,33.5,1.5,10,0,1,0,Diesel,0,1,0,0,0
1 Series,2020,29725,Automatic,27606,Diesel,152,39.8,3.5,3,1,0,0,Diesel,0,0,0,1,1
3 Series,2014,3000,Automatic,124116,Diesel,6,25.3,2.0,9,1,0,0,Diesel,2,0,0,0,0
6 Series,2010,16142,Manual,134332,Diesel,64,59.0,4.4,13,0,1,0,Diesel,5,1,0,0,0
3 Series,2020,27211,Automatic,17833,Diesel,122,25.2,2.5,3,1,0,0,Diesel,2,0,0,1,1
5 Series,2010,11307,Automatic,116256,Hybrid,35,37.8,3.0,13,1,0,0,Hybrid,4,0,2,0,0
1 Series,2012,51708,Automatic,4498,Diesel,237,37.7,2.0,11,1,0,0,Diesel,0,0,0,2,0
3 Series,2015,3000,Automatic,126740,Diesel,72,20.3,2.5,8,1,0,0,Diesel,2,0,0,0,0
7 Series,2010,16659,Manual,11518,Diesel,29,46.7,3.5,13,0,1,0,Diesel,6,1,0,0,0
X1,2020,60044,Automatic,23254,Petrol,226,41.5,2.5,3,1,0,0,Petrol,7,0,4,2,1
3 Series,2021,86330,Automatic,82438,Petrol,284,39.9,3.5,2,1,0,0,Petrol,2,0,4,2,1
1 Series,2011,3000,Manual,135417,Petrol,4,52.7,3.0,12,0,1,0,Petrol,0,1,4,0,0
5 Series,2021,12891,Automatic,60829,Petrol,64,29.6,1.5,2,1,0,0,Petrol,4,0,4,0,1
3 Series,2016,21650,Automatic,94767,Petrol,234,54.4,3.0,7,1,0,0,Petrol,2,0,4,1,0
3 Series,2010,26354,Manual,108399,Diesel,114,54.6,3.0,13,0,1,0,Diesel,2,1,0,1,0
X7,2022,46820,Semi-Auto,10642,Diesel,245,53.1,2.5,1,0,0,1,Diesel,13,2,0,1,1
X1,2016,56043,Automatic,84375,Petrol,16,33.7,2.5,7,1,0,0,Petrol,7,0,4,2,1
X1,2013,20212,Automatic,90217,Diesel,36,26.5,1.5,10,1,0,0,Diesel,7,0,0,0,0
5 Series,2019,20740,Manual,130412,Diesel,218,39.0,2.5,4,0,1,0,Diesel,4,1,0,0,1
5 Series,2015,18820,Manual,116020,Petrol,136,30.4,2.5,8,0,1,0,Petrol,4,1,4,0,0
7 Series,2017,5990,Manual,120937,Petrol,245,22.1,5.0,6,0,1,0,Petrol,6,1,4,0,1
X3,2018,66917,Automatic,23105,Diesel,37,31.2,3.0,5,1,0,0,Diesel,9,0,0,2,1
X3,2015,67297,Automatic,14736,Diesel,250,38.8,2.5,8,1,0,0,Diesel,9,0,0,2,0
3 Series,2021,87337,Automatic,43281,Diesel,52,24.5,3.5,2,1,0,0,Diesel,2,0,0,2,1
7 Series,2020,47474,Manual,80351,Diesel,202,57.8,3.5,3,0,1,0,Diesel,6,1,0,1,1
5 Series,2022,22938,Manual,90932,Petrol,48,46.2,2.5,1,0,1,0,Petrol,4,1,4,1,1
4 Series,2018,55445,Automatic,78780,Diesel,121,25.5,1.5,5,1,0,0,Diesel,3,0,0,2,1
X1,2013,4619,Automatic,56652,Diesel,15,52.5,3.5,10,1,0,0,Diesel,7,0,0,0,0
7 Series,2015,21760,Automatic,132030,Diesel,268,57.1,1.5,8,1,0,0,Diesel,6,0,0,1,0
1 Series,2017,44558,Semi-Auto,12718,Petrol,235,30.5,3.5,6,0,0,1,Petrol,0,2,4,1,1
X1,2018,3000,Automatic,97219,Diesel,120,25.7,2.5,5,1,0,0,Diesel,7,0,0,0,1
1 Series,2012,40478,Automatic,122727,Petrol,138,32.9,3.0,11,1,0,0,Petrol,0,0,4,1,0
3 Series,2011,42759,Automatic,48351,Diesel,86,53.3,3.0,12,1,0,0,Diesel,2,0,0,1,0
1 Series,2015,26242,Automatic,42001,Diesel,129,27.0,1.5,8,1,0,0,Diesel,0,0,0,1,0
X3,2013,3000,Automatic,126050,Diesel,251,51.2,2.5,10,1,0,0,Diesel,9,0,0,0,0
3 Series,2010,56529,Manual,17410,Diesel,274,48.7,3.0,13,0,1,0,Diesel,2,1,0,2,0
5 Series,2017,64754,Manual,53685,Petrol,46,46.1,3.5,6,0,1,0,Petrol,4,1,4,2,1
6 Series,2018,19095,Automatic,122317,Diesel,78,37.3,3.0,5,1,0,0,Diesel,5,0,0,0,1
3 Series,2018,35156,Automatic,90547,Petrol,297,34.7,4.0,5,1,0,0,Petrol,2,0,4,1,1
7 Series,2011,39242,Manual,143463,Petrol,218,23.4,1.5,12,0,1,0,Petrol,6,1,4,1,0
5 Series,2018,91127,Automatic,27999,Petrol,110,34.3,1.5,5,1,0,0,Petrol,4,0,4,2,1
1 Series,2016,3000,Automatic,134090,Diesel,226,44.1,3.0,7,1,0,0,Diesel,0,0,0,0,0
X6,2014,17444,Semi-Auto,13952,Petrol,274,55.9,2.5,9,0,0,1,Petrol,12,2,4,0,0
1 Series,2016,57789,Manual,88995,Petrol,255,53.3,2.5,7,0,1,0,Petrol,0,1,4,2,1
5 Series,2022,3000,Manual,101351,Diesel,38,21.3,3.0,1,0,1,0,Diesel,4,1,0,0,1
X1,2018,91547,Automatic,18942,Hybrid,134,25.6,6.0,5,1,0,0,Hybrid,7,0,2,2,1
X1,2017,37918,Automatic,2722,Diesel,294,53.9,1.5,6,1,0,0,Diesel,7,0,0,1,1
X3,2015,3000,Automatic,130385,Hybrid,97,57.6,2.0,8,1,0,0,Hybrid,9,0,2,0,0
3 Series,2022,68051,Automatic,67219,Diesel,33,22.2,3.5,1,1,0,0,Diesel,2,0,0,2,1
1 Series,2013,3000,Manual,108775,Diesel,67,48.1,1.5,10,0,1,0,Diesel,0,1,0,0,0
X3,2022,58110,Automatic,75041,Diesel,190,34.6,2.5,1,1,0,0,Diesel,9,0,0,2,1
7 Series,2010,32140,Manual,106747,Petrol,198,34.6,3.5,13,0,1,0,Petrol,6,1,4,1,0
2 Series,2015,8806,Automatic,62338,Petrol,47,45.7,2.0,8,1,0,0,Petrol,1,0,4,0,0
X6,2012,45098,Automatic,6492,Petrol,258,52.4,2.0,11,1,0,0,Petrol,12,0,4,1,0
2 Series,2015,3000,Semi-Auto,148899,Petrol,212,31.0,2.5,8,0,0,1,Petrol,1,2,4,0,0
5 Series,2015,39937,Automatic,117359,Diesel,161,48.2,2.0,8,1,0,0,Diesel,4,0,0,1,0
3 Series,2013,6165,Automatic,144941,Diesel,112,45.4,3.0,10,1,0,0,Diesel,2,0,0,0,0
X6,2011,57566,Automatic,30136,Petrol,136,40.7,2.0,12,1,0,0,Petrol,12,0,4,2,0
5 Series,2018,3000,Automatic,120829,Hybrid,11,44.1,2.0,5,1,0,0,Hybrid,4,0,2,0,1
3 Series,2011,21286,Automatic,15837,Diesel,237,20.7,3.0,12,1,0,0,Diesel,2,0,0,0,0
2 Series,2012,4509,Automatic,76592,Diesel,283,20.2,5.0,11,1,0,0,Diesel,1,0,0,0,0
4 Series,2019,48842,Automatic,132787,Hybrid,175,42.0,4.4,4,1,0,0,Hybrid,3,0,2,1,1
5 Series,2010,39940,Manual,149347,Petrol,224,41.0,4.0,13,0,1,0,Petrol,4,1,4,1,0
1 Series,2016,57743,Automatic,21191,Diesel,74,22.9,2.5,7,1,0,0,Diesel,0,0,0,2,1
5 Series,2010,3000,Automatic,61126,Petrol,134,39.7,2.0,13,1,0,0,Petrol,4,0,4,0,0
X6,2020,100340,Automatic,9894,Diesel,81,50.3,3.0,3,1,0,0,Diesel,12,0,0,2,1
6 Series,2018,3000,Automatic,85253,Hybrid,82,41.6,2.5,5,1,0,0,Hybrid,5,0,2,0,1
3 Series,2020,35594,Automatic,85114,Diesel,141,40.7,3.5,3,1,0,0,Diesel,2,0,0,1,1
1 Series,2020,77708,Automatic,24321,Petrol,208,48.7,1.5,3,1,0,0,Petrol,0,0,4,2,1
4 Series,2010,41931,Automatic,109505,Petrol,214,26.9,2.5,13,1,0,0,Petrol,3,0,4,1,0
5 Series,2014,49417,Manual,25959,Petrol,254,38.3,2.5,9,0,1,0,Petrol,4,1,4,2,0
7 Series,2016,3000,Semi-Auto,142587,Diesel,187,25.9,2.0,7,0,0,1,Diesel,6,2,0,0,0
X7,2012,50821,Manual,66196,Petrol,246,41.0,3.0,11,0,1,0,Petrol,13,1,4,2,0
1 Series,2018,12930,Automatic,133855,Petrol,254,43.7,3.0,5,1,0,0,Petrol,0,0,4,0,1
X1,2017,64119,Automatic,79649,Diesel,161,24.9,1.5,6,1,0,0,Diesel,7,0,0,2,1
1 Series,2022,38785,Semi-Auto,71921,Petrol,166,23.0,4.4,1,0,0,1,Petrol,0,2,4,1,1
5 Series,2012,12364,Automatic,139054,Diesel,77,26.7,2.5,11,1,0,0,Diesel,4,0,0,0,0
X6,2014,7743,Manual,101887,Petrol,174,43.5,4.4,9,0,1,0,Petrol,12,1,4,0,0
5 Series,2016,88220,Automatic,16316,Petrol,19,27.6,3.0,7,1,0,0,Petrol,4,0,4,2,1
i8,2021,75432,Automatic,114652,Petrol,95,31.0,3.0,2,1,0,0,Petrol,16,0,4,2,1
X1,2013,35274,Manual,121357,Electric,179,48.1,5.0,10,0,1,0,Electric,7,1,1,1,0
3 Series,2014,11676,Manual,106364,Diesel,94,29.9,3.5,9,0,1,0,Diesel,2,1,0,0,0
3 Series,2012,82246,Manual,3936,Petrol,70,35.9,2.0,11,0,1,0,Petrol,2,1,4,2,0
5 Series,2018,29091,Semi-Auto,78400,Diesel,189,57.2,1.5,5,0,0,1,Diesel,4,2,0,1,1
5 Series,2019,20156,Automatic,75843,Diesel,131,53.0,2.5,4,1,0,0,Diesel,4,0,0,0,1
1 Series,2018,35398,Automatic,7709,Petrol,138,30.2,2.5,5,1,0,0,Petrol,0,0,4,1,1
5 Series,2016,14305,Semi-Auto,21707,Diesel,274,43.9,3.0,7,0,0,1,Diesel,4,2,0,0,0
5 Series,2019,77966,Automatic,40384,Petrol,101,46.6,3.0,4,1,0,0,Petrol,4,0,4,2,1
X3,2011,15281,Automatic,36187,Petrol,282,56.0,2.5,12,1,0,0,Petrol,9,0,4,0,0
X3,2016,61443,Automatic,67935,Diesel,28,41.9,2.5,7,1,0,0,Diesel,9,0,0,2,1
X3,2016,68640,Automatic,43536,Petrol,17,42.5,3.0,7,1,0,0,Petrol,9,0,4,2,1
1 Series,2020,55992,Automatic,117772,Hybrid,243,55.5,2.5,3,1,0,0,Hybrid,0,0,2,2,1
3 Series,2014,86339,Automatic,15245,Petrol,174,22.2,3.0,9,1,0,0,Petrol,2,0,4,2,0
X3,2018,22610,Manual,112282,Diesel,88,45.1,2.5,5,0,1,0,Diesel,9,1,0,1,1
5 Series,2022,27950,Manual,113740,Petrol,19,36.7,2.5,1,0,1,0,Petrol,4,1,4,1,1
1 Series,2021,60767,Automatic,33286,Diesel,17,56.4,4.4,2,1,0,0,Diesel,0,0,0,2,1
X6,2020,33463,Automatic,81901,Petrol,37,58.4,2.5,3,1,0,0,Petrol,12,0,4,1,1
X5,2012,24339,Automatic,79986,Electric,88,26.8,3.5,11,1,0,0,Electric,11,0,1,1,0
7 Series,2013,3000,Automatic,70726,Petrol,149,31.3,2.5,10,1,0,0,Petrol,6,0,4,0,0
1 Series,2010,3000,Automatic,117342,Diesel,203,30.9,2.5,13,1,0,0,Diesel,0,0,0,0,0
X5,2015,17725,Automatic,24937,Diesel,232,24.0,4.4,8,1,0,0,Diesel,11,0,0,0,0
X1,2013,3000,Automatic,124245,Diesel,103,39.3,3.0,10,1,0,0,Diesel,7,0,0,0,0
X5,2010,59506,Automatic,4960,Petrol,110,40.5,4.4,13,1,0,0,Petrol,11,0,4,2,0
X5,2011,42305,Automatic,40602,Diesel,224,42.9,6.0,12,1,0,0,Diesel,11,0,0,1,0
X6,2012,3000,Automatic,142636,Petrol,220,46.5,1.5,11,1,0,0,Petrol,12,0,4,0,0
7 Series,2018,43183,Automatic,66533,Diesel,25,22.5,6.0,5,1,0,0,Diesel,6,0,0,1,1
1 Series,2022,39524,Automatic,48510,Diesel,63,44.9,2.0,1,1,0,0,Diesel,0,0,0,1,1
X3,2017,44802,Automatic,6091,Other,253,56.6,1.5,6,1,0,0,Other,9,0,3,1,1
X1,2016,5038,Semi-Auto,63335,Diesel,248,38.2,3.5,7,0,0,1,Diesel,7,2,0,0,0
X5,2022,16742,Automatic,135782,Petrol,223,24.3,2.5,1,1,0,0,Petrol,11,0,4,0,1
3 Series,2020,22337,Manual,64564,Diesel,130,23.4,4.4,3,0,1,0,Diesel,2,1,0,1,1
3 Series,2021,3000,Automatic,130257,Petrol,29,31.3,2.5,2,1,0,0,Petrol,2,0,4,0,1
6 Series,2013,28419,Manual,116517,Petrol,274,50.1,2.5,10,0,1,0,Petrol,5,1,4,1,0
X5,2010,3000,Automatic,60977,Petrol,9,30.4,1.5,13,1,0,0,Petrol,11,0,4,0,0
6 Series,2017,3000,Manual,105931,Diesel,88,52.6,2.5,6,0,1,0,Diesel,5,1,0,0,1
X5,2013,15986,Automatic,8988,Diesel,146,52.8,2.0,10,1,0,0,Diesel,11,0,0,0,0
X1,2012,3000,Manual,94650,Petrol,126,38.3,1.5,11,0,1,0,Petrol,7,1,4,0,0
X3,2018,78034,Automatic,24074,Diesel,185,32.0,3.0,5,1,0,0,Diesel,9,0,0,2,1
4 Series,2019,55067,Automatic,22198,Petrol,123,43.9,5.0,4,1,0,0,Petrol,3,0,4,2,1
X1,2013,13357,Manual,77045,Petrol,106,52.4,2.5,10,0,1,0,Petrol,7,1,4,0,0
X1,2013,28182,Automatic,49068,Petrol,5,22.6,2.0,10,1,0,0,Petrol,7,0,4,1,0
3 Series,2018,8071,Semi-Auto,111969,Diesel,50,58.1,1.5,5,0,0,1,Diesel,2,2,0,0,1
5 Series,2022,109884,Automatic,17560,Electric,135,45.8,2.0,1,1,0,0,Electric,4,0,1,2,1
X3,2021,38099,Automatic,66152,Petrol,1,35.9,2.0,2,1,0,0,Petrol,9,0,4,1,1
3 Series,2020,50328,Manual,124516,Petrol,17,40.2,2.5,3,0,1,0,Petrol,2,1,4,2,1
3 Series,2021,31709,Automatic,36391,Petrol,248,35.4,3.0,2,1,0,0,Petrol,2,0,4,1,1
3 Series,2011,82371,Automatic,29731,Hybrid,184,36.5,2.0,12,1,0,0,Hybrid,2,0,2,2,0
3 Series,2021,9586,Manual,85698,Petrol,221,43.8,1.5,2,0,1,0,Petrol,2,1,4,0,1
3 Series,2014,3000,Manual,114880,Diesel,227,22.4,4.4,9,0,1,0,Diesel,2,1,0,0,0
5 Series,2013,3000,Semi-Auto,119440,Diesel,193,27.0,3.5,10,0,0,1,Diesel,4,2,0,0,0
6 Series,2018,61766,Automatic,5340,Petrol,209,29.1,2.0,5,1,0,0,Petrol,5,0,4,2,1
7 Series,2021,35416,Automatic,71291,Diesel,298,36.3,3.0,2,1,0,0,Diesel,6,0,0,1,1
3 Series,2014,20481,Automatic,49731,Petrol,71,34.8,3.0,9,1,0,0,Petrol,2,0,4,0,0
1 Series,2018,79874,Automatic,53822,Diesel,116,48.9,3.0,5,1,0,0,Diesel,0,0,0,2,1
X3,2020,70053,Manual,42866,Petrol,263,30.4,4.0,3,0,1,0,Petrol,9,1,4,2,1
5 Series,2018,51103,Automatic,115295,Other,4,22.3,2.5,5,1,0,0,Other,4,0,3,2,1
X6,2011,48949,Automatic,97791,Hybrid,268,22.2,3.0,12,1,0,0,Hybrid,12,0,2,1,0
X3,2018,31364,Automatic,103262,Diesel,6,20.5,3.5,5,1,0,0,Diesel,9,0,0,1,1
X6,2012,68214,Manual,42813,Diesel,20,21.5,3.0,11,0,1,0,Diesel,12,1,0,2,0
3 Series,2013,12853,Semi-Auto,140787,Diesel,36,54.3,4.4,10,0,0,1,Diesel,2,2,0,0,0
X3,2010,3000,Automatic,102354,Petrol,172,47.9,2.5,13,1,0,0,Petrol,9,0,4,0,0
3 Series,2010,77054,Automatic,15783,Petrol,61,59.8,3.5,13,1,0,0,Petrol,2,0,4,2,0
X4,2010,3000,Manual,90012,Petrol,205,20.8,4.4,13,0,1,0,Petrol,10,1,4,0,0
X1,2018,50324,Automatic,68933,Diesel,100,54.0,3.0,5,1,0,0,Diesel,7,0,0,2,1
3 Series,2020,36393,Automatic,41680,Diesel,118,47.8,1.5,3,1,0,0,Diesel,2,0,0,1,1
3 Series,2017,3000,Automatic,124207,Hybrid,178,45.6,3.5,6,1,0,0,Hybrid,2,0,2,0,1
3 Series,2014,76082,Automatic,60179,Diesel,131,34.3,3.5,9,1,0,0,Diesel,2,0,0,2,0
X3,2014,11743,Automatic,100613,Diesel,74,35.1,2.5,9,1,0,0,Diesel,9,0,0,0,0
3 Series,2018,21612,Manual,40970,Diesel,289,53.8,2.0,5,0,1,0,Diesel,2,1,0,0,1
X1,2012,78675,Automatic,5718,Hybrid,44,48.5,5.0,11,1,0,0,Hybrid,7,0,2,2,0
3 Series,2012,44518,Automatic,76769,Diesel,143,46.8,3.0,11,1,0,0,Diesel,2,0,0,1,0
X3,2016,53604,Semi-Auto,80707,Petrol,136,21.2,2.5,7,0,0,1,Petrol,9,2,4,2,1
X6,2018,26663,Manual,142798,Diesel,207,27.4,4.4,5,0,1,0,Diesel,12,1,0,1,1
X5,2015,16230,Automatic,93304,Diesel,230,58.5,2.5,8,1,0,0,Diesel,11,0,0,0,0
X5,2011,27911,Automatic,18139,Diesel,271,38.2,3.5,12,1,0,0,Diesel,11,0,0,1,0
3 Series,2010,44534,Automatic,120804,Other,94,51.3,3.0,13,1,0,0,Other,2,0,3,1,0
1 Series,2011,38838,Automatic,45782,Hybrid,260,35.6,5.0,12,1,0,0,Hybrid,0,0,2,1,0
X3,2010,19202,Automatic,20958,Petrol,126,50.6,2.5,13,1,0,0,Petrol,9,0,4,0,0
5 Series,2019,21409,Automatic,104026,Petrol,166,24.8,4.4,4,1,0,0,Petrol,4,0,4,0,1
5 Series,2019,46992,Automatic,70134,Petrol,17,21.7,3.0,4,1,0,0,Petrol,4,0,4,1,1
1 Series,2018,63040,Automatic,14583,Petrol,147,38.6,2.5,5,1,0,0,Petrol,0,0,4,2,1
3 Series,2019,25215,Automatic,18013,Petrol,246,43.7,2.5,4,1,0,0,Petrol,2,0,4,1,1
1 Series,2021,71362,Automatic,48984,Diesel,129,32.9,3.0,2,1,0,0,Diesel,0,0,0,2,1
4 Series,2022,3000,Automatic,122246,Diesel,295,48.6,3.0,1,1,0,0,Diesel,3,0,0,0,1
3 Series,2017,5602,Automatic,130110,Diesel,265,39.8,4.0,6,1,0,0,Diesel,2,0,0,0,1
X1,2016,46546,Automatic,10096,Petrol,41,57.1,3.0,7,1,0,0,Petrol,7,0,4,1,1
1 Series,2012,50047,Automatic,74533,Diesel,202,23.4,3.5,11,1,0,0,Diesel,0,0,0,2,0
X3,2017,16577,Automatic,115795,Diesel,180,22.7,3.5,6,1,0,0,Diesel,9,0,0,0,1
3 Series,2011,61019,Automatic,26618,Diesel,180,56.2,2.0,12,1,0,0,Diesel,2,0,0,2,0
6 Series,2011,50708,Automatic,10868,Petrol,295,46.8,2.0,12,1,0,0,Petrol,5,0,4,2,0
4 Series,2020,52970,Manual,22882,Diesel,143,46.8,2.0,3,0,1,0,Diesel,3,1,0,2,1
3 Series,2019,32022,Semi-Auto,107760,Petrol,60,21.1,2.0,4,0,0,1,Petrol,2,2,4,1,1
6 Series,2012,17372,Automatic,103125,Diesel,208,57.5,2.5,11,1,0,0,Diesel,5,0,0,0,0
i8,2016,17735,Semi-Auto,126677,Petrol,165,50.9,3.0,7,0,0,1,Petrol,16,2,4,0,0
X6,2010,3000,Automatic,110982,Diesel,299,50.6,2.5,13,1,0,0,Diesel,12,0,0,0,0
2 Series,2017,83967,Automatic,71714,Petrol,142,56.5,3.0,6,1,0,0,Petrol,1,0,4,2,1
3 Series,2021,62440,Semi-Auto,72102,Diesel,60,43.1,2.5,2,0,0,1,Diesel,2,2,0,2,1
X1,2016,30013,Automatic,34375,Diesel,262,35.8,2.0,7,1,0,0,Diesel,7,0,0,1,0
1 Series,2013,70169,Automatic,72210,Petrol,123,39.2,2.0,10,1,0,0,Petrol,0,0,4,2,0
1 Series,2014,29728,Automatic,90276,Hybrid,237,51.1,3.0,9,1,0,0,Hybrid,0,0,2,1,0
i8,2019,5864,Automatic,89706,Petrol,29,50.7,2.0,4,1,0,0,Petrol,16,0,4,0,1
3 Series,2022,6004,Automatic,74606,Diesel,254,44.4,2.5,1,1,0,0,Diesel,2,0,0,0,1
X5,2010,3000,Automatic,120837,Petrol,89,28.7,2.0,13,1,0,0,Petrol,11,0,4,0,0
X6,2013,47431,Automatic,109343,Diesel,138,52.8,3.0,10,1,0,0,Diesel,12,0,0,1,0
2 Series,2010,53671,Automatic,62401,Diesel,206,45.9,3.0,13,1,0,0,Diesel,1,0,0,2,0
i8,2010,20766,Automatic,59835,Petrol,92,28.9,2.5,13,1,0,0,Petrol,16,0,4,0,0
3 Series,2019,53060,Semi-Auto,57936,Petrol,133,39.2,2.0,4,0,0,1,Petrol,2,2,4,2,1
1 Series,2010,11899,Manual,128446,Diesel,203,59.9,2.0,13,0,1,0,Diesel,0,1,0,0,0
5 Series,2016,52220,Automatic,129344,Diesel,109,33.1,2.5,7,1,0,0,Diesel,4,0,0,2,1
1 Series,2016,53795,Automatic,17110,Electric,37,24.7,5.0,7,1,0,0,Electric,0,0,1,2,1
1 Series,2013,45394,Manual,62549,Petrol,21,20.9,2.0,10,0,1,0,Petrol,0,1,4,1,0
5 Series,2022,39433,Automatic,131834,Petrol,224,27.4,2.0,1,1,0,0,Petrol,4,0,4,1,1
X5,2021,57198,Automatic,29530,Diesel,167,27.5,2.0,2,1,0,0,Diesel,11,0,0,2,1
X1,2011,77868,Automatic,1893,Diesel,134,54.3,3.0,12,1,0,0,Diesel,7,0,0,2,0
3 Series,2021,37438,Manual,129745,Hybrid,109,26.2,4.4,2,0,1,0,Hybrid,2,1,2,1,1
X3,2012,34729,Automatic,124967,Petrol,223,54.5,1.5,11,1,0,0,Petrol,9,0,4,1,0
3 Series,2017,17135,Automatic,95260,Diesel,167,23.5,3.0,6,1,0,0,Diesel,2,0,0,0,1
1 Series,2022,24554,Automatic,27885,Diesel,106,56.3,2.5,1,1,0,0,Diesel,0,0,0,1,1
X5,2017,62212,Automatic,45560,Petrol,23,30.3,3.5,6,1,0,0,Petrol,11,0,4,2,1
X1,2020,52395,Automatic,14613,Diesel,296,44.5,2.5,3,1,0,0,Diesel,7,0,0,2,1
X5,2020,46294,Automatic,138159,Petrol,210,26.4,1.5,3,1,0,0,Petrol,11,0,4,1,1
1 Series,2015,78107,Automatic,19665,Diesel,170,35.6,3.0,8,1,0,0,Diesel,0,0,0,2,1
2 Series,2019,3000,Automatic,107568,Diesel,68,23.4,3.5,4,1,0,0,Diesel,1,0,0,0,1
X1,2018,74045,Automatic,30622,Petrol,221,43.2,4.4,5,1,0,0,Petrol,7,0,4,2,1
X1,2020,71519,Manual,96834,Petrol,152,33.8,3.0,3,0,1,0,Petrol,7,1,4,2,1
X1,2021,86665,Manual,42989,Electric,280,54.1,2.0,2,0,1,0,Electric,7,1,1,2,1
4 Series,2018,63222,Automatic,45741,Hybrid,200,27.3,2.5,5,1,0,0,Hybrid,3,0,2,2,1
X1,2013,12950,Automatic,21163,Hybrid,218,31.2,3.5,10,1,0,0,Hybrid,7,0,2,0,0
X1,2021,5859,Automatic,72637,Electric,103,27.1,2.5,2,1,0,0,Electric,7,0,1,0,1
i8,2010,59179,Automatic,60175,Petrol,298,42.6,3.0,13,1,0,0,Petrol,16,0,4,2,0
X5,2010,45437,Manual,34546,Petrol,229,24.5,1.5,13,0,1,0,Petrol,11,1,4,1,0
5 Series,2021,64046,Automatic,135547,Petrol,53,27.6,1.5,2,1,0,0,Petrol,4,0,4,2,1
X3,2019,35902,Automatic,71259,Diesel,188,47.1,3.0,4,1,0,0,Diesel,9,0,0,1,1
5 Series,2014,38478,Manual,15890,Diesel,221,23.0,2.0,9,0,1,0,Diesel,4,1,0,1,0
3 Series,2022,44535,Semi-Auto,7713,Diesel,74,49.7,2.5,1,0,0,1,Diesel,2,2,0,1,1
X1,2011,3000,Automatic,94389,Hybrid,171,24.2,3.0,12,1,0,0,Hybrid,7,0,2,0,0
X2,2015,20319,Automatic,66317,Diesel,41,43.4,2.0,8,1,0,0,Diesel,8,0,0,0,0
X2,2016,3000,Automatic,83979,Petrol,156,59.9,3.5,7,1,0,0,Petrol,8,0,4,0,0
3 Series,2010,29259,Manual,122061,Petrol,80,27.0,2.0,13,0,1,0,Petrol,2,1,4,1,0
7 Series,2015,24183,Manual,131742,Petrol,207,30.4,3.0,8,0,1,0,Petrol,6,1,4,1,0
3 Series,2017,49760,Automatic,116039,Petrol,85,55.9,2.0,6,1,0,0,Petrol,2,0,4,2,1
i8,2021,80024,Automatic,47492,Petrol,231,45.1,2.0,2,1,0,0,Petrol,16,0,4,2,1
i3,2014,59106,Automatic,110718,Diesel,176,39.7,3.5,9,1,0,0,Diesel,15,0,0,2,0
X1,2021,42410,Automatic,147467,Petrol,106,42.5,3.0,2,1,0,0,Petrol,7,0,4,1,1
X6,2016,23777,Automatic,73005,Diesel,138,31.8,2.0,7,1,0,0,Diesel,12,0,0,1,0
X3,2019,39539,Automatic,26040,Diesel,101,54.2,1.5,4,1,0,0,Diesel,9,0,0,1,1
X1,2015,13888,Automatic,110009,Other,29,49.8,5.0,8,1,0,0,Other,7,0,3,0,0
1 Series,2013,3000,Manual,69702,Diesel,193,45.7,2.5,10,0,1,0,Diesel,0,1,0,0,0
5 Series,2016,21784,Automatic,22637,Electric,243,57.3,2.5,7,1,0,0,Electric,4,0,1,1,0
X3,2019,45867,Automatic,68745,Petrol,184,43.1,1.5,4,1,0,0,Petrol,9,0,4,1,1
X3,2018,36918,Automatic,140819,Petrol,292,40.5,4.0,5,1,0,0,Petrol,9,0,4,1,1
5 Series,2019,3000,Manual,91467,Diesel,246,59.0,2.0,4,0,1,0,Diesel,4,1,0,0,1
X4,2019,37717,Automatic,112855,Petrol,117,28.2,2.5,4,1,0,0,Petrol,10,0,4,1,1
3 Series,2022,17405,Semi-Auto,55040,Diesel,72,25.7,2.5,1,0,0,1,Diesel,2,2,0,0,1
7 Series,2016,3000,Automatic,108518,Petrol,68,26.5,3.5,7,1,0,0,Petrol,6,0,4,0,0
X3,2021,52092,Semi-Auto,84110,Diesel,241,59.6,2.5,2,0,0,1,Diesel,9,2,0,2,1
X3,2014,59183,Manual,97395,Hybrid,151,46.1,2.5,9,0,1,0,Hybrid,9,1,2,2,0
X1,2016,3000,Automatic,142168,Petrol,93,32.2,2.5,7,1,0,0,Petrol,7,0,4,0,0
3 Series,2012,47997,Semi-Auto,76764,Other,270,30.0,2.5,11,0,0,1,Other,2,2,3,1,0
3 Series,2011,3000,Automatic,141290,Petrol,228,22.3,4.4,12,1,0,0,Petrol,2,0,4,0,0
X1,2020,71754,Automatic,91367,Petrol,29,25.3,3.5,3,1,0,0,Petrol,7,0,4,2,1
X1,2014,4042,Automatic,85338,Diesel,112,56.3,2.0,9,1,0,0,Diesel,7,0,0,0,0
3 Series,2013,71579,Automatic,30907,Diesel,147,49.9,3.0,10,1,0,0,Diesel,2,0,0,2,0
X3,2014,69773,Manual,40387,Diesel,56,57.7,3.5,9,0,1,0,Diesel,9,1,0,2,0
5 Series,2017,64505,Manual,75655,Diesel,176,36.9,3.0,6,0,1,0,Diesel,4,1,0,2,1
X3,2021,55661,Automatic,58407,Petrol,55,44.0,2.5,2,1,0,0,Petrol,9,0,4,2,1
2 Series,2013,43828,Automatic,136627,Petrol,264,39.3,1.5,10,1,0,0,Petrol,1,0,4,1,0
3 Series,2018,56027,Automatic,47095,Petrol,236,55.3,2.0,5,1,0,0,Petrol,2,0,4,2,1
1 Series,2016,27838,Automatic,2042,Petrol,277,59.7,2.0,7,1,0,0,Petrol,0,0,4,1,0
X5,2019,3000,Automatic,104748,Electric,76,57.3,2.5,4,1,0,0,Electric,11,0,1,0,1
X1,2022,70168,Semi-Auto,5188,Hybrid,123,43.9,6.0,1,0,0,1,Hybrid,7,2,2,2,1
X3,2021,64578,Automatic,79596,Petrol,27,22.5,3.5,2,1,0,0,Petrol,9,0,4,2,1
2 Series,2016,15612,Automatic,142305,Diesel,141,44.7,2.0,7,1,0,0,Diesel,1,0,0,0,0
X6,2022,79846,Manual,4088,Diesel,157,23.9,3.0,1,0,1,0,Diesel,12,1,0,2,1
X7,2022,88160,Automatic,2646,Petrol,166,25.6,3.5,1,1,0,0,Petrol,13,0,4,2,1
7 Series,2017,33779,Automatic,145199,Petrol,184,27.7,2.5,6,1,0,0,Petrol,6,0,4,1,1
5 Series,2021,32369,Automatic,16453,Diesel,11,34.5,2.5,2,1,0,0,Diesel,4,0,0,1,1
5 Series,2015,63954,Automatic,53233,Diesel,168,43.7,3.0,8,1,0,0,Diesel,4,0,0,2,0
3 Series,2017,4870,Semi-Auto,84087,Petrol,105,33.3,2.5,6,0,0,1,Petrol,2,2,4,0,1
X1,2012,61144,Automatic,62993,Hybrid,253,38.1,2.0,11,1,0,0,Hybrid,7,0,2,2,0
3 Series,2019,46890,Automatic,87392,Diesel,97,21.9,2.5,4,1,0,0,Diesel,2,0,0,1,1
X2,2019,6068,Automatic,123349,Petrol,118,44.8,2.5,4,1,0,0,Petrol,8,0,4,0,1
X1,2010,49077,Automatic,67019,Petrol,225,46.3,3.0,13,1,0,0,Petrol,7,0,4,1,0
X1,2015,80287,Manual,1451,Diesel,151,24.0,2.5,8,0,1,0,Diesel,7,1,0,2,1
5 Series,2010,23553,Semi-Auto,136141,Diesel,202,51.4,3.5,13,0,0,1,Diesel,4,2,0,1,0
1 Series,2018,65208,Manual,65274,Diesel,162,45.9,1.5,5,0,1,0,Diesel,0,1,0,2,1
1 Series,2011,3685,Automatic,145458,Petrol,296,39.6,2.5,12,1,0,0,Petrol,0,0,4,0,0
5 Series,2020,5972,Automatic,139279,Petrol,121,42.1,3.0,3,1,0,0,Petrol,4,0,4,0,1
1 Series,2011,73771,Automatic,19157,Petrol,15,40.1,3.0,12,1,0,0,Petrol,0,0,4,2,0
X1,2016,57618,Automatic,75726,Petrol,105,22.2,4.4,7,1,0,0,Petrol,7,0,4,2,1
4 Series,2011,51276,Automatic,106716,Diesel,261,49.4,3.0,12,1,0,0,Diesel,3,0,0,2,0
4 Series,2019,54321,Automatic,147001,Petrol,19,40.5,3.0,4,1,0,0,Petrol,3,0,4,2,1
X3,2017,16884,Semi-Auto,105636,Petrol,243,26.9,3.0,6,0,0,1,Petrol,9,2,4,0,1
3 Series,2015,51322,Automatic,8913,Petrol,243,47.2,2.0,8,1,0,0,Petrol,2,0,4,2,0
4 Series,2016,70901,Automatic,27727,Diesel,211,47.8,3.5,7,1,0,0,Diesel,3,0,0,2,1
4 Series,2016,30426,Automatic,134018,Diesel,223,28.5,2.0,7,1,0,0,Diesel,3,0,0,1,0
3 Series,2015,35680,Automatic,62061,Diesel,261,51.9,2.5,8,1,0,0,Diesel,2,0,0,1,0
X5,2019,44701,Automatic,114388,Diesel,219,38.3,1.5,4,1,0,0,Diesel,11,0,0,1,1
3 Series,2020,33722,Automatic,68957,Diesel,7,27.2,3.5,3,1,0,0,Diesel,2,0,0,1,1
X6,2018,58749,Automatic,86839,Petrol,13,46.3,5.0,5,1,0,0,Petrol,12,0,4,2,1
i8,2022,58377,Automatic,106649,Diesel,129,43.9,1.5,1,1,0,0,Diesel,16,0,0,2,1
1 Series,2018,42020,Manual,2844,Petrol,21,26.8,3.0,5,0,1,0,Petrol,0,1,4,1,1
6 Series,2016,73025,Automatic,35572,Diesel,224,54.9,5.0,7,1,0,0,Diesel,5,0,0,2,1
X1,2018,82319,Automatic,20449,Diesel,234,54.2,3.0,5,1,0,0,Diesel,7,0,0,2,1
Z4,2022,4744,Automatic,111137,Diesel,198,53.4,3.5,1,1,0,0,Diesel,14,0,0,0,1
5 Series,2019,22389,Automatic,20459,Petrol,133,36.0,2.0,4,1,0,0,Petrol,4,0,4,1,1
2 Series,2012,3000,Semi-Auto,126298,Other,177,53.0,2.0,11,0,0,1,Other,1,2,3,0,0
1 Series,2012,56053,Automatic,110334,Diesel,43,53.8,2.5,11,1,0,0,Diesel,0,0,0,2,0
3 Series,2010,50438,Automatic,61140,Diesel,7,59.9,6.0,13,1,0,0,Diesel,2,0,0,2,0
1 Series,2014,32722,Manual,26362,Petrol,279,58.3,3.5,9,0,1,0,Petrol,0,1,4,1,0
Z4,2013,84235,Automatic,22319,Petrol,26,35.3,4.0,10,1,0,0,Petrol,14,0,4,2,0
X6,2011,3000,Automatic,101751,Petrol,50,27.9,2.5,12,1,0,0,Petrol,12,0,4,0,0
2 Series,2018,3000,Automatic,139769,Petrol,68,31.7,3.0,5,1,0,0,Petrol,1,0,4,0,1
X4,2012,31932,Automatic,97896,Diesel,280,39.8,3.0,11,1,0,0,Diesel,10,0,0,1,0
1 Series,2017,26798,Manual,29735,Diesel,43,52.2,3.0,6,0,1,0,Diesel,0,1,0,1,1
5 Series,2015,36738,Automatic,32293,Petrol,174,48.9,4.0,8,1,0,0,Petrol,4,0,4,1,0
1 Series,2022,19173,Automatic,140082,Diesel,118,51.5,2.0,1,1,0,0,Diesel,0,0,0,0,1
3 Series,2014,3000,Automatic,93305,Petrol,268,35.2,1.5,9,1,0,0,Petrol,2,0,4,0,0
3 Series,2010,3830,Automatic,90359,Petrol,180,29.9,2.5,13,1,0,0,Petrol,2,0,4,0,0
5 Series,2013,28249,Automatic,41727,Hybrid,52,21.0,1.5,10,1,0,0,Hybrid,4,0,2,1,0
3 Series,2012,42797,Automatic,105545,Diesel,292,45.0,1.5,11,1,0,0,Diesel,2,0,0,1,0
1 Series,2010,25654,Automatic,15787,Diesel,190,51.8,2.5,13,1,0,0,Diesel,0,0,0,1,0
3 Series,2021,69494,Automatic,118710,Petrol,193,55.6,2.0,2,1,0,0,Petrol,2,0,4,2,1
1 Series,2014,29791,Semi-Auto,112489,Petrol,39,39.0,3.5,9,0,0,1,Petrol,0,2,4,1,0
Z4,2015,25527,Automatic,145375,Petrol,77,57.1,3.0,8,1,0,0,Petrol,14,0,4,1,0
X5,2011,3000,Automatic,99782,Petrol,188,28.1,2.5,12,1,0,0,Petrol,11,0,4,0,0
X7,2012,60898,Automatic,54448,Petrol,94,40.6,2.0,11,1,0,0,Petrol,13,0,4,2,0
5 Series,2020,52632,Semi-Auto,70513,Diesel,24,28.6,3.0,3,0,0,1,Diesel,4,2,0,2,1
3 Series,2015,28078,Manual,7068,Petrol,102,27.5,2.5,8,0,1,0,Petrol,2,1,4,1,0
X6,2013,46100,Manual,111040,Petrol,158,58.1,1.5,10,0,1,0,Petrol,12,1,4,1,0
3 Series,2018,3000,Automatic,119962,Diesel,207,52.7,3.0,5,1,0,0,Diesel,2,0,0,0,1
3 Series,2014,72160,Manual,13740,Hybrid,93,20.5,2.5,9,0,1,0,Hybrid,2,1,2,2,0
3 Series,2013,51691,Automatic,89333,Electric,38,30.7,2.0,10,1,0,0,Electric,2,0,1,2,0
1 Series,2011,29965,Automatic,65745,Diesel,163,28.2,2.0,12,1,0,0,Diesel,0,0,0,1,0
3 Series,2015,3000,Automatic,139863,Petrol,54,25.9,2.5,8,1,0,0,Petrol,2,0,4,0,0
5 Series,2019,39942,Manual,132557,Petrol,71,47.9,3.5,4,0,1,0,Petrol,4,1,4,1,1
X3,2011,74770,Manual,1337,Diesel,41,42.7,2.5,12,0,1,0,Diesel,9,1,0,2,0
1 Series,2021,9039,Manual,131996,Diesel,131,38.2,3.5,2,0,1,0,Diesel,0,1,0,0,1
3 Series,2022,3000,Semi-Auto,147164,Diesel,20,27.6,2.5,1,0,0,1,Diesel,2,2,0,0,1
X6,2016,48162,Automatic,57052,Petrol,0,31.1,3.5,7,1,0,0,Petrol,12,0,4,1,1
1 Series,2012,31977,Automatic,2471,Petrol,165,34.2,4.4,11,1,0,0,Petrol,0,0,4,1,0
3 Series,2018,53399,Automatic,52194,Diesel,59,51.4,1.5,5,1,0,0,Diesel,2,0,0,2,1
4 Series,2020,50156,Manual,120076,Petrol,75,59.6,1.5,3,0,1,0,Petrol,3,1,4,2,1
3 Series,2014,3000,Automatic,74392,Diesel,90,27.4,2.0,9,1,0,0,Diesel,2,0,0,0,0
1 Series,2017,53629,Manual,62088,Electric,206,33.7,2.0,6,0,1,0,Electric,0,1,1,2,1
5 Series,2020,46535,Automatic,100909,Diesel,87,31.2,2.5,3,1,0,0,Diesel,4,0,0,1,1
3 Series,2015,20148,Automatic,6664,Petrol,81,21.8,3.5,8,1,0,0,Petrol,2,0,4,0,0
X1,2021,16337,Automatic,89859,Petrol,16,28.8,5.0,2,1,0,0,Petrol,7,0,4,0,1
X6,2019,71573,Automatic,92991,Petrol,209,56.1,2.5,4,1,0,0,Petrol,12,0,4,2,1
1 Series,2017,7635,Manual,120805,Diesel,52,53.7,3.0,6,0,1,0,Diesel,0,1,0,0,1
X1,2022,57895,Automatic,137451,Diesel,127,26.7,3.0,1,1,0,0,Diesel,7,0,0,2,1
7 Series,2022,67233,Automatic,32536,Petrol,145,34.6,2.5,1,1,0,0,Petrol,6,0,4,2,1
1 Series,2020,3000,Automatic,137063,Petrol,247,32.4,3.0,3,1,0,0,Petrol,0,0,4,0,1
X1,2021,5952,Automatic,95754,Petrol,0,25.9,3.0,2,1,0,0,Petrol,7,0,4,0,1
3 Series,2012,3000,Automatic,117134,Electric,40,44.9,3.5,11,1,0,0,Electric,2,0,1,0,0
5 Series,2012,47475,Automatic,97649,Diesel,72,42.3,2.0,11,1,0,0,Diesel,4,0,0,1,0
1 Series,2014,3000,Manual,102610,Petrol,159,37.1,2.5,9,0,1,0,Petrol,0,1,4,0,0
5 Series,2020,14617,Automatic,94513,Hybrid,211,54.2,3.0,3,1,0,0,Hybrid,4,0,2,0,1
3 Series,2019,29101,Automatic,29359,Diesel,295,44.8,2.0,4,1,0,0,Diesel,2,0,0,1,1
X6,2012,3000,Automatic,118060,Diesel,138,30.4,3.5,11,1,0,0,Diesel,12,0,0,0,0
1 Series,2017,26637,Automatic,115209,Diesel,42,34.9,2.0,6,1,0,0,Diesel,0,0,0,1,1
5 Series,2019,73530,Automatic,19043,Diesel,178,26.0,2.5,4,1,0,0,Diesel,4,0,0,2,1
5 Series,2022,70678,Automatic,89059,Petrol,188,43.7,2.0,1,1,0,0,Petrol,4,0,4,2,1
X3,2021,61406,Automatic,10070,Diesel,245,43.5,1.5,2,1,0,0,Diesel,9,0,0,2,1
X1,2017,3000,Automatic,146205,Diesel,297,54.8,2.0,6,1,0,0,Diesel,7,0,0,0,1
X3,2011,3000,Automatic,57955,Petrol,153,54.2,4.4,12,1,0,0,Petrol,9,0,4,0,0
X5,2021,26969,Manual,29571,Petrol,103,53.5,1.5,2,0,1,0,Petrol,11,1,4,1,1
4 Series,2013,52973,Semi-Auto,78115,Petrol,10,42.0,1.5,10,0,0,1,Petrol,3,2,4,2,0
3 Series,2019,23214,Automatic,99891,Petrol,24,46.1,3.0,4,1,0,0,Petrol,2,0,4,1,1
7 Series,2022,56812,Automatic,131644,Petrol,295,51.0,2.5,1,1,0,0,Petrol,6,0,4,2,1
2 Series,2010,63998,Automatic,22871,Diesel,24,23.7,2.0,13,1,0,0,Diesel,1,0,0,2,0
i3,2013,35535,Automatic,138295,Petrol,83,32.0,2.5,10,1,0,0,Petrol,15,0,4,1,0
4 Series,2021,51134,Manual,15197,Petrol,105,26.8,2.0,2,0,1,0,Petrol,3,1,4,2,1
5 Series,2022,40060,Manual,75923,Hybrid,240,40.5,2.5,1,0,1,0,Hybrid,4,1,2,1,1
3 Series,2022,69134,Automatic,103657,Diesel,118,53.5,3.0,1,1,0,0,Diesel,2,0,0,2,1
5 Series,2020,43176,Automatic,93438,Petrol,107,29.2,2.0,3,1,0,0,Petrol,4,0,4,1,1
X5,2022,25477,Automatic,101909,Petrol,179,49.2,5.0,1,1,0,0,Petrol,11,0,4,1,1
5 Series,2013,17104,Automatic,101842,Diesel,130,36.2,1.5,10,1,0,0,Diesel,4,0,0,0,0
5 Series,2019,16132,Manual,80432,Diesel,294,56.1,3.5,4,0,1,0,Diesel,4,1,0,0,1
2 Series,2018,73066,Automatic,42525,Petrol,90,45.1,3.0,5,1,0,0,Petrol,1,0,4,2,1
5 Series,2012,65110,Automatic,17198,Hybrid,240,59.1,2.0,11,1,0,0,Hybrid,4,0,2,2,0
2 Series,2011,3000,Automatic,95187,Diesel,246,29.8,2.0,12,1,0,0,Diesel,1,0,0,0,0
5 Series,2018,37259,Automatic,99172,Diesel,167,57.0,4.0,5,1,0,0,Diesel,4,0,0,1,1
3 Series,2018,71816,Automatic,100499,Petrol,222,34.3,3.0,5,1,0,0,Petrol,2,0,4,2,1
5 Series,2010,58634,Automatic,107313,Petrol,277,44.9,2.0,13,1,0,0,Petrol,4,0,4,2,0
X5,2015,94610,Automatic,23027,Petrol,189,27.0,1.5,8,1,0,0,Petrol,11,0,4,2,1
1 Series,2019,54506,Manual,14792,Petrol,18,50.4,4.4,4,0,1,0,Petrol,0,1,4,2,1
3 Series,2017,29327,Manual,82313,Petrol,13,59.1,2.5,6,0,1,0,Petrol,2,1,4,1,1
X7,2012,3000,Automatic,86330,Petrol,242,51.5,2.0,11,1,0,0,Petrol,13,0,4,0,0
3 Series,2020,80439,Semi-Auto,33544,Diesel,108,44.6,4.4,3,0,0,1,Diesel,2,2,0,2,1
X1,2018,26933,Automatic,86263,Petrol,189,37.9,2.5,5,1,0,0,Petrol,7,0,4,1,1
X1,2011,25159,Manual,114329,Petrol,217,33.8,2.5,12,0,1,0,Petrol,7,1,4,1,0
5 Series,2015,64940,Manual,32126,Hybrid,298,36.8,3.0,8,0,1,0,Hybrid,4,1,2,2,0
X1,2010,3000,Automatic,100637,Petrol,235,33.1,3.5,13,1,0,0,Petrol,7,0,4,0,0
3 Series,2022,3000,Manual,128208,Diesel,167,53.3,2.0,1,0,1,0,Diesel,2,1,0,0,1
X1,2016,58809,Automatic,24549,Diesel,267,55.7,4.0,7,1,0,0,Diesel,7,0,0,2,1
5 Series,2012,10739,Automatic,37155,Electric,192,58.0,4.4,11,1,0,0,Electric,4,0,1,0,0
X3,2016,50810,Automatic,38481,Diesel,241,36.7,2.0,7,1,0,0,Diesel,9,0,0,2,1
1 Series,2013,10958,Manual,68967,Diesel,161,41.8,2.5,10,0,1,0,Diesel,0,1,0,0,0
X1,2018,19180,Manual,100320,Hybrid,278,43.1,4.0,5,0,1,0,Hybrid,7,1,2,0,1
3 Series,2014,40541,Automatic,83561,Diesel,134,46.0,2.5,9,1,0,0,Diesel,2,0,0,1,0
3 Series,2012,32231,Automatic,21446,Diesel,192,20.1,2.5,11,1,0,0,Diesel,2,0,0,1,0
3 Series,2017,69056,Automatic,9507,Petrol,88,53.7,3.0,6,1,0,0,Petrol,2,0,4,2,1
3 Series,2015,20587,Semi-Auto,126183,Diesel,41,30.7,3.5,8,0,0,1,Diesel,2,2,0,0,0
X6,2011,73334,Automatic,34208,Diesel,92,38.9,3.0,12,1,0,0,Diesel,12,0,0,2,0
3 Series,2012,28317,Manual,18522,Diesel,214,53.7,3.0,11,0,1,0,Diesel,2,1,0,1,0
X2,2017,15968,Automatic,48402,Diesel,0,59.9,2.5,6,1,0,0,Diesel,8,0,0,0,1
X7,2019,30275,Automatic,46102,Petrol,163,51.8,3.0,4,1,0,0,Petrol,13,0,4,1,1
X1,2016,55829,Automatic,15040,Petrol,105,21.0,2.0,7,1,0,0,Petrol,7,0,4,2,1
1 Series,2019,3000,Semi-Auto,105254,Diesel,231,34.8,2.5,4,0,0,1,Diesel,0,2,0,0,1
5 Series,2015,29405,Automatic,139118,Petrol,45,29.9,2.0,8,1,0,0,Petrol,4,0,4,1,0
X6,2010,36599,Semi-Auto,37189,Petrol,204,58.6,2.5,13,0,0,1,Petrol,12,2,4,1,0
5 Series,2018,61125,Automatic,112738,Diesel,20,30.6,2.0,5,1,0,0,Diesel,4,0,0,2,1
1 Series,2012,71463,Automatic,84998,Hybrid,176,57.7,2.5,11,1,0,0,Hybrid,0,0,2,2,0
X1,2014,26085,Manual,87070,Petrol,166,57.5,3.5,9,0,1,0,Petrol,7,1,4,1,0
2 Series,2016,48774,Manual,56581,Diesel,293,53.6,2.5,7,0,1,0,Diesel,1,1,0,1,1
X6,2016,10290,Semi-Auto,107531,Petrol,264,23.9,2.0,7,0,0,1,Petrol,12,2,4,0,0
3 Series,2012,17694,Automatic,10009,Petrol,275,20.1,2.0,11,1,0,0,Petrol,2,0,4,0,0
X3,2013,23681,Automatic,111847,Petrol,7,51.8,4.4,10,1,0,0,Petrol,9,0,4,1,0
3 Series,2019,29423,Automatic,52377,Diesel,269,53.7,3.5,4,1,0,0,Diesel,2,0,0,1,1
3 Series,2016,33689,Automatic,69861,Diesel,211,58.5,1.5,7,1,0,0,Diesel,2,0,0,1,0
4 Series,2017,31305,Semi-Auto,140771,Petrol,162,28.7,4.4,6,0,0,1,Petrol,3,2,4,1,1
3 Series,2011,3000,Automatic,135817,Diesel,44,49.3,2.0,12,1,0,0,Diesel,2,0,0,0,0
3 Series,2018,54536,Automatic,111612,Diesel,232,40.8,3.0,5,1,0,0,Diesel,2,0,0,2,1
1 Series,2016,78554,Automatic,45837,Petrol,52,33.1,3.0,7,1,0,0,Petrol,0,0,4,2,1
4 Series,2022,39964,Automatic,121791,Diesel,232,44.3,1.5,1,1,0,0,Diesel,3,0,0,1,1
X6,2017,19461,Automatic,145561,Petrol,170,41.9,2.0,6,1,0,0,Petrol,12,0,4,0,1
X1,2015,88730,Automatic,51557,Petrol,5,31.7,3.5,8,1,0,0,Petrol,7,0,4,2,1
X5,2015,11758,Automatic,23474,Diesel,43,30.7,2.5,8,1,0,0,Diesel,11,0,0,0,0
3 Series,2018,61068,Automatic,57439,Diesel,90,39.5,2.5,5,1,0,0,Diesel,2,0,0,2,1
5 Series,2013,47970,Semi-Auto,69213,Diesel,195,39.0,3.0,10,0,0,1,Diesel,4,2,0,1,0
5 Series,2020,70671,Automatic,56296,Petrol,3,32.1,1.5,3,1,0,0,Petrol,4,0,4,2,1
1 Series,2020,53371,Automatic,77711,Petrol,120,30.5,3.5,3,1,0,0,Petrol,0,0,4,2,1
5 Series,2014,15258,Semi-Auto,108727,Diesel,62,58.2,1.5,9,0,0,1,Diesel,4,2,0,0,0
X2,2018,37956,Manual,2177,Petrol,91,54.5,2.0,5,0,1,0,Petrol,8,1,4,1,1
1 Series,2010,40971,Semi-Auto,1761,Diesel,246,52.7,3.5,13,0,0,1,Diesel,0,2,0,1,0
3 Series,2013,48251,Semi-Auto,7458,Diesel,218,28.6,4.4,10,0,0,1,Diesel,2,2,0,1,0
3 Series,2016,60341,Automatic,55775,Diesel,230,27.6,3.5,7,1,0,0,Diesel,2,0,0,2,1
3 Series,2020,28260,Automatic,94789,Petrol,293,52.4,2.0,3,1,0,0,Petrol,2,0,4,1,1
6 Series,2018,29497,Automatic,127048,Hybrid,187,27.4,6.0,5,1,0,0,Hybrid,5,0,2,1,1
5 Series,2022,47359,Automatic,119249,Diesel,167,40.1,2.5,1,1,0,0,Diesel,4,0,0,1,1
5 Series,2020,36210,Manual,29433,Diesel,263,28.9,2.5,3,0,1,0,Diesel,4,1,0,1,1
X5,2021,58960,Automatic,73715,Diesel,104,35.1,4.0,2,1,0,0,Diesel,11,0,0,2,1
3 Series,2022,49947,Manual,15849,Petrol,223,54.1,1.5,1,0,1,0,Petrol,2,1,4,2,1
5 Series,2019,11837,Manual,70980,Petrol,114,55.7,3.0,4,0,1,0,Petrol,4,1,4,0,1
5 Series,2015,74202,Automatic,69500,Diesel,234,59.9,5.0,8,1,0,0,Diesel,4,0,0,2,1
X1,2021,73295,Manual,60891,Petrol,271,57.8,2.0,2,0,1,0,Petrol,7,1,4,2,1
i8,2017,32313,Automatic,60866,Diesel,273,46.9,2.5,6,1,0,0,Diesel,16,0,0,1,1
X5,2022,26313,Automatic,124469,Diesel,229,37.3,2.0,1,1,0,0,Diesel,11,0,0,1,1
5 Series,2018,52410,Manual,77008,Petrol,216,22.3,4.0,5,0,1,0,Petrol,4,1,4,2,1
X6,2019,92599,Automatic,4101,Diesel,33,44.3,3.0,4,1,0,0,Diesel,12,0,0,2,1
3 Series,2013,30043,Manual,27990,Other,196,28.4,2.0,10,0,1,0,Other,2,1,3,1,0
1 Series,2010,69836,Automatic,70214,Petrol,213,54.0,2.5,13,1,0,0,Petrol,0,0,4,2,0
3 Series,2017,39587,Automatic,35611,Diesel,45,42.0,2.5,6,1,0,0,Diesel,2,0,0,1,1
3 Series,2011,3000,Manual,97265,Diesel,239,49.3,3.0,12,0,1,0,Diesel,2,1,0,0,0
7 Series,2020,47013,Automatic,16958,Diesel,253,46.9,2.5,3,1,0,0,Diesel,6,0,0,1,1
X1,2010,3000,Automatic,90786,Petrol,227,33.9,2.0,13,1,0,0,Petrol,7,0,4,0,0
X2,2022,25027,Automatic,68002,Diesel,220,50.4,3.0,1,1,0,0,Diesel,8,0,0,1,1
7 Series,2016,8111,Manual,50887,Electric,165,53.7,2.0,7,0,1,0,Electric,6,1,1,0,0
7 Series,2021,107403,Automatic,1339,Petrol,72,49.8,3.5,2,1,0,0,Petrol,6,0,4,2,1
1 Series,2019,3307,Manual,111083,Diesel,224,51.1,2.5,4,0,1,0,Diesel,0,1,0,0,1
1 Series,2018,84389,Automatic,51528,Electric,85,34.4,3.0,5,1,0,0,Electric,0,0,1,2,1
X1,2020,21309,Automatic,87639,Diesel,80,57.7,2.5,3,1,0,0,Diesel,7,0,0,0,1
5 Series,2021,65381,Semi-Auto,83624,Diesel,214,37.0,3.0,2,0,0,1,Diesel,4,2,0,2,1
2 Series,2021,68958,Automatic,70260,Electric,163,55.9,4.0,2,1,0,0,Electric,1,0,1,2,1
3 Series,2018,64442,Automatic,107493,Petrol,239,54.3,3.0,5,1,0,0,Petrol,2,0,4,2,1
1 Series,2012,51458,Manual,54570,Diesel,68,25.0,3.0,11,0,1,0,Diesel,0,1,0,2,0
5 Series,2015,67372,Manual,22643,Diesel,136,58.7,3.5,8,0,1,0,Diesel,4,1,0,2,0
3 Series,2016,9023,Automatic,61252,Petrol,151,59.9,2.5,7,1,0,0,Petrol,2,0,4,0,0
1 Series,2019,3000,Automatic,92580,Diesel,96,44.2,2.0,4,1,0,0,Diesel,0,0,0,0,1
X3,2018,3000,Manual,142406,Petrol,157,51.3,3.5,5,0,1,0,Petrol,9,1,4,0,1
1 Series,2011,41688,Manual,99856,Petrol,185,57.3,3.0,12,0,1,0,Petrol,0,1,4,1,0
X1,2017,33271,Manual,102795,Petrol,167,20.8,2.5,6,0,1,0,Petrol,7,1,4,1,1
3 Series,2016,64775,Automatic,63977,Petrol,243,57.2,2.0,7,1,0,0,Petrol,2,0,4,2,1
3 Series,2013,18507,Semi-Auto,1789,Petrol,118,45.1,2.5,10,0,0,1,Petrol,2,2,4,0,0
5 Series,2011,56748,Automatic,34941,Diesel,195,53.1,2.0,12,1,0,0,Diesel,4,0,0,2,0
X6,2017,108841,Automatic,1552,Petrol,287,41.6,4.0,6,1,0,0,Petrol,12,0,4,2,1
5 Series,2020,74787,Automatic,20806,Diesel,64,41.2,3.5,3,1,0,0,Diesel,4,0,0,2,1
X5,2014,45772,Automatic,37979,Diesel,161,55.9,2.5,9,1,0,0,Diesel,11,0,0,1,0
1 Series,2015,3000,Automatic,140895,Petrol,84,40.3,1.5,8,1,0,0,Petrol,0,0,4,0,0
X5,2020,80145,Automatic,32980,Hybrid,58,38.9,1.5,3,1,0,0,Hybrid,11,0,2,2,1
3 Series,2016,43709,Automatic,1860,Diesel,281,44.3,2.0,7,1,0,0,Diesel,2,0,0,1,1
X3,2019,27289,Automatic,1290,Petrol,149,40.7,2.0,4,1,0,0,Petrol,9,0,4,1,1
X1,2010,3804,Automatic,43417,Other,120,37.9,4.0,13,1,0,0,Other,7,0,3,0,0
X2,2017,37506,Automatic,80880,Diesel,268,27.2,2.5,6,1,0,0,Diesel,8,0,0,1,1
5 Series,2013,42248,Automatic,137942,Petrol,254,35.9,2.5,10,1,0,0,Petrol,4,0,4,1,0
1 Series,2022,17793,Automatic,34397,Diesel,223,31.3,2.0,1,1,0,0,Diesel,0,0,0,0,1
1 Series,2018,31005,Automatic,106311,Diesel,54,36.0,3.5,5,1,0,0,Diesel,0,0,0,1,1
X6,2010,39982,Automatic,17186,Diesel,135,43.7,3.5,13,1,0,0,Diesel,12,0,0,1,0
7 Series,2020,58056,Semi-Auto,116162,Diesel,189,44.4,2.5,3,0,0,1,Diesel,6,2,0,2,1
X5,2011,25559,Manual,70616,Petrol,252,29.5,2.0,12,0,1,0,Petrol,11,1,4,1,0
3 Series,2015,73361,Manual,79508,Electric,83,23.4,5.0,8,0,1,0,Electric,2,1,1,2,1
3 Series,2020,74284,Automatic,68296,Diesel,176,49.8,2.5,3,1,0,0,Diesel,2,0,0,2,1
1 Series,2019,3000,Automatic,143346,Diesel,93,41.1,3.5,4,1,0,0,Diesel,0,0,0,0,1
X7,2020,73878,Automatic,24304,Petrol,34,37.7,2.5,3,1,0,0,Petrol,13,0,4,2,1
X3,2010,15588,Manual,97161,Diesel,211,25.2,3.5,13,0,1,0,Diesel,9,1,0,0,0
X4,2013,18924,Automatic,15705,Diesel,125,36.6,2.5,10,1,0,0,Diesel,10,0,0,0,0
3 Series,2017,21084,Automatic,53996,Diesel,229,52.7,4.4,6,1,0,0,Diesel,2,0,0,0,1
X1,2019,49153,Automatic,11607,Hybrid,167,43.3,3.5,4,1,0,0,Hybrid,7,0,2,1,1
X3,2014,41531,Automatic,31006,Hybrid,13,23.6,2.0,9,1,0,0,Hybrid,9,0,2,1,0
3 Series,2022,35737,Semi-Auto,79554,Diesel,73,33.3,2.5,1,0,0,1,Diesel,2,2,0,1,1
2 Series,2018,53054,Manual,117196,Diesel,51,59.2,2.0,5,0,1,0,Diesel,1,1,0,2,1
X4,2020,33619,Manual,41963,Petrol,206,41.8,4.4,3,0,1,0,Petrol,10,1,4,1,1
4 Series,2020,47178,Automatic,4447,Petrol,295,31.5,1.5,3,1,0,0,Petrol,3,0,4,1,1
X5,2015,15751,Manual,28156,Petrol,42,56.5,1.5,8,0,1,0,Petrol,11,1,4,0,0
3 Series,2010,69816,Automatic,43120,Diesel,2,33.4,2.5,13,1,0,0,Diesel,2,0,0,2,0
3 Series,2015,32866,Semi-Auto,83753,Hybrid,94,49.2,3.0,8,0,0,1,Hybrid,2,2,2,1,0
X7,2015,101112,Automatic,11190,Petrol,237,25.9,2.0,8,1,0,0,Petrol,13,0,4,2,1
1 Series,2022,61313,Automatic,64394,Petrol,166,26.3,3.0,1,1,0,0,Petrol,0,0,4,2,1
X3,2015,70683,Automatic,6335,Other,18,42.5,4.0,8,1,0,0,Other,9,0,3,2,1
X3,2017,54221,Automatic,21557,Diesel,206,29.6,3.0,6,1,0,0,Diesel,9,0,0,2,1
X1,2015,22106,Manual,102092,Diesel,229,22.0,2.5,8,0,1,0,Diesel,7,1,0,1,0
i8,2014,21052,Semi-Auto,98074,Diesel,213,57.1,2.0,9,0,0,1,Diesel,16,2,0,0,0
3 Series,2020,50893,Automatic,21575,Diesel,55,22.2,2.0,3,1,0,0,Diesel,2,0,0,2,1
3 Series,2011,71397,Automatic,73848,Electric,131,48.7,2.5,12,1,0,0,Electric,2,0,1,2,0
1 Series,2013,42394,Automatic,114216,Petrol,8,33.3,2.5,10,1,0,0,Petrol,0,0,4,1,0
5 Series,2019,69986,Manual,5616,Petrol,230,57.3,2.5,4,0,1,0,Petrol,4,1,4,2,1
3 Series,2014,31533,Automatic,34124,Petrol,152,59.4,2.5,9,1,0,0,Petrol,2,0,4,1,0
3 Series,2019,3000,Automatic,134662,Petrol,283,33.4,2.5,4,1,0,0,Petrol,2,0,4,0,1
2 Series,2013,73628,Automatic,10534,Diesel,189,43.6,3.0,10,1,0,0,Diesel,1,0,0,2,0
X4,2011,69068,Automatic,8921,Hybrid,15,50.9,2.0,12,1,0,0,Hybrid,10,0,2,2,0
3 Series,2016,3000,Manual,133763,Diesel,202,24.9,4.0,7,0,1,0,Diesel,2,1,0,0,0
5 Series,2019,93979,Automatic,43042,Other,173,48.4,2.0,4,1,0,0,Other,4,0,3,2,1
X2,2019,70530,Automatic,52209,Hybrid,167,56.2,2.5,4,1,0,0,Hybrid,8,0,2,2,1
1 Series,2011,41748,Manual,54603,Diesel,33,27.1,2.0,12,0,1,0,Diesel,0,1,0,1,0
1 Series,2010,25238,Automatic,45377,Diesel,228,53.5,3.0,13,1,0,0,Diesel,0,0,0,1,0
3 Series,2014,67406,Automatic,40705,Diesel,0,24.6,2.5,9,1,0,0,Diesel,2,0,0,2,0
X1,2021,13292,Automatic,97492,Petrol,114,42.7,2.5,2,1,0,0,Petrol,7,0,4,0,1
3 Series,2022,90015,Automatic,16783,Diesel,213,33.6,2.5,1,1,0,0,Diesel,2,0,0,2,1
X7,2010,56397,Automatic,9515,Diesel,253,38.9,2.5,13,1,0,0,Diesel,13,0,0,2,0
5 Series,2010,3000,Semi-Auto,134142,Diesel,144,32.0,4.0,13,0,0,1,Diesel,4,2,0,0,0
7 Series,2010,24903,Manual,83850,Diesel,46,30.4,2.0,13,0,1,0,Diesel,6,1,0,1,0
3 Series,2015,31344,Manual,145843,Petrol,279,49.7,3.5,8,0,1,0,Petrol,2,1,4,1,0
5 Series,2018,3000,Semi-Auto,97776,Diesel,177,28.9,3.0,5,0,0,1,Diesel,4,2,0,0,1
X3,2019,24175,Automatic,65206,Petrol,212,36.3,2.5,4,1,0,0,Petrol,9,0,4,1,1
X5,2022,12504,Automatic,84364,Petrol,284,31.0,4.4,1,1,0,0,Petrol,11,0,4,0,1
X5,2020,25772,Automatic,111532,Diesel,244,29.5,2.0,3,1,0,0,Diesel,11,0,0,1,1
X1,2021,52104,Manual,119090,Petrol,252,45.1,2.5,2,0,1,0,Petrol,7,1,4,2,1
6 Series,2010,24786,Automatic,21936,Diesel,205,21.8,2.5,13,1,0,0,Diesel,5,0,0,1,0
X6,2014,54956,Automatic,92618,Petrol,71,51.6,3.0,9,1,0,0,Petrol,12,0,4,2,0
X5,2018,12149,Automatic,149977,Diesel,221,41.8,4.4,5,1,0,0,Diesel,11,0,0,0,1
1 Series,2018,3000,Automatic,135170,Diesel,214,53.1,3.0,5,1,0,0,Diesel,0,0,0,0,1
1 Series,2010,40194,Automatic,28020,Petrol,140,28.5,4.0,13,1,0,0,Petrol,0,0,4,1,0
3 Series,2017,16019,Manual,123043,Diesel,155,48.4,4.4,6,0,1,0,Diesel,2,1,0,0,1
X3,2010,9659,Automatic,11985,Diesel,221,36.8,2.5,13,1,0,0,Diesel,9,0,0,0,0
5 Series,2017,43551,Semi-Auto,140355,Petrol,230,23.1,2.5,6,0,0,1,Petrol,4,2,4,1,1
5 Series,2010,3000,Automatic,130100,Petrol,141,50.1,2.0,13,1,0,0,Petrol,4,0,4,0,0
4 Series,2021,21256,Manual,120635,Diesel,74,50.5,3.0,2,0,1,0,Diesel,3,1,0,0,1
6 Series,2014,10083,Semi-Auto,47323,Petrol,39,30.8,2.0,9,0,0,1,Petrol,5,2,4,0,0
6 Series,2017,45302,Semi-Auto,38708,Diesel,272,56.6,3.0,6,0,0,1,Diesel,5,2,0,1,1
3 Series,2015,26979,Automatic,71298,Diesel,69,50.6,4.0,8,1,0,0,Diesel,2,0,0,1,0
X3,2018,35164,Automatic,101057,Petrol,110,32.3,3.5,5,1,0,0,Petrol,9,0,4,1,1
3 Series,2010,82471,Automatic,6054,Diesel,233,29.6,3.0,13,1,0,0,Diesel,2,0,0,2,0
3 Series,2018,9854,Automatic,120580,Diesel,196,37.6,3.5,5,1,0,0,Diesel,2,0,0,0,1
3 Series,2010,66444,Automatic,72317,Diesel,198,31.7,3.0,13,1,0,0,Diesel,2,0,0,2,0
3 Series,2019,67331,Semi-Auto,64304,Petrol,23,28.7,2.5,4,0,0,1,Petrol,2,2,4,2,1
5 Series,2019,44954,Automatic,17471,Diesel,146,36.0,2.5,4,1,0,0,Diesel,4,0,0,1,1
2 Series,2012,3000,Automatic,102266,Petrol,61,21.0,2.0,11,1,0,0,Petrol,1,0,4,0,0
1 Series,2010,33534,Automatic,126022,Petrol,66,36.1,2.5,13,1,0,0,Petrol,0,0,4,1,0
X5,2012,5156,Manual,27527,Diesel,29,28.9,2.5,11,0,1,0,Diesel,11,1,0,0,0
7 Series,2021,67687,Semi-Auto,44250,Petrol,106,30.6,2.5,2,0,0,1,Petrol,6,2,4,2,1
3 Series,2020,66959,Automatic,120917,Petrol,165,23.3,3.5,3,1,0,0,Petrol,2,0,4,2,1
5 Series,2022,56472,Automatic,13029,Petrol,120,43.6,2.0,1,1,0,0,Petrol,4,0,4,2,1
3 Series,2011,67129,Manual,42583,Petrol,10,38.9,3.5,12,0,1,0,Petrol,2,1,4,2,0
X1,2011,36642,Automatic,103061,Petrol,71,50.0,3.0,12,1,0,0,Petrol,7,0,4,1,0
5 Series,2018,36473,Automatic,104100,Petrol,252,59.5,4.4,5,1,0,0,Petrol,4,0,4,1,1
3 Series,2017,47986,Manual,69147,Petrol,284,24.8,2.5,6,0,1,0,Petrol,2,1,4,1,1
1 Series,2010,3000,Semi-Auto,140425,Diesel,118,30.9,2.0,13,0,0,1,Diesel,0,2,0,0,0
7 Series,2021,50131,Automatic,44042,Petrol,7,47.3,3.5,2,1,0,0,Petrol,6,0,4,2,1
6 Series,2013,43023,Automatic,94125,Diesel,214,29.5,3.0,10,1,0,0,Diesel,5,0,0,1,0
3 Series,2022,27642,Automatic,77604,Petrol,220,21.2,3.0,1,1,0,0,Petrol,2,0,4,1,1
X5,2010,13631,Automatic,56918,Diesel,79,24.4,6.0,13,1,0,0,Diesel,11,0,0,0,0
X3,2010,6757,Automatic,123225,Petrol,71,37.3,2.0,13,1,0,0,Petrol,9,0,4,0,0
X4,2021,43858,Automatic,69882,Hybrid,199,37.2,2.5,2,1,0,0,Hybrid,10,0,2,1,1
X6,2021,36988,Automatic,37822,Diesel,172,58.9,2.0,2,1,0,0,Diesel,12,0,0,1,1
X1,2013,20402,Automatic,49760,Petrol,288,38.6,4.0,10,1,0,0,Petrol,7,0,4,0,0
X3,2011,38994,Automatic,5200,Petrol,233,47.1,1.5,12,1,0,0,Petrol,9,0,4,1,0
6 Series,2012,4044,Automatic,48259,Diesel,260,39.7,2.0,11,1,0,0,Diesel,5,0,0,0,0
5 Series,2020,109134,Automatic,9527,Hybrid,144,30.8,2.0,3,1,0,0,Hybrid,4,0,2,2,1
3 Series,2018,47592,Automatic,11535,Diesel,21,24.2,3.5,5,1,0,0,Diesel,2,0,0,1,1
1 Series,2011,42697,Automatic,112477,Diesel,77,54.4,3.0,12,1,0,0,Diesel,0,0,0,1,0
X6,2013,18205,Automatic,13438,Petrol,229,26.1,2.5,10,1,0,0,Petrol,12,0,4,0,0
X6,2010,3000,Manual,65344,Petrol,159,23.9,2.0,13,0,1,0,Petrol,12,1,4,0,0
1 Series,2011,50043,Automatic,121127,Petrol,13,28.6,2.5,12,1,0,0,Petrol,0,0,4,2,0
X1,2014,31951,Semi-Auto,71388,Petrol,235,20.1,3.0,9,0,0,1,Petrol,7,2,4,1,0
5 Series,2019,52479,Automatic,73249,Petrol,147,22.9,2.5,4,1,0,0,Petrol,4,0,4,2,1
1 Series,2010,56373,Automatic,62083,Petrol,149,45.4,2.5,13,1,0,0,Petrol,0,0,4,2,0
i3,2020,75855,Automatic,32354,Diesel,29,29.7,3.0,3,1,0,0,Diesel,15,0,0,2,1
3 Series,2016,13058,Automatic,125365,Diesel,160,33.5,4.4,7,1,0,0,Diesel,2,0,0,0,0
1 Series,2013,30882,Manual,72135,Petrol,260,53.4,2.0,10,0,1,0,Petrol,0,1,4,1,0
X1,2015,29802,Semi-Auto,145512,Diesel,17,50.9,2.5,8,0,0,1,Diesel,7,2,0,1,0
X5,2017,41705,Semi-Auto,12289,Petrol,62,39.7,2.5,6,0,0,1,Petrol,11,2,4,1,1
1 Series,2022,62248,Automatic,110344,Petrol,134,44.5,2.5,1,1,0,0,Petrol,0,0,4,2,1
X3,2015,45493,Automatic,112568,Diesel,156,23.4,3.0,8,1,0,0,Diesel,9,0,0,1,0
7 Series,2011,12889,Automatic,50178,Diesel,56,50.5,2.5,12,1,0,0,Diesel,6,0,0,0,0
1 Series,2010,37889,Automatic,67500,Diesel,264,40.6,3.5,13,1,0,0,Diesel,0,0,0,1,0
3 Series,2017,35578,Automatic,118784,Petrol,253,42.8,3.0,6,1,0,0,Petrol,2,0,4,1,1
X1,2017,25672,Manual,50223,Petrol,186,46.6,2.5,6,0,1,0,Petrol,7,1,4,1,1
3 Series,2018,38782,Semi-Auto,146256,Diesel,198,40.0,3.5,5,0,0,1,Diesel,2,2,0,1,1
X4,2015,11178,Automatic,69483,Petrol,170,40.9,2.5,8,1,0,0,Petrol,10,0,4,0,0
X6,2021,36498,Automatic,120178,Petrol,5,40.0,2.5,2,1,0,0,Petrol,12,0,4,1,1
i3,2010,12664,Automatic,145228,Diesel,255,39.9,6.0,13,1,0,0,Diesel,15,0,0,0,0
3 Series,2018,3000,Automatic,134483,Petrol,247,50.0,3.5,5,1,0,0,Petrol,2,0,4,0,1
X7,2021,38855,Automatic,16674,Petrol,218,37.1,4.0,2,1,0,0,Petrol,13,0,4,1,1
5 Series,2022,3000,Semi-Auto,140380,Petrol,3,20.1,3.0,1,0,0,1,Petrol,4,2,4,0,1
3 Series,2012,3000,Automatic,109707,Petrol,0,44.5,2.5,11,1,0,0,Petrol,2,0,4,0,0
1 Series,2020,62619,Automatic,69460,Petrol,30,58.1,6.0,3,1,0,0,Petrol,0,0,4,2,1
1 Series,2015,32232,Automatic,1576,Diesel,116,30.3,2.0,8,1,0,0,Diesel,0,0,0,1,0
X3,2019,3000,Automatic,146713,Petrol,274,52.6,4.0,4,1,0,0,Petrol,9,0,4,0,1
5 Series,2022,39611,Semi-Auto,99264,Diesel,196,38.2,4.4,1,0,0,1,Diesel,4,2,0,1,1
3 Series,2019,31790,Automatic,51907,Petrol,176,45.7,3.5,4,1,0,0,Petrol,2,0,4,1,1
X1,2020,10821,Semi-Auto,85325,Diesel,286,55.6,2.0,3,0,0,1,Diesel,7,2,0,0,1
3 Series,2021,24969,Automatic,40651,Diesel,235,50.8,4.0,2,1,0,0,Diesel,2,0,0,1,1
X1,2018,37469,Manual,94435,Petrol,78,55.4,3.0,5,0,1,0,Petrol,7,1,4,1,1
5 Series,2020,42232,Automatic,147730,Petrol,242,20.4,3.0,3,1,0,0,Petrol,4,0,4,1,1
X6,2022,55690,Automatic,39907,Petrol,204,27.5,3.5,1,1,0,0,Petrol,12,0,4,2,1
X6,2012,6774,Manual,64917,Diesel,210,36.9,2.5,11,0,1,0,Diesel,12,1,0,0,0
5 Series,2014,41317,Manual,55936,Petrol,90,53.9,2.0,9,0,1,0,Petrol,4,1,4,1,0
5 Series,2022,59721,Manual,27178,Diesel,165,53.5,3.0,1,0,1,0,Diesel,4,1,0,2,1
5 Series,2014,29765,Automatic,131614,Diesel,160,27.4,2.0,9,1,0,0,Diesel,4,0,0,1,0
X6,2019,20810,Semi-Auto,100423,Diesel,5,25.7,3.0,4,0,0,1,Diesel,12,2,0,0,1
3 Series,2016,30249,Semi-Auto,9000,Diesel,140,53.4,2.5,7,0,0,1,Diesel,2,2,0,1,1
3 Series,2013,32035,Automatic,140137,Petrol,204,41.7,2.5,10,1,0,0,Petrol,2,0,4,1,0
1 Series,2020,31970,Semi-Auto,109407,Diesel,19,45.1,2.0,3,0,0,1,Diesel,0,2,0,1,1
5 Series,2013,25249,Automatic,133157,Diesel,99,52.4,1.5,10,1,0,0,Diesel,4,0,0,1,0
5 Series,2016,17393,Automatic,50325,Other,164,28.5,3.0,7,1,0,0,Other,4,0,3,0,0
2 Series,2018,23745,Automatic,112868,Petrol,44,25.5,3.0,5,1,0,0,Petrol,1,0,4,1,1
3 Series,2020,3000,Semi-Auto,149694,Diesel,226,54.4,2.5,3,0,0,1,Diesel,2,2,0,0,1
5 Series,2013,44170,Automatic,127190,Diesel,51,24.5,3.5,10,1,0,0,Diesel,4,0,0,1,0
X6,2013,65411,Automatic,64902,Diesel,145,23.5,3.0,10,1,0,0,Diesel,12,0,0,2,0
X6,2015,60679,Automatic,5834,Diesel,280,31.1,3.5,8,1,0,0,Diesel,12,0,0,2,0
5 Series,2015,69171,Automatic,86733,Electric,122,32.7,2.0,8,1,0,0,Electric,4,0,1,2,0
5 Series,2016,60313,Automatic,13008,Electric,206,29.6,2.0,7,1,0,0,Electric,4,0,1,2,1
3 Series,2010,7351,Automatic,79498,Diesel,296,49.7,2.0,13,1,0,0,Diesel,2,0,0,0,0
X4,2022,33060,Manual,48229,Petrol,101,58.9,1.5,1,0,1,0,Petrol,10,1,4,1,1
1 Series,2020,59341,Semi-Auto,113892,Diesel,273,28.0,4.4,3,0,0,1,Diesel,0,2,0,2,1
X4,2012,19495,Manual,140084,Petrol,128,51.3,6.0,11,0,1,0,Petrol,10,1,4,0,0
X3,2018,26745,Manual,52125,Petrol,166,21.8,3.5,5,0,1,0,Petrol,9,1,4,1,1
7 Series,2015,3000,Automatic,86702,Other,201,24.8,2.5,8,1,0,0,Other,6,0,3,0,0
1 Series,2015,36059,Automatic,85164,Diesel,101,40.6,2.5,8,1,0,0,Diesel,0,0,0,1,0
5 Series,2014,3000,Automatic,141921,Hybrid,70,60.0,3.5,9,1,0,0,Hybrid,4,0,2,0,0
5 Series,2020,85712,Automatic,14767,Diesel,7,58.0,2.5,3,1,0,0,Diesel,4,0,0,2,1
3 Series,2012,19932,Semi-Auto,46052,Diesel,161,24.5,4.4,11,0,0,1,Diesel,2,2,0,0,0
X3,2020,60824,Automatic,100427,Electric,72,29.6,2.0,3,1,0,0,Electric,9,0,1,2,1
Z4,2014,3000,Semi-Auto,131591,Petrol,26,57.8,2.5,9,0,0,1,Petrol,14,2,4,0,0
X1,2010,32744,Automatic,101547,Diesel,168,26.0,6.0,13,1,0,0,Diesel,7,0,0,1,0
X3,2012,37771,Manual,69125,Diesel,262,49.7,5.0,11,0,1,0,Diesel,9,1,0,1,0
1 Series,2013,19815,Automatic,51281,Petrol,287,20.0,4.0,10,1,0,0,Petrol,0,0,4,0,0
5 Series,2014,38057,Automatic,76285,Petrol,72,45.3,2.5,9,1,0,0,Petrol,4,0,4,1,0
1 Series,2019,58814,Manual,24423,Petrol,208,39.8,3.5,4,0,1,0,Petrol,0,1,4,2,1
X1,2018,66932,Automatic,85693,Diesel,98,38.8,2.0,5,1,0,0,Diesel,7,0,0,2,1
X4,2013,3000,Manual,89860,Petrol,30,53.2,2.0,10,0,1,0,Petrol,10,1,4,0,0
X3,2012,23619,Automatic,2706,Diesel,32,23.2,2.5,11,1,0,0,Diesel,9,0,0,1,0
1 Series,2019,11662,Automatic,52753,Diesel,212,35.1,4.0,4,1,0,0,Diesel,0,0,0,0,1
5 Series,2010,3000,Semi-Auto,94755,Diesel,144,37.8,1.5,13,0,0,1,Diesel,4,2,0,0,0
X1,2022,59431,Automatic,42334,Petrol,98,25.0,3.0,1,1,0,0,Petrol,7,0,4,2,1
5 Series,2019,44200,Manual,68148,Diesel,179,23.4,3.0,4,0,1,0,Diesel,4,1,0,1,1
2 Series,2015,3000,Automatic,103601,Petrol,134,27.2,3.0,8,1,0,0,Petrol,1,0,4,0,0
X6,2016,44433,Automatic,51627,Petrol,189,29.6,2.0,7,1,0,0,Petrol,12,0,4,1,1
X1,2019,57750,Automatic,16546,Petrol,29,58.6,1.5,4,1,0,0,Petrol,7,0,4,2,1
5 Series,2017,19720,Automatic,75581,Diesel,81,39.0,4.0,6,1,0,0,Diesel,4,0,0,0,1
3 Series,2021,43935,Automatic,44347,Petrol,56,40.4,3.0,2,1,0,0,Petrol,2,0,4,1,1
1 Series,2010,3000,Automatic,42221,Petrol,173,48.3,3.5,13,1,0,0,Petrol,0,0,4,0,0
5 Series,2021,56304,Automatic,99203,Petrol,207,47.4,2.5,2,1,0,0,Petrol,4,0,4,2,1
5 Series,2013,28572,Automatic,16948,Hybrid,182,40.1,1.5,10,1,0,0,Hybrid,4,0,2,1,0
X3,2020,59495,Automatic,26118,Hybrid,234,33.6,2.0,3,1,0,0,Hybrid,9,0,2,2,1
X3,2014,42627,Automatic,104729,Petrol,106,33.2,1.5,9,1,0,0,Petrol,9,0,4,1,0
1 Series,2011,38514,Automatic,127677,Petrol,185,22.3,1.5,12,1,0,0,Petrol,0,0,4,1,0
5 Series,2010,28121,Automatic,18021,Hybrid,265,56.0,2.0,13,1,0,0,Hybrid,4,0,2,1,0
3 Series,2017,91479,Automatic,49215,Petrol,131,50.8,3.0,6,1,0,0,Petrol,2,0,4,2,1
3 Series,2015,97658,Automatic,2223,Petrol,170,44.9,3.5,8,1,0,0,Petrol,2,0,4,2,1
X6,2014,3000,Automatic,91162,Petrol,297,35.8,3.5,9,1,0,0,Petrol,12,0,4,0,0
1 Series,2022,52171,Semi-Auto,97453,Electric,23,43.3,4.4,1,0,0,1,Electric,0,2,1,2,1
5 Series,2018,23388,Manual,22526,Diesel,260,39.4,3.0,5,0,1,0,Diesel,4,1,0,1,1
3 Series,2022,37238,Automatic,39829,Petrol,195,31.0,1.5,1,1,0,0,Petrol,2,0,4,1,1
4 Series,2020,56602,Automatic,52862,Petrol,98,31.9,2.5,3,1,0,0,Petrol,3,0,4,2,1
X1,2022,43917,Manual,128048,Electric,100,55.0,2.0,1,0,1,0,Electric,7,1,1,1,1
3 Series,2020,74512,Automatic,31796,Diesel,119,45.4,3.5,3,1,0,0,Diesel,2,0,0,2,1
7 Series,2011,43641,Manual,17818,Diesel,202,20.1,2.0,12,0,1,0,Diesel,6,1,0,1,0
X5,2019,22923,Semi-Auto,25488,Petrol,89,33.1,2.0,4,0,0,1,Petrol,11,2,4,1,1
X7,2021,3000,Automatic,84904,Diesel,194,33.6,1.5,2,1,0,0,Diesel,13,0,0,0,1
3 Series,2017,23957,Automatic,145295,Petrol,176,48.3,5.0,6,1,0,0,Petrol,2,0,4,1,1
4 Series,2020,3788,Manual,97931,Diesel,114,48.0,3.5,3,0,1,0,Diesel,3,1,0,0,1
X4,2019,64953,Semi-Auto,76520,Petrol,31,38.6,2.5,4,0,0,1,Petrol,10,2,4,2,1
X2,2022,26207,Automatic,69334,Petrol,214,58.0,2.5,1,1,0,0,Petrol,8,0,4,1,1
X1,2018,14979,Automatic,139675,Diesel,278,54.9,1.5,5,1,0,0,Diesel,7,0,0,0,1
X1,2010,18949,Automatic,112587,Diesel,242,54.6,2.0,13,1,0,0,Diesel,7,0,0,0,0
5 Series,2016,64823,Automatic,78240,Petrol,285,33.9,2.5,7,1,0,0,Petrol,4,0,4,2,1
X5,2017,53121,Manual,35261,Petrol,69,37.2,2.5,6,0,1,0,Petrol,11,1,4,2,1
7 Series,2012,4699,Semi-Auto,118367,Diesel,70,36.8,3.0,11,0,0,1,Diesel,6,2,0,0,0
X3,2013,33030,Automatic,16707,Diesel,110,37.6,2.5,10,1,0,0,Diesel,9,0,0,1,0
5 Series,2022,52451,Manual,19009,Diesel,157,55.6,5.0,1,0,1,0,Diesel,4,1,0,2,1
X5,2012,58756,Automatic,53169,Diesel,36,30.0,2.5,11,1,0,0,Diesel,11,0,0,2,0
X6,2016,38843,Automatic,19231,Petrol,34,52.1,4.4,7,1,0,0,Petrol,12,0,4,1,1
1 Series,2018,51998,Automatic,4246,Diesel,58,40.6,3.0,5,1,0,0,Diesel,0,0,0,2,1
2 Series,2012,82387,Automatic,30825,Petrol,206,30.0,4.0,11,1,0,0,Petrol,1,0,4,2,0
7 Series,2022,3000,Automatic,147997,Hybrid,65,41.1,3.0,1,1,0,0,Hybrid,6,0,2,0,1
2 Series,2015,38917,Automatic,2316,Diesel,261,27.8,3.0,8,1,0,0,Diesel,1,0,0,1,0
5 Series,2017,52053,Manual,84870,Diesel,269,24.3,2.5,6,0,1,0,Diesel,4,1,0,2,1
5 Series,2015,50202,Manual,97608,Petrol,232,53.5,2.0,8,0,1,0,Petrol,4,1,4,2,0
X2,2011,11866,Automatic,115911,Petrol,156,48.0,2.0,12,1,0,0,Petrol,8,0,4,0,0
3 Series,2022,32722,Automatic,134098,Diesel,105,28.2,2.0,1,1,0,0,Diesel,2,0,0,1,1
2 Series,2016,34549,Automatic,16289,Petrol,153,57.7,2.5,7,1,0,0,Petrol,1,0,4,1,1
5 Series,2011,3000,Semi-Auto,103082,Diesel,17,21.0,2.0,12,0,0,1,Diesel,4,2,0,0,0
7 Series,2011,21256,Automatic,49886,Diesel,259,33.3,2.5,12,1,0,0,Diesel,6,0,0,0,0
3 Series,2011,33157,Automatic,66020,Petrol,118,20.9,3.5,12,1,0,0,Petrol,2,0,4,1,0
X1,2020,78623,Automatic,40279,Petrol,101,25.7,4.0,3,1,0,0,Petrol,7,0,4,2,1
3 Series,2010,3000,Automatic,107061,Diesel,24,27.2,3.0,13,1,0,0,Diesel,2,0,0,0,0
1 Series,2020,63206,Automatic,86643,Petrol,179,52.4,2.0,3,1,0,0,Petrol,0,0,4,2,1
3 Series,2010,3000,Manual,100827,Diesel,161,59.7,2.0,13,0,1,0,Diesel,2,1,0,0,0
1 Series,2016,46737,Manual,129089,Diesel,214,54.7,2.0,7,0,1,0,Diesel,0,1,0,1,1
Z4,2022,20677,Automatic,66200,Petrol,123,45.4,2.5,1,1,0,0,Petrol,14,0,4,0,1
X7,2021,44833,Automatic,96502,Diesel,291,48.9,5.0,2,1,0,0,Diesel,13,0,0,1,1
5 Series,2014,3000,Automatic,144867,Diesel,155,40.9,2.0,9,1,0,0,Diesel,4,0,0,0,0
X3,2020,20866,Semi-Auto,83536,Electric,192,36.9,2.5,3,0,0,1,Electric,9,2,1,0,1
3 Series,2012,24143,Automatic,20005,Diesel,52,47.7,3.0,11,1,0,0,Diesel,2,0,0,1,0
X3,2010,3000,Automatic,111737,Diesel,169,58.9,2.0,13,1,0,0,Diesel,9,0,0,0,0
X6,2020,65691,Automatic,85013,Petrol,97,21.2,5.0,3,1,0,0,Petrol,12,0,4,2,1
X4,2019,27622,Automatic,46176,Petrol,146,32.6,2.5,4,1,0,0,Petrol,10,0,4,1,1
5 Series,2015,39954,Automatic,116754,Petrol,299,33.2,4.4,8,1,0,0,Petrol,4,0,4,1,0
X5,2020,21255,Automatic,132777,Diesel,29,36.6,3.0,3,1,0,0,Diesel,11,0,0,0,1
3 Series,2010,50203,Automatic,52510,Petrol,73,45.1,1.5,13,1,0,0,Petrol,2,0,4,2,0
i8,2018,32618,Automatic,47293,Diesel,171,40.6,2.5,5,1,0,0,Diesel,16,0,0,1,1
1 Series,2011,3000,Automatic,119222,Petrol,83,20.7,1.5,12,1,0,0,Petrol,0,0,4,0,0
X1,2010,3000,Automatic,127947,Diesel,72,36.5,2.5,13,1,0,0,Diesel,7,0,0,0,0
X3,2021,53913,Automatic,45420,Diesel,231,44.8,4.4,2,1,0,0,Diesel,9,0,0,2,1
X3,2016,66158,Automatic,98391,Diesel,289,40.2,3.5,7,1,0,0,Diesel,9,0,0,2,1
1 Series,2015,21457,Automatic,60278,Hybrid,126,54.9,3.0,8,1,0,0,Hybrid,0,0,2,0,0
X4,2015,44450,Semi-Auto,61216,Diesel,84,35.9,2.5,8,0,0,1,Diesel,10,2,0,1,0
3 Series,2014,33165,Automatic,74699,Petrol,253,20.5,2.5,9,1,0,0,Petrol,2,0,4,1,0
X1,2020,57888,Automatic,1209,Diesel,151,31.4,2.0,3,1,0,0,Diesel,7,0,0,2,1
3 Series,2013,32304,Automatic,136906,Diesel,6,25.4,1.5,10,1,0,0,Diesel,2,0,0,1,0
3 Series,2020,8940,Automatic,63485,Diesel,135,30.0,2.0,3,1,0,0,Diesel,2,0,0,0,1
7 Series,2013,17745,Automatic,70498,Diesel,183,34.5,2.5,10,1,0,0,Diesel,6,0,0,0,0
5 Series,2012,29771,Manual,145100,Petrol,226,47.1,2.5,11,0,1,0,Petrol,4,1,4,1,0
3 Series,2019,78581,Automatic,52542,Diesel,243,33.0,2.0,4,1,0,0,Diesel,2,0,0,2,1
3 Series,2017,3000,Automatic,143789,Petrol,263,55.4,5.0,6,1,0,0,Petrol,2,0,4,0,1
5 Series,2016,56617,Manual,31545,Diesel,250,32.0,1.5,7,0,1,0,Diesel,4,1,0,2,1
X5,2018,79502,Semi-Auto,36212,Petrol,169,25.5,1.5,5,0,0,1,Petrol,11,2,4,2,1
6 Series,2010,50846,Semi-Auto,110079,Petrol,53,26.8,3.0,13,0,0,1,Petrol,5,2,4,2,0
1 Series,2016,50181,Manual,42100,Diesel,131,57.4,3.5,7,0,1,0,Diesel,0,1,0,2,1
5 Series,2019,38666,Semi-Auto,128215,Diesel,93,38.2,5.0,4,0,0,1,Diesel,4,2,0,1,1
1 Series,2013,9084,Automatic,53016,Other,45,36.1,2.5,10,1,0,0,Other,0,0,3,0,0
1 Series,2016,33282,Automatic,20301,Petrol,98,22.8,2.0,7,1,0,0,Petrol,0,0,4,1,1
X3,2022,68176,Automatic,84717,Diesel,233,49.3,4.4,1,1,0,0,Diesel,9,0,0,2,1
X1,2021,86401,Manual,10168,Diesel,268,47.8,6.0,2,0,1,0,Diesel,7,1,0,2,1
3 Series,2010,66911,Semi-Auto,69109,Petrol,36,35.0,4.4,13,0,0,1,Petrol,2,2,4,2,0
3 Series,2014,49061,Automatic,19973,Petrol,74,47.7,4.0,9,1,0,0,Petrol,2,0,4,1,0
1 Series,2012,25330,Automatic,94059,Petrol,57,34.7,1.5,11,1,0,0,Petrol,0,0,4,1,0
2 Series,2014,3000,Manual,100017,Other,18,22.9,4.0,9,0,1,0,Other,1,1,3,0,0
Z4,2013,41006,Semi-Auto,82115,Diesel,187,49.5,5.0,10,0,0,1,Diesel,14,2,0,1,0
1 Series,2011,3000,Automatic,76406,Petrol,138,58.6,3.0,12,1,0,0,Petrol,0,0,4,0,0
3 Series,2020,80718,Semi-Auto,10109,Petrol,142,45.9,3.5,3,0,0,1,Petrol,2,2,4,2,1
4 Series,2013,15417,Automatic,27842,Petrol,107,31.1,3.0,10,1,0,0,Petrol,3,0,4,0,0
X2,2012,3000,Automatic,142788,Diesel,220,30.8,2.0,11,1,0,0,Diesel,8,0,0,0,0
5 Series,2022,53737,Automatic,98969,Electric,144,57.2,3.0,1,1,0,0,Electric,4,0,1,2,1
1 Series,2010,37972,Automatic,108055,Diesel,4,32.1,4.0,13,1,0,0,Diesel,0,0,0,1,0
1 Series,2021,89912,Automatic,47408,Petrol,55,50.7,2.5,2,1,0,0,Petrol,0,0,4,2,1
X1,2019,17154,Manual,109407,Diesel,254,45.7,3.0,4,0,1,0,Diesel,7,1,0,0,1
5 Series,2017,32645,Manual,37530,Other,221,43.7,2.5,6,0,1,0,Other,4,1,3,1,1
1 Series,2014,48907,Manual,111047,Diesel,47,27.2,2.0,9,0,1,0,Diesel,0,1,0,1,0
X1,2013,3430,Automatic,60730,Electric,162,21.4,3.0,10,1,0,0,Electric,7,0,1,0,0
1 Series,2019,85555,Automatic,76623,Petrol,235,39.5,2.5,4,1,0,0,Petrol,0,0,4,2,1
X5,2021,60272,Automatic,78658,Diesel,247,59.5,2.0,2,1,0,0,Diesel,11,0,0,2,1
3 Series,2014,50559,Automatic,31898,Diesel,99,27.8,4.0,9,1,0,0,Diesel,2,0,0,2,0
1 Series,2013,76457,Automatic,64908,Diesel,20,41.5,5.0,10,1,0,0,Diesel,0,0,0,2,0
X1,2012,26422,Automatic,82377,Diesel,101,46.8,1.5,11,1,0,0,Diesel,7,0,0,1,0
5 Series,2014,27032,Automatic,92118,Petrol,4,39.3,3.0,9,1,0,0,Petrol,4,0,4,1,0
Z4,2013,4375,Manual,58392,Petrol,196,40.3,2.5,10,0,1,0,Petrol,14,1,4,0,0
7 Series,2010,65510,Automatic,76578,Hybrid,148,46.4,2.5,13,1,0,0,Hybrid,6,0,2,2,0
3 Series,2021,87330,Semi-Auto,27505,Petrol,210,52.6,2.5,2,0,0,1,Petrol,2,2,4,2,1
X3,2012,17185,Automatic,89830,Other,159,33.3,2.5,11,1,0,0,Other,9,0,3,0,0
3 Series,2019,3000,Semi-Auto,138245,Diesel,145,56.0,2.5,4,0,0,1,Diesel,2,2,0,0,1
6 Series,2019,62051,Automatic,85052,Diesel,57,39.4,2.0,4,1,0,0,Diesel,5,0,0,2,1
5 Series,2017,62997,Automatic,7932,Hybrid,239,46.5,2.5,6,1,0,0,Hybrid,4,0,2,2,1
7 Series,2016,20071,Automatic,84445,Diesel,78,24.3,3.0,7,1,0,0,Diesel,6,0,0,0,0
1 Series,2011,25074,Manual,148784,Diesel,151,39.7,1.5,12,0,1,0,Diesel,0,1,0,1,0
5 Series,2010,3000,Automatic,30105,Petrol,4,20.6,2.5,13,1,0,0,Petrol,4,0,4,0,0
2 Series,2012,3000,Automatic,108083,Diesel,180,35.6,1.5,11,1,0,0,Diesel,1,0,0,0,0
X6,2014,42078,Manual,31382,Diesel,200,22.2,2.5,9,0,1,0,Diesel,12,1,0,1,0
3 Series,2019,3000,Automatic,88892,Diesel,132,55.9,1.5,4,1,0,0,Diesel,2,0,0,0,1
3 Series,2020,62041,Automatic,20589,Diesel,121,46.9,2.5,3,1,0,0,Diesel,2,0,0,2,1
X6,2021,11224,Automatic,121829,Petrol,168,51.7,3.5,2,1,0,0,Petrol,12,0,4,0,1
X4,2010,37961,Automatic,90452,Diesel,97,38.7,3.0,13,1,0,0,Diesel,10,0,0,1,0
1 Series,2012,54312,Automatic,135923,Petrol,281,54.1,3.0,11,1,0,0,Petrol,0,0,4,2,0
5 Series,2012,3000,Automatic,139654,Petrol,267,54.9,2.5,11,1,0,0,Petrol,4,0,4,0,0
3 Series,2014,3000,Automatic,137579,Petrol,18,34.3,4.4,9,1,0,0,Petrol,2,0,4,0,0
4 Series,2012,3000,Automatic,138006,Petrol,131,35.1,2.5,11,1,0,0,Petrol,3,0,4,0,0
1 Series,2022,34220,Manual,42971,Diesel,95,40.3,2.0,1,0,1,0,Diesel,0,1,0,1,1
3 Series,2018,50132,Automatic,5659,Petrol,209,21.7,4.4,5,1,0,0,Petrol,2,0,4,2,1
X5,2010,65359,Automatic,5398,Petrol,4,59.8,2.0,13,1,0,0,Petrol,11,0,4,2,0
1 Series,2013,102805,Automatic,7242,Petrol,127,34.4,6.0,10,1,0,0,Petrol,0,0,4,2,0
5 Series,2022,38361,Automatic,142868,Diesel,53,38.8,2.5,1,1,0,0,Diesel,4,0,0,1,1
5 Series,2022,24575,Automatic,131014,Diesel,197,50.2,1.5,1,1,0,0,Diesel,4,0,0,1,1
3 Series,2019,40021,Automatic,52175,Diesel,205,31.9,4.0,4,1,0,0,Diesel,2,0,0,1,1
5 Series,2019,48607,Automatic,14937,Diesel,179,28.1,1.5,4,1,0,0,Diesel,4,0,0,1,1
7 Series,2013,24192,Semi-Auto,13343,Diesel,240,25.1,2.0,10,0,0,1,Diesel,6,2,0,1,0
3 Series,2010,24204,Automatic,57875,Petrol,273,41.1,2.5,13,1,0,0,Petrol,2,0,4,1,0
X1,2011,71213,Automatic,47803,Electric,137,20.2,3.0,12,1,0,0,Electric,7,0,1,2,0
X6,2020,14821,Automatic,60937,Petrol,22,48.4,2.0,3,1,0,0,Petrol,12,0,4,0,1
X5,2010,31864,Automatic,78069,Petrol,119,38.5,3.0,13,1,0,0,Petrol,11,0,4,1,0
3 Series,2015,16558,Manual,16438,Diesel,114,41.3,3.5,8,0,1,0,Diesel,2,1,0,0,0
1 Series,2012,45700,Automatic,80504,Diesel,81,30.5,2.0,11,1,0,0,Diesel,0,0,0,1,0
3 Series,2016,82510,Automatic,18490,Diesel,195,27.1,3.0,7,1,0,0,Diesel,2,0,0,2,1
5 Series,2014,6925,Automatic,142448,Petrol,179,48.0,5.0,9,1,0,0,Petrol,4,0,4,0,0
5 Series,2018,73164,Automatic,67254,Diesel,174,28.4,5.0,5,1,0,0,Diesel,4,0,0,2,1
X3,2016,22496,Automatic,106380,Diesel,197,51.2,2.0,7,1,0,0,Diesel,9,0,0,1,0
1 Series,2013,44777,Automatic,37763,Petrol,25,28.1,3.5,10,1,0,0,Petrol,0,0,4,1,0
1 Series,2014,34921,Automatic,66841,Petrol,98,44.5,3.5,9,1,0,0,Petrol,0,0,4,1,0
5 Series,2014,23767,Automatic,42347,Diesel,232,45.8,4.0,9,1,0,0,Diesel,4,0,0,1,0
X3,2020,32706,Automatic,42684,Petrol,190,40.2,2.5,3,1,0,0,Petrol,9,0,4,1,1
3 Series,2014,35055,Automatic,31711,Petrol,65,59.9,2.0,9,1,0,0,Petrol,2,0,4,1,0
X1,2019,78497,Automatic,15177,Petrol,245,35.0,1.5,4,1,0,0,Petrol,7,0,4,2,1
3 Series,2018,3000,Automatic,126220,Petrol,103,55.3,2.5,5,1,0,0,Petrol,2,0,4,0,1
4 Series,2019,23249,Semi-Auto,32391,Petrol,190,26.8,2.0,4,0,0,1,Petrol,3,2,4,1,1
6 Series,2012,69701,Automatic,16788,Petrol,140,33.5,3.5,11,1,0,0,Petrol,5,0,4,2,0
3 Series,2015,21890,Semi-Auto,52055,Petrol,178,25.8,2.0,8,0,0,1,Petrol,2,2,4,1,0
3 Series,2017,64426,Automatic,115187,Hybrid,260,44.1,3.5,6,1,0,0,Hybrid,2,0,2,2,1
5 Series,2020,16980,Manual,119071,Petrol,174,45.5,2.0,3,0,1,0,Petrol,4,1,4,0,1
3 Series,2018,37903,Automatic,131101,Diesel,163,38.1,2.5,5,1,0,0,Diesel,2,0,0,1,1
X3,2022,68800,Automatic,87462,Electric,18,48.8,2.5,1,1,0,0,Electric,9,0,1,2,1
X6,2016,44870,Manual,14376,Diesel,19,54.7,3.0,7,0,1,0,Diesel,12,1,0,1,1
X3,2021,28747,Manual,48606,Petrol,286,51.1,2.5,2,0,1,0,Petrol,9,1,4,1,1
X6,2012,57864,Automatic,79393,Petrol,238,29.7,3.0,11,1,0,0,Petrol,12,0,4,2,0
5 Series,2010,3000,Automatic,63996,Diesel,43,32.8,1.5,13,1,0,0,Diesel,4,0,0,0,0
3 Series,2013,55354,Automatic,2283,Hybrid,195,35.2,2.0,10,1,0,0,Hybrid,2,0,2,2,0
X5,2022,30106,Semi-Auto,81456,Petrol,194,28.2,2.5,1,0,0,1,Petrol,11,2,4,1,1
5 Series,2015,30978,Automatic,66783,Petrol,48,34.4,2.0,8,1,0,0,Petrol,4,0,4,1,0
X3,2012,3000,Automatic,97382,Diesel,58,29.5,1.5,11,1,0,0,Diesel,9,0,0,0,0
3 Series,2010,49690,Manual,73178,Diesel,131,59.8,2.0,13,0,1,0,Diesel,2,1,0,2,0
1 Series,2015,49000,Manual,18365,Diesel,166,51.3,3.5,8,0,1,0,Diesel,0,1,0,1,0
i8,2010,3000,Automatic,113255,Diesel,134,54.4,2.5,13,1,0,0,Diesel,16,0,0,0,0
3 Series,2018,18822,Automatic,117829,Petrol,88,56.9,2.0,5,1,0,0,Petrol,2,0,4,0,1
i3,2020,42295,Semi-Auto,127267,Diesel,270,46.6,1.5,3,0,0,1,Diesel,15,2,0,1,1
Z4,2021,10472,Automatic,77387,Diesel,262,27.0,2.5,2,1,0,0,Diesel,14,0,0,0,1
X6,2010,3506,Manual,80942,Diesel,115,50.3,2.5,13,0,1,0,Diesel,12,1,0,0,0
X3,2022,11508,Automatic,147000,Diesel,195,20.6,3.0,1,1,0,0,Diesel,9,0,0,0,1
X1,2015,3000,Automatic,148904,Diesel,107,24.5,4.4,8,1,0,0,Diesel,7,0,0,0,0
4 Series,2010,49547,Automatic,139606,Petrol,46,21.2,2.5,13,1,0,0,Petrol,3,0,4,2,0
3 Series,2021,3000,Automatic,133907,Diesel,240,25.4,3.0,2,1,0,0,Diesel,2,0,0,0,1
5 Series,2016,34076,Manual,71251,Diesel,229,50.1,3.0,7,0,1,0,Diesel,4,1,0,1,1
X1,2012,43771,Automatic,55780,Diesel,244,55.4,2.5,11,1,0,0,Diesel,7,0,0,1,0
5 Series,2015,63436,Automatic,67412,Petrol,249,31.2,1.5,8,1,0,0,Petrol,4,0,4,2,0
5 Series,2016,3000,Automatic,141397,Diesel,76,24.8,2.5,7,1,0,0,Diesel,4,0,0,0,0
3 Series,2010,3000,Automatic,99975,Diesel,61,30.9,2.5,13,1,0,0,Diesel,2,0,0,0,0
X1,2010,17856,Automatic,130788,Diesel,58,45.9,3.0,13,1,0,0,Diesel,7,0,0,0,0
2 Series,2022,42606,Automatic,61662,Diesel,237,34.0,2.0,1,1,0,0,Diesel,1,0,0,1,1
3 Series,2014,3000,Automatic,99664,Petrol,188,58.4,3.0,9,1,0,0,Petrol,2,0,4,0,0
X4,2015,49735,Manual,81249,Petrol,55,25.2,3.5,8,0,1,0,Petrol,10,1,4,2,0
X3,2018,9051,Manual,57525,Diesel,77,59.6,2.5,5,0,1,0,Diesel,9,1,0,0,1
X6,2010,42688,Automatic,142656,Electric,221,20.5,2.0,13,1,0,0,Electric,12,0,1,1,0
X1,2022,59935,Automatic,135973,Petrol,46,38.1,3.0,1,1,0,0,Petrol,7,0,4,2,1
X5,2013,53180,Automatic,114094,Petrol,137,30.1,5.0,10,1,0,0,Petrol,11,0,4,2,0
1 Series,2019,72746,Automatic,57203,Hybrid,23,42.7,3.0,4,1,0,0,Hybrid,0,0,2,2,1
X6,2017,3000,Manual,88597,Diesel,28,23.9,2.0,6,0,1,0,Diesel,12,1,0,0,1
1 Series,2019,66416,Automatic,3090,Diesel,134,55.0,2.5,4,1,0,0,Diesel,0,0,0,2,1
4 Series,2018,45212,Automatic,23454,Petrol,280,25.5,4.4,5,1,0,0,Petrol,3,0,4,1,1
i8,2022,83194,Automatic,56084,Diesel,291,43.5,3.0,1,1,0,0,Diesel,16,0,0,2,1
3 Series,2012,59480,Automatic,98103,Diesel,188,21.3,2.0,11,1,0,0,Diesel,2,0,0,2,0
3 Series,2020,21349,Automatic,105560,Diesel,70,32.4,3.0,3,1,0,0,Diesel,2,0,0,0,1
X5,2011,3000,Automatic,146213,Petrol,205,26.0,2.5,12,1,0,0,Petrol,11,0,4,0,0
3 Series,2013,40642,Automatic,13746,Diesel,241,59.1,2.5,10,1,0,0,Diesel,2,0,0,1,0
4 Series,2011,84785,Semi-Auto,4347,Petrol,183,20.5,2.5,12,0,0,1,Petrol,3,2,4,2,0
1 Series,2010,33341,Manual,141433,Petrol,127,34.1,3.0,13,0,1,0,Petrol,0,1,4,1,0
1 Series,2021,17183,Manual,112972,Diesel,229,32.1,2.0,2,0,1,0,Diesel,0,1,0,0,1
Z4,2012,38584,Semi-Auto,5101,Petrol,40,46.3,2.5,11,0,0,1,Petrol,14,2,4,1,0
X3,2016,16093,Automatic,106811,Petrol,280,22.3,3.0,7,1,0,0,Petrol,9,0,4,0,0
2 Series,2022,50893,Manual,49095,Petrol,161,52.4,3.0,1,0,1,0,Petrol,1,1,4,2,1
3 Series,2022,33266,Automatic,102483,Diesel,157,38.7,2.0,1,1,0,0,Diesel,2,0,0,1,1
X3,2010,28420,Automatic,121902,Petrol,20,38.1,2.5,13,1,0,0,Petrol,9,0,4,1,0
X1,2011,12399,Manual,18747,Diesel,9,29.1,1.5,12,0,1,0,Diesel,7,1,0,0,0
X1,2010,23031,Automatic,147081,Diesel,86,39.6,2.5,13,1,0,0,Diesel,7,0,0,1,0
X3,2017,38075,Semi-Auto,90187,Diesel,32,34.6,2.0,6,0,0,1,Diesel,9,2,0,1,1
X1,2014,7107,Automatic,133128,Diesel,202,29.8,1.5,9,1,0,0,Diesel,7,0,0,0,0
5 Series,2017,25871,Manual,31375,Diesel,3,26.7,2.5,6,0,1,0,Diesel,4,1,0,1,1
3 Series,2012,3000,Automatic,142148,Petrol,22,49.1,4.4,11,1,0,0,Petrol,2,0,4,0,0
X5,2022,31066,Automatic,117612,Petrol,196,25.7,4.4,1,1,0,0,Petrol,11,0,4,1,1
3 Series,2021,65650,Automatic,111541,Diesel,273,26.7,2.5,2,1,0,0,Diesel,2,0,0,2,1
X3,2016,22812,Manual,41664,Other,272,43.1,2.5,7,0,1,0,Other,9,1,3,1,0
3 Series,2017,10352,Automatic,39779,Petrol,106,29.0,2.0,6,1,0,0,Petrol,2,0,4,0,1
X1,2015,25849,Automatic,60312,Diesel,199,38.4,1.5,8,1,0,0,Diesel,7,0,0,1,0
X5,2022,96702,Automatic,12414,Hybrid,214,42.1,3.0,1,1,0,0,Hybrid,11,0,2,2,1
3 Series,2022,60904,Automatic,147948,Diesel,1,31.0,3.5,1,1,0,0,Diesel,2,0,0,2,1
1 Series,2016,35080,Automatic,124938,Petrol,120,33.7,4.0,7,1,0,0,Petrol,0,0,4,1,0
1 Series,2021,83232,Automatic,10198,Diesel,102,28.4,4.4,2,1,0,0,Diesel,0,0,0,2,1
X1,2011,3000,Manual,94302,Petrol,148,38.4,4.4,12,0,1,0,Petrol,7,1,4,0,0
2 Series,2017,21723,Automatic,100524,Diesel,151,59.7,1.5,6,1,0,0,Diesel,1,0,0,1,1
1 Series,2014,34705,Automatic,104170,Petrol,52,34.5,5.0,9,1,0,0,Petrol,0,0,4,1,0
X5,2016,52103,Automatic,124393,Diesel,165,46.1,2.5,7,1,0,0,Diesel,11,0,0,2,1
3 Series,2010,3000,Automatic,117305,Hybrid,166,45.4,4.0,13,1,0,0,Hybrid,2,0,2,0,0
5 Series,2014,61764,Automatic,121759,Electric,294,51.5,2.5,9,1,0,0,Electric,4,0,1,2,0
X2,2010,14754,Manual,71148,Diesel,70,48.5,2.5,13,0,1,0,Diesel,8,1,0,0,0
3 Series,2021,3000,Automatic,109169,Petrol,127,20.5,1.5,2,1,0,0,Petrol,2,0,4,0,1
5 Series,2022,25052,Automatic,32528,Petrol,32,32.4,1.5,1,1,0,0,Petrol,4,0,4,1,1
1 Series,2017,27652,Automatic,142355,Diesel,156,54.8,3.0,6,1,0,0,Diesel,0,0,0,1,1
1 Series,2013,20224,Automatic,137025,Diesel,265,41.6,4.4,10,1,0,0,Diesel,0,0,0,0,0
3 Series,2013,13984,Automatic,126728,Petrol,203,24.2,2.0,10,1,0,0,Petrol,2,0,4,0,0
1 Series,2011,31300,Automatic,87234,Petrol,194,31.0,1.5,12,1,0,0,Petrol,0,0,4,1,0
X1,2014,27239,Manual,60121,Hybrid,108,31.3,2.0,9,0,1,0,Hybrid,7,1,2,1,0
5 Series,2010,7135,Automatic,23016,Diesel,158,54.9,2.0,13,1,0,0,Diesel,4,0,0,0,0
7 Series,2018,43656,Automatic,145320,Petrol,282,42.1,2.0,5,1,0,0,Petrol,6,0,4,1,1
3 Series,2014,16305,Automatic,121184,Petrol,26,44.3,1.5,9,1,0,0,Petrol,2,0,4,0,0
3 Series,2015,3481,Automatic,149348,Diesel,226,34.7,2.0,8,1,0,0,Diesel,2,0,0,0,0
X3,2011,3000,Semi-Auto,97544,Diesel,251,22.4,4.4,12,0,0,1,Diesel,9,2,0,0,0
X7,2019,6580,Automatic,149427,Diesel,264,23.0,4.0,4,1,0,0,Diesel,13,0,0,0,1
1 Series,2019,78215,Semi-Auto,59451,Electric,261,36.8,2.5,4,0,0,1,Electric,0,2,1,2,1
6 Series,2010,85525,Automatic,22529,Diesel,133,27.1,6.0,13,1,0,0,Diesel,5,0,0,2,0
X1,2013,3000,Automatic,121542,Electric,25,24.2,2.0,10,1,0,0,Electric,7,0,1,0,0
X1,2016,50575,Automatic,21096,Diesel,42,30.5,3.0,7,1,0,0,Diesel,7,0,0,2,1
7 Series,2015,4141,Automatic,96653,Diesel,18,49.7,3.0,8,1,0,0,Diesel,6,0,0,0,0
1 Series,2019,76270,Automatic,4417,Diesel,15,22.9,1.5,4,1,0,0,Diesel,0,0,0,2,1
1 Series,2010,37041,Automatic,72981,Petrol,104,37.9,2.5,13,1,0,0,Petrol,0,0,4,1,0
X1,2010,3000,Automatic,71953,Petrol,278,53.0,5.0,13,1,0,0,Petrol,7,0,4,0,0
3 Series,2017,53490,Automatic,16494,Diesel,202,30.7,1.5,6,1,0,0,Diesel,2,0,0,2,1
X2,2013,57417,Automatic,112670,Petrol,207,32.1,2.0,10,1,0,0,Petrol,8,0,4,2,0
5 Series,2014,15527,Automatic,119839,Diesel,165,55.4,5.0,9,1,0,0,Diesel,4,0,0,0,0
1 Series,2022,3635,Manual,145374,Diesel,58,46.0,1.5,1,0,1,0,Diesel,0,1,0,0,1
X3,2016,16743,Automatic,56669,Diesel,47,51.9,2.5,7,1,0,0,Diesel,9,0,0,0,0
3 Series,2017,57684,Manual,59263,Petrol,147,31.6,4.4,6,0,1,0,Petrol,2,1,4,2,1
7 Series,2019,30707,Automatic,41274,Diesel,276,59.9,4.4,4,1,0,0,Diesel,6,0,0,1,1
X3,2016,55775,Automatic,120240,Diesel,177,25.6,5.0,7,1,0,0,Diesel,9,0,0,2,1
6 Series,2011,3118,Automatic,39441,Petrol,288,58.5,2.5,12,1,0,0,Petrol,5,0,4,0,0
X6,2013,64821,Automatic,64327,Hybrid,113,56.1,1.5,10,1,0,0,Hybrid,12,0,2,2,0
X3,2019,6770,Automatic,101461,Diesel,295,42.1,3.5,4,1,0,0,Diesel,9,0,0,0,1
X3,2021,72345,Automatic,100099,Other,217,43.4,3.0,2,1,0,0,Other,9,0,3,2,1
X4,2010,36220,Automatic,77925,Petrol,265,51.0,3.0,13,1,0,0,Petrol,10,0,4,1,0
3 Series,2019,89314,Automatic,52035,Petrol,161,32.3,4.0,4,1,0,0,Petrol,2,0,4,2,1
1 Series,2018,3000,Manual,110863,Diesel,35,41.1,4.4,5,0,1,0,Diesel,0,1,0,0,1
3 Series,2012,65000,Automatic,14490,Diesel,74,56.1,3.0,11,1,0,0,Diesel,2,0,0,2,0
3 Series,2021,30351,Automatic,7044,Petrol,134,22.7,2.0,2,1,0,0,Petrol,2,0,4,1,1
X3,2012,86259,Automatic,28509,Other,271,56.2,1.5,11,1,0,0,Other,9,0,3,2,0
X1,2019,30842,Manual,28844,Diesel,178,49.2,2.5,4,0,1,0,Diesel,7,1,0,1,1
X1,2018,37247,Automatic,63212,Diesel,158,50.8,2.0,5,1,0,0,Diesel,7,0,0,1,1
1 Series,2019,10187,Automatic,133278,Diesel,242,22.6,2.0,4,1,0,0,Diesel,0,0,0,0,1
X3,2012,10462,Semi-Auto,115587,Petrol,203,27.5,3.0,11,0,0,1,Petrol,9,2,4,0,0
3 Series,2017,59713,Manual,79632,Other,282,57.0,3.0,6,0,1,0,Other,2,1,3,2,1
X3,2011,59395,Automatic,53232,Diesel,277,25.0,3.0,12,1,0,0,Diesel,9,0,0,2,0
X1,2022,103235,Automatic,36228,Petrol,142,45.2,2.0,1,1,0,0,Petrol,7,0,4,2,1
3 Series,2012,59574,Manual,86925,Petrol,7,51.3,2.5,11,0,1,0,Petrol,2,1,4,2,0
1 Series,2011,10646,Manual,38693,Diesel,115,29.3,2.0,12,0,1,0,Diesel,0,1,0,0,0
1 Series,2010,17826,Automatic,85533,Petrol,271,48.0,3.0,13,1,0,0,Petrol,0,0,4,0,0
2 Series,2011,3000,Automatic,101019,Hybrid,175,22.6,3.0,12,1,0,0,Hybrid,1,0,2,0,0
X2,2017,73707,Automatic,88165,Other,213,40.0,2.5,6,1,0,0,Other,8,0,3,2,1
X1,2018,26013,Automatic,35337,Diesel,214,33.4,2.0,5,1,0,0,Diesel,7,0,0,1,1
1 Series,2022,84353,Automatic,18060,Diesel,56,45.8,2.0,1,1,0,0,Diesel,0,0,0,2,1
5 Series,2011,69410,Automatic,49993,Diesel,228,55.6,4.0,12,1,0,0,Diesel,4,0,0,2,0
X3,2016,30484,Semi-Auto,80459,Petrol,299,25.0,1.5,7,0,0,1,Petrol,9,2,4,1,0
X5,2014,20297,Manual,108606,Diesel,36,38.0,3.0,9,0,1,0,Diesel,11,1,0,0,0
1 Series,2012,13429,Automatic,116600,Petrol,283,36.9,1.5,11,1,0,0,Petrol,0,0,4,0,0
1 Series,2018,50507,Automatic,6322,Diesel,223,33.0,2.0,5,1,0,0,Diesel,0,0,0,2,1
X3,2015,9707,Automatic,39438,Petrol,200,39.2,2.0,8,1,0,0,Petrol,9,0,4,0,0
5 Series,2020,33172,Automatic,80369,Petrol,99,55.2,4.0,3,1,0,0,Petrol,4,0,4,1,1
3 Series,2010,21940,Automatic,19134,Petrol,281,58.9,2.0,13,1,0,0,Petrol,2,0,4,1,0
1 Series,2014,19411,Automatic,8575,Diesel,74,20.1,4.4,9,1,0,0,Diesel,0,0,0,0,0
7 Series,2016,43695,Automatic,77899,Diesel,211,49.6,3.5,7,1,0,0,Diesel,6,0,0,1,1
2 Series,2013,68186,Automatic,89307,Petrol,190,44.6,3.0,10,1,0,0,Petrol,1,0,4,2,0
X7,2017,11188,Manual,95265,Diesel,62,59.8,2.5,6,0,1,0,Diesel,13,1,0,0,1
X1,2019,35851,Automatic,20812,Petrol,111,23.6,4.4,4,1,0,0,Petrol,7,0,4,1,1
7 Series,2014,19158,Automatic,45522,Diesel,142,52.5,2.5,9,1,0,0,Diesel,6,0,0,0,0
1 Series,2018,46519,Manual,89383,Diesel,98,57.4,2.5,5,0,1,0,Diesel,0,1,0,1,1
7 Series,2018,57625,Automatic,25932,Petrol,264,56.5,3.0,5,1,0,0,Petrol,6,0,4,2,1
5 Series,2018,59441,Automatic,49966,Petrol,224,42.4,2.0,5,1,0,0,Petrol,4,0,4,2,1
X1,2010,63581,Automatic,46580,Other,74,33.1,2.0,13,1,0,0,Other,7,0,3,2,0
5 Series,2011,3000,Semi-Auto,109113,Diesel,277,45.6,4.4,12,0,0,1,Diesel,4,2,0,0,0
3 Series,2012,83775,Automatic,27199,Petrol,197,32.2,3.5,11,1,0,0,Petrol,2,0,4,2,0
1 Series,2013,3000,Automatic,104528,Diesel,183,36.5,2.5,10,1,0,0,Diesel,0,0,0,0,0
3 Series,2019,6485,Automatic,145909,Petrol,292,37.8,2.5,4,1,0,0,Petrol,2,0,4,0,1
1 Series,2018,30321,Automatic,13688,Petrol,56,32.1,3.5,5,1,0,0,Petrol,0,0,4,1,1
3 Series,2019,24053,Automatic,141859,Diesel,248,33.7,3.0,4,1,0,0,Diesel,2,0,0,1,1
i3,2022,22053,Automatic,91640,Petrol,113,20.3,2.5,1,1,0,0,Petrol,15,0,4,1,1
5 Series,2015,17983,Semi-Auto,61539,Diesel,139,31.9,2.5,8,0,0,1,Diesel,4,2,0,0,0
7 Series,2010,7330,Semi-Auto,132135,Diesel,40,38.9,2.0,13,0,0,1,Diesel,6,2,0,0,0
4 Series,2021,75118,Automatic,78688,Petrol,152,26.9,2.0,2,1,0,0,Petrol,3,0,4,2,1
i8,2018,67566,Automatic,85732,Diesel,231,52.2,6.0,5,1,0,0,Diesel,16,0,0,2,1
X1,2015,46131,Automatic,147031,Petrol,104,41.5,5.0,8,1,0,0,Petrol,7,0,4,1,0
X6,2013,3000,Manual,148128,Diesel,105,51.8,2.5,10,0,1,0,Diesel,12,1,0,0,0
3 Series,2013,19297,Automatic,4135,Diesel,299,25.1,2.5,10,1,0,0,Diesel,2,0,0,0,0
3 Series,2012,27759,Automatic,18564,Electric,129,52.8,3.5,11,1,0,0,Electric,2,0,1,1,0
5 Series,2016,59322,Manual,64258,Petrol,160,58.3,3.0,7,0,1,0,Petrol,4,1,4,2,1
X3,2012,3000,Manual,104813,Petrol,256,34.1,1.5,11,0,1,0,Petrol,9,1,4,0,0
X3,2011,65229,Automatic,28462,Diesel,228,31.4,2.5,12,1,0,0,Diesel,9,0,0,2,0
3 Series,2019,70623,Semi-Auto,57682,Petrol,181,45.9,2.0,4,0,0,1,Petrol,2,2,4,2,1
1 Series,2017,33645,Semi-Auto,3728,Diesel,13,45.4,6.0,6,0,0,1,Diesel,0,2,0,1,1
X1,2013,11203,Automatic,139703,Petrol,99,24.5,3.0,10,1,0,0,Petrol,7,0,4,0,0
1 Series,2017,3000,Automatic,142956,Diesel,224,57.1,1.5,6,1,0,0,Diesel,0,0,0,0,1
X1,2010,73508,Semi-Auto,25974,Petrol,230,39.2,4.4,13,0,0,1,Petrol,7,2,4,2,0
X3,2014,18141,Automatic,116092,Diesel,52,50.6,4.4,9,1,0,0,Diesel,9,0,0,0,0
X3,2022,67595,Automatic,102177,Diesel,5,34.4,2.5,1,1,0,0,Diesel,9,0,0,2,1
X5,2018,3000,Automatic,114795,Petrol,89,30.5,3.0,5,1,0,0,Petrol,11,0,4,0,1
4 Series,2010,3000,Manual,85614,Diesel,63,24.5,3.0,13,0,1,0,Diesel,3,1,0,0,0
5 Series,2020,3000,Manual,142346,Petrol,87,31.0,3.0,3,0,1,0,Petrol,4,1,4,0,1
X5,2022,39501,Automatic,62816,Petrol,32,59.7,3.0,1,1,0,0,Petrol,11,0,4,1,1
X1,2013,65662,Semi-Auto,49526,Petrol,71,46.3,3.0,10,0,0,1,Petrol,7,2,4,2,0
3 Series,2015,47718,Manual,54467,Diesel,43,52.1,5.0,8,0,1,0,Diesel,2,1,0,1,0
1 Series,2019,9598,Manual,117609,Diesel,252,58.3,2.5,4,0,1,0,Diesel,0,1,0,0,1
3 Series,2017,6212,Automatic,125420,Petrol,106,23.2,2.0,6,1,0,0,Petrol,2,0,4,0,1
5 Series,2012,18713,Automatic,80430,Electric,289,26.6,1.5,11,1,0,0,Electric,4,0,1,0,0
X1,2014,11456,Automatic,27965,Petrol,1,57.1,1.5,9,1,0,0,Petrol,7,0,4,0,0
2 Series,2016,3000,Automatic,60807,Hybrid,135,42.6,2.5,7,1,0,0,Hybrid,1,0,2,0,0
3 Series,2010,3827,Automatic,53520,Petrol,116,45.4,2.0,13,1,0,0,Petrol,2,0,4,0,0
1 Series,2016,3000,Manual,131030,Diesel,120,37.1,4.0,7,0,1,0,Diesel,0,1,0,0,0
X7,2022,22204,Automatic,99983,Diesel,287,52.6,4.0,1,1,0,0,Diesel,13,0,0,1,1
1 Series,2021,43087,Manual,123194,Diesel,93,40.7,3.5,2,0,1,0,Diesel,0,1,0,1,1
5 Series,2020,50720,Automatic,83667,Electric,6,53.0,4.0,3,1,0,0,Electric,4,0,1,2,1
X1,2017,3000,Automatic,149777,Diesel,87,59.7,2.0,6,1,0,0,Diesel,7,0,0,0,1
7 Series,2017,3000,Automatic,130335,Diesel,181,45.9,2.5,6,1,0,0,Diesel,6,0,0,0,1
1 Series,2018,67011,Automatic,46110,Diesel,190,41.2,2.5,5,1,0,0,Diesel,0,0,0,2,1
1 Series,2015,35292,Automatic,132032,Diesel,207,34.6,1.5,8,1,0,0,Diesel,0,0,0,1,0
1 Series,2021,61931,Manual,5789,Petrol,290,27.8,4.4,2,0,1,0,Petrol,0,1,4,2,1
X1,2015,80758,Automatic,1533,Hybrid,277,46.3,3.0,8,1,0,0,Hybrid,7,0,2,2,1
7 Series,2011,3760,Automatic,51970,Diesel,51,22.5,2.0,12,1,0,0,Diesel,6,0,0,0,0
3 Series,2012,9373,Automatic,29776,Petrol,266,58.3,2.0,11,1,0,0,Petrol,2,0,4,0,0
X1,2013,44911,Automatic,19725,Diesel,243,45.9,2.5,10,1,0,0,Diesel,7,0,0,1,0
X6,2013,14243,Automatic,65367,Diesel,181,58.4,1.5,10,1,0,0,Diesel,12,0,0,0,0
1 Series,2017,70239,Automatic,73230,Diesel,210,30.9,2.0,6,1,0,0,Diesel,0,0,0,2,1
5 Series,2010,60423,Automatic,71542,Diesel,197,57.9,3.0,13,1,0,0,Diesel,4,0,0,2,0
X3,2019,3000,Manual,93534,Petrol,269,44.5,4.4,4,0,1,0,Petrol,9,1,4,0,1
3 Series,2013,4463,Automatic,103849,Diesel,32,52.4,4.4,10,1,0,0,Diesel,2,0,0,0,0
3 Series,2020,54339,Manual,96623,Hybrid,101,27.2,2.5,3,0,1,0,Hybrid,2,1,2,2,1
X1,2021,6921,Automatic,104211,Petrol,281,40.0,2.5,2,1,0,0,Petrol,7,0,4,0,1
6 Series,2022,64940,Semi-Auto,5485,Diesel,236,42.8,4.4,1,0,0,1,Diesel,5,2,0,2,1
X6,2020,35294,Automatic,67771,Petrol,215,35.7,3.5,3,1,0,0,Petrol,12,0,4,1,1
X1,2020,12721,Automatic,98519,Petrol,126,30.1,3.0,3,1,0,0,Petrol,7,0,4,0,1
X5,2013,13911,Automatic,67681,Diesel,93,56.2,3.5,10,1,0,0,Diesel,11,0,0,0,0
5 Series,2010,19284,Semi-Auto,2475,Petrol,73,23.4,2.5,13,0,0,1,Petrol,4,2,4,0,0
X1,2012,3000,Automatic,127803,Diesel,127,26.2,2.0,11,1,0,0,Diesel,7,0,0,0,0
5 Series,2014,7663,Automatic,53073,Diesel,73,32.8,4.4,9,1,0,0,Diesel,4,0,0,0,0
3 Series,2015,67328,Automatic,11047,Petrol,255,56.8,2.5,8,1,0,0,Petrol,2,0,4,2,0
X3,2018,53847,Automatic,127104,Diesel,101,42.6,3.0,5,1,0,0,Diesel,9,0,0,2,1
X1,2018,35878,Automatic,96957,Hybrid,46,34.9,2.5,5,1,0,0,Hybrid,7,0,2,1,1
5 Series,2018,25513,Automatic,94491,Petrol,164,36.1,2.0,5,1,0,0,Petrol,4,0,4,1,1
X2,2020,16287,Automatic,88599,Diesel,255,53.5,2.0,3,1,0,0,Diesel,8,0,0,0,1
1 Series,2010,3000,Automatic,49444,Hybrid,282,21.1,1.5,13,1,0,0,Hybrid,0,0,2,0,0
3 Series,2021,65098,Automatic,87858,Hybrid,247,20.5,1.5,2,1,0,0,Hybrid,2,0,2,2,1
1 Series,2018,3937,Automatic,112897,Diesel,203,21.8,2.0,5,1,0,0,Diesel,0,0,0,0,1
X5,2022,24253,Automatic,104351,Petrol,85,38.8,3.0,1,1,0,0,Petrol,11,0,4,1,1
X3,2017,33538,Semi-Auto,58895,Petrol,163,43.2,6.0,6,0,0,1,Petrol,9,2,4,1,1
3 Series,2011,42625,Automatic,109500,Petrol,56,45.0,3.5,12,1,0,0,Petrol,2,0,4,1,0
X3,2022,14121,Manual,63559,Diesel,205,49.2,1.5,1,0,1,0,Diesel,9,1,0,0,1
5 Series,2020,97038,Automatic,32092,Petrol,147,27.6,3.5,3,1,0,0,Petrol,4,0,4,2,1
X5,2010,12645,Semi-Auto,30768,Diesel,278,30.5,2.5,13,0,0,1,Diesel,11,2,0,0,0
5 Series,2010,34017,Automatic,35604,Diesel,289,29.7,3.0,13,1,0,0,Diesel,4,0,0,1,0
5 Series,2021,19807,Automatic,88824,Petrol,20,26.0,2.0,2,1,0,0,Petrol,4,0,4,0,1
X4,2015,26238,Automatic,47760,Petrol,136,29.8,2.5,8,1,0,0,Petrol,10,0,4,1,0
3 Series,2018,41968,Manual,7476,Diesel,9,44.5,4.0,5,0,1,0,Diesel,2,1,0,1,1
1 Series,2016,3000,Automatic,130416,Petrol,44,34.7,2.5,7,1,0,0,Petrol,0,0,4,0,0
X1,2014,55937,Automatic,99138,Diesel,248,50.7,2.0,9,1,0,0,Diesel,7,0,0,2,0
X7,2020,16908,Automatic,108620,Hybrid,29,41.5,2.5,3,1,0,0,Hybrid,13,0,2,0,1
5 Series,2011,3000,Automatic,117070,Electric,224,28.5,2.0,12,1,0,0,Electric,4,0,1,0,0
1 Series,2010,56817,Automatic,76498,Diesel,176,38.7,3.0,13,1,0,0,Diesel,0,0,0,2,0
3 Series,2011,58205,Automatic,29439,Diesel,95,43.7,4.4,12,1,0,0,Diesel,2,0,0,2,0
7 Series,2010,40356,Automatic,4400,Diesel,16,54.6,3.0,13,1,0,0,Diesel,6,0,0,1,0
3 Series,2012,3000,Automatic,90976,Diesel,27,53.3,3.5,11,1,0,0,Diesel,2,0,0,0,0
X3,2015,3000,Manual,130418,Diesel,125,37.1,3.5,8,0,1,0,Diesel,9,1,0,0,0
i8,2022,46920,Automatic,25610,Petrol,272,45.9,1.5,1,1,0,0,Petrol,16,0,4,1,1
5 Series,2017,34903,Automatic,52356,Petrol,186,31.9,2.0,6,1,0,0,Petrol,4,0,4,1,1
5 Series,2012,44972,Manual,20728,Diesel,141,45.3,2.5,11,0,1,0,Diesel,4,1,0,1,0
5 Series,2019,3000,Automatic,118702,Electric,137,56.5,2.0,4,1,0,0,Electric,4,0,1,0,1
1 Series,2018,48868,Automatic,30067,Diesel,228,45.0,3.0,5,1,0,0,Diesel,0,0,0,1,1
4 Series,2019,47427,Manual,46262,Diesel,213,32.2,1.5,4,0,1,0,Diesel,3,1,0,1,1
5 Series,2014,65840,Automatic,2628,Diesel,273,45.8,2.5,9,1,0,0,Diesel,4,0,0,2,0
5 Series,2016,19929,Automatic,106068,Diesel,290,56.1,2.5,7,1,0,0,Diesel,4,0,0,0,0
X3,2017,64752,Semi-Auto,76057,Diesel,57,25.5,2.5,6,0,0,1,Diesel,9,2,0,2,1
5 Series,2012,3000,Semi-Auto,105049,Hybrid,17,39.3,3.0,11,0,0,1,Hybrid,4,2,2,0,0
X1,2011,42245,Automatic,60853,Diesel,179,32.8,4.4,12,1,0,0,Diesel,7,0,0,1,0
1 Series,2011,59961,Automatic,35058,Petrol,157,29.7,2.0,12,1,0,0,Petrol,0,0,4,2,0
X6,2014,29416,Automatic,57162,Diesel,255,35.8,3.0,9,1,0,0,Diesel,12,0,0,1,0
X4,2010,23038,Automatic,95416,Petrol,36,35.8,1.5,13,1,0,0,Petrol,10,0,4,1,0
X1,2011,58701,Automatic,39891,Diesel,295,28.4,1.5,12,1,0,0,Diesel,7,0,0,2,0
X7,2022,59525,Automatic,137002,Diesel,261,36.1,1.5,1,1,0,0,Diesel,13,0,0,2,1
3 Series,2018,58375,Semi-Auto,51107,Diesel,78,45.3,2.5,5,0,0,1,Diesel,2,2,0,2,1
5 Series,2016,68621,Manual,62953,Petrol,153,21.0,3.0,7,0,1,0,Petrol,4,1,4,2,1
X1,2015,19123,Automatic,109433,Petrol,157,59.6,1.5,8,1,0,0,Petrol,7,0,4,0,0
X1,2018,69045,Automatic,50108,Petrol,74,31.8,2.5,5,1,0,0,Petrol,7,0,4,2,1
5 Series,2016,54353,Automatic,33574,Diesel,54,44.9,1.5,7,1,0,0,Diesel,4,0,0,2,1
3 Series,2020,39843,Automatic,106287,Petrol,205,31.3,3.0,3,1,0,0,Petrol,2,0,4,1,1
1 Series,2014,44508,Automatic,141929,Diesel,214,35.7,3.0,9,1,0,0,Diesel,0,0,0,1,0
5 Series,2018,55312,Manual,101434,Other,8,42.0,3.5,5,0,1,0,Other,4,1,3,2,1
3 Series,2015,62836,Automatic,24593,Petrol,105,44.5,2.5,8,1,0,0,Petrol,2,0,4,2,0
X5,2015,3993,Manual,89219,Diesel,244,50.8,3.0,8,0,1,0,Diesel,11,1,0,0,0
3 Series,2020,44031,Automatic,103044,Diesel,102,51.7,2.0,3,1,0,0,Diesel,2,0,0,1,1
1 Series,2013,51745,Automatic,59986,Diesel,274,40.7,1.5,10,1,0,0,Diesel,0,0,0,2,0
X1,2022,3000,Automatic,137379,Hybrid,32,23.0,3.0,1,1,0,0,Hybrid,7,0,2,0,1
X1,2021,94877,Automatic,13904,Diesel,107,42.3,3.0,2,1,0,0,Diesel,7,0,0,2,1
4 Series,2010,3000,Semi-Auto,106071,Diesel,268,39.1,4.4,13,0,0,1,Diesel,3,2,0,0,0
X1,2014,3000,Manual,95714,Diesel,72,28.6,6.0,9,0,1,0,Diesel,7,1,0,0,0
3 Series,2020,16649,Automatic,145654,Petrol,180,20.4,3.5,3,1,0,0,Petrol,2,0,4,0,1
X6,2018,42802,Automatic,58965,Petrol,267,32.6,6.0,5,1,0,0,Petrol,12,0,4,1,1
7 Series,2022,48787,Automatic,102448,Petrol,151,30.4,3.0,1,1,0,0,Petrol,6,0,4,1,1
1 Series,2017,3000,Semi-Auto,140097,Petrol,67,39.3,1.5,6,0,0,1,Petrol,0,2,4,0,1
X1,2017,42407,Manual,85724,Diesel,196,50.5,1.5,6,0,1,0,Diesel,7,1,0,1,1
6 Series,2014,85962,Automatic,8604,Electric,294,37.6,3.5,9,1,0,0,Electric,5,0,1,2,0
5 Series,2021,88011,Automatic,8871,Diesel,31,58.1,2.0,2,1,0,0,Diesel,4,0,0,2,1
3 Series,2018,70203,Automatic,103318,Petrol,107,28.9,1.5,5,1,0,0,Petrol,2,0,4,2,1
1 Series,2012,46609,Automatic,77981,Petrol,78,28.8,2.5,11,1,0,0,Petrol,0,0,4,1,0
3 Series,2012,19219,Automatic,77574,Diesel,258,44.2,2.5,11,1,0,0,Diesel,2,0,0,0,0
5 Series,2010,3000,Automatic,112376,Petrol,174,55.9,3.0,13,1,0,0,Petrol,4,0,4,0,0
X1,2018,49207,Semi-Auto,112358,Diesel,14,46.9,3.0,5,0,0,1,Diesel,7,2,0,1,1
1 Series,2015,53971,Automatic,135577,Diesel,50,46.9,3.0,8,1,0,0,Diesel,0,0,0,2,0
X4,2011,3000,Automatic,85605,Diesel,106,52.3,3.0,12,1,0,0,Diesel,10,0,0,0,0
X5,2017,21495,Manual,146490,Petrol,209,46.7,2.5,6,0,1,0,Petrol,11,1,4,0,1
X1,2021,40807,Automatic,17411,Petrol,201,50.4,1.5,2,1,0,0,Petrol,7,0,4,1,1
X6,2018,35773,Automatic,99569,Petrol,276,54.6,4.4,5,1,0,0,Petrol,12,0,4,1,1
1 Series,2018,28865,Automatic,10498,Diesel,217,20.3,2.5,5,1,0,0,Diesel,0,0,0,1,1
5 Series,2011,10709,Automatic,57257,Electric,40,55.4,2.5,12,1,0,0,Electric,4,0,1,0,0
X1,2011,3000,Automatic,87995,Petrol,258,28.6,3.0,12,1,0,0,Petrol,7,0,4,0,0
X6,2022,84928,Automatic,94566,Petrol,202,56.5,2.5,1,1,0,0,Petrol,12,0,4,2,1
X5,2016,27008,Manual,116498,Diesel,98,30.6,2.5,7,0,1,0,Diesel,11,1,0,1,0
3 Series,2020,28270,Automatic,87596,Petrol,148,38.2,2.0,3,1,0,0,Petrol,2,0,4,1,1
X4,2013,23758,Manual,47917,Diesel,104,57.4,2.0,10,0,1,0,Diesel,10,1,0,1,0
1 Series,2022,35251,Automatic,126154,Petrol,202,24.4,1.5,1,1,0,0,Petrol,0,0,4,1,1
4 Series,2010,12377,Manual,21930,Electric,94,49.8,5.0,13,0,1,0,Electric,3,1,1,0,0
Z4,2017,80017,Automatic,80029,Hybrid,176,35.7,3.0,6,1,0,0,Hybrid,14,0,2,2,1
3 Series,2011,8770,Automatic,14638,Diesel,64,21.0,2.0,12,1,0,0,Diesel,2,0,0,0,0
X3,2012,96814,Automatic,6724,Petrol,40,57.6,3.0,11,1,0,0,Petrol,9,0,4,2,0
1 Series,2014,3000,Automatic,66738,Petrol,223,24.7,2.0,9,1,0,0,Petrol,0,0,4,0,0
5 Series,2012,41566,Automatic,99705,Diesel,66,51.0,2.5,11,1,0,0,Diesel,4,0,0,1,0
7 Series,2016,29942,Manual,134099,Diesel,254,35.4,3.5,7,0,1,0,Diesel,6,1,0,1,0
X1,2016,48797,Automatic,146879,Diesel,297,52.4,4.0,7,1,0,0,Diesel,7,0,0,1,1
X4,2011,3000,Automatic,94962,Diesel,68,50.0,3.0,12,1,0,0,Diesel,10,0,0,0,0
X3,2022,34388,Automatic,64109,Petrol,170,45.3,4.4,1,1,0,0,Petrol,9,0,4,1,1
5 Series,2022,71276,Manual,42849,Electric,100,57.6,4.4,1,0,1,0,Electric,4,1,1,2,1
X6,2016,101694,Automatic,1178,Petrol,139,24.0,3.0,7,1,0,0,Petrol,12,0,4,2,1
X7,2020,96705,Semi-Auto,6817,Petrol,205,51.9,4.4,3,0,0,1,Petrol,13,2,4,2,1
1 Series,2015,47892,Semi-Auto,73721,Petrol,72,46.8,2.5,8,0,0,1,Petrol,0,2,4,1,0
i3,2019,3000,Automatic,126762,Diesel,59,32.6,2.0,4,1,0,0,Diesel,15,0,0,0,1
1 Series,2018,51617,Automatic,4984,Petrol,155,41.8,3.5,5,1,0,0,Petrol,0,0,4,2,1
X6,2022,31276,Manual,65096,Diesel,123,45.8,2.0,1,0,1,0,Diesel,12,1,0,1,1
3 Series,2018,20098,Automatic,87941,Petrol,13,49.5,2.5,5,1,0,0,Petrol,2,0,4,0,1
1 Series,2011,38378,Automatic,88432,Petrol,263,27.5,2.5,12,1,0,0,Petrol,0,0,4,1,0
5 Series,2016,3000,Semi-Auto,146707,Diesel,26,24.1,3.5,7,0,0,1,Diesel,4,2,0,0,0
X1,2014,3000,Semi-Auto,110914,Petrol,244,24.1,1.5,9,0,0,1,Petrol,7,2,4,0,0
5 Series,2022,26850,Semi-Auto,55680,Petrol,49,31.8,2.5,1,0,0,1,Petrol,4,2,4,1,1
1 Series,2015,3000,Automatic,111326,Diesel,186,26.2,2.5,8,1,0,0,Diesel,0,0,0,0,0
X1,2010,3000,Automatic,130094,Diesel,56,41.4,3.0,13,1,0,0,Diesel,7,0,0,0,0
6 Series,2016,38475,Automatic,8988,Petrol,258,37.5,2.5,7,1,0,0,Petrol,5,0,4,1,1
5 Series,2015,78121,Automatic,33070,Hybrid,154,55.7,3.0,8,1,0,0,Hybrid,4,0,2,2,1
3 Series,2013,50651,Automatic,98491,Hybrid,33,48.7,6.0,10,1,0,0,Hybrid,2,0,2,2,0
5 Series,2010,28371,Automatic,79132,Diesel,25,28.2,1.5,13,1,0,0,Diesel,4,0,0,1,0
1 Series,2018,76712,Automatic,24659,Petrol,249,21.8,4.0,5,1,0,0,Petrol,0,0,4,2,1
X6,2013,15697,Manual,76952,Petrol,85,48.4,2.5,10,0,1,0,Petrol,12,1,4,0,0
X6,2011,37346,Manual,54778,Diesel,159,53.8,2.5,12,0,1,0,Diesel,12,1,0,1,0
X1,2017,42050,Manual,99113,Diesel,199,48.0,3.0,6,0,1,0,Diesel,7,1,0,1,1
5 Series,2011,42626,Automatic,23736,Petrol,105,45.8,4.4,12,1,0,0,Petrol,4,0,4,1,0
X6,2014,44026,Automatic,58781,Diesel,274,30.0,1.5,9,1,0,0,Diesel,12,0,0,1,0
X1,2020,3000,Manual,105192,Diesel,288,39.8,3.0,3,0,1,0,Diesel,7,1,0,0,1
X6,2015,39705,Automatic,36126,Diesel,257,49.0,1.5,8,1,0,0,Diesel,12,0,0,1,0
X1,2020,32445,Automatic,127734,Petrol,219,27.7,2.5,3,1,0,0,Petrol,7,0,4,1,1
X5,2022,104933,Automatic,30652,Petrol,14,39.1,3.0,1,1,0,0,Petrol,11,0,4,2,1
X1,2017,90685,Automatic,6390,Electric,20,24.7,2.0,6,1,0,0,Electric,7,0,1,2,1
5 Series,2020,13598,Automatic,87136,Diesel,58,41.2,3.5,3,1,0,0,Diesel,4,0,0,0,1
X7,2010,33408,Manual,66942,Petrol,81,42.9,2.5,13,0,1,0,Petrol,13,1,4,1,0
7 Series,2010,3000,Semi-Auto,54492,Diesel,117,41.4,3.0,13,0,0,1,Diesel,6,2,0,0,0
X1,2021,3000,Automatic,99300,Diesel,112,38.8,3.0,2,1,0,0,Diesel,7,0,0,0,1
3 Series,2013,16135,Automatic,99531,Petrol,294,43.5,3.0,10,1,0,0,Petrol,2,0,4,0,0
X1,2014,6464,Manual,112473,Diesel,275,59.9,1.5,9,0,1,0,Diesel,7,1,0,0,0
X1,2022,62637,Automatic,85104,Diesel,256,44.9,2.0,1,1,0,0,Diesel,7,0,0,2,1
3 Series,2022,14600,Automatic,76969,Petrol,264,50.1,4.0,1,1,0,0,Petrol,2,0,4,0,1
1 Series,2018,60608,Semi-Auto,128633,Petrol,234,27.7,4.4,5,0,0,1,Petrol,0,2,4,2,1
X1,2020,47145,Manual,123439,Petrol,50,41.2,3.0,3,0,1,0,Petrol,7,1,4,1,1
X5,2016,43991,Semi-Auto,49481,Diesel,165,20.3,3.0,7,0,0,1,Diesel,11,2,0,1,1
7 Series,2016,23576,Automatic,29612,Diesel,230,21.3,3.5,7,1,0,0,Diesel,6,0,0,1,0
3 Series,2017,11496,Automatic,88743,Petrol,220,32.9,2.5,6,1,0,0,Petrol,2,0,4,0,1
X3,2014,3000,Manual,142867,Diesel,270,38.7,2.5,9,0,1,0,Diesel,9,1,0,0,0
1 Series,2014,16635,Automatic,18564,Petrol,83,43.0,3.5,9,1,0,0,Petrol,0,0,4,0,0
5 Series,2010,45505,Manual,49603,Diesel,229,55.5,1.5,13,0,1,0,Diesel,4,1,0,1,0
3 Series,2018,71262,Automatic,101403,Petrol,296,50.9,4.0,5,1,0,0,Petrol,2,0,4,2,1
3 Series,2015,27053,Manual,132585,Diesel,221,32.0,2.5,8,0,1,0,Diesel,2,1,0,1,0
3 Series,2018,63774,Automatic,12324,Diesel,153,49.7,2.5,5,1,0,0,Diesel,2,0,0,2,1
5 Series,2012,75780,Automatic,16491,Diesel,53,42.0,3.0,11,1,0,0,Diesel,4,0,0,2,0
1 Series,2014,38872,Automatic,80229,Diesel,118,51.2,2.0,9,1,0,0,Diesel,0,0,0,1,0
5 Series,2011,11641,Automatic,35600,Petrol,197,36.4,3.0,12,1,0,0,Petrol,4,0,4,0,0
7 Series,2019,62422,Automatic,65179,Electric,272,23.7,3.0,4,1,0,0,Electric,6,0,1,2,1
5 Series,2014,28989,Automatic,142944,Diesel,197,44.7,2.0,9,1,0,0,Diesel,4,0,0,1,0
5 Series,2022,44893,Manual,131047,Diesel,127,42.3,2.5,1,0,1,0,Diesel,4,1,0,1,1
2 Series,2022,93142,Automatic,12358,Diesel,91,58.1,2.5,1,1,0,0,Diesel,1,0,0,2,1
1 Series,2022,54076,Automatic,72343,Petrol,8,26.5,3.0,1,1,0,0,Petrol,0,0,4,2,1
7 Series,2017,68833,Automatic,27503,Petrol,226,46.2,1.5,6,1,0,0,Petrol,6,0,4,2,1
1 Series,2020,36642,Semi-Auto,53268,Diesel,45,39.0,3.0,3,0,0,1,Diesel,0,2,0,1,1
1 Series,2011,31143,Automatic,48905,Hybrid,133,35.2,2.0,12,1,0,0,Hybrid,0,0,2,1,0
X1,2017,30624,Automatic,63668,Petrol,15,51.8,3.0,6,1,0,0,Petrol,7,0,4,1,1
X1,2013,39368,Manual,89104,Diesel,214,52.4,3.5,10,0,1,0,Diesel,7,1,0,1,0
4 Series,2019,83124,Automatic,29106,Diesel,111,48.6,3.5,4,1,0,0,Diesel,3,0,0,2,1
X1,2019,28282,Automatic,59438,Hybrid,156,23.3,3.5,4,1,0,0,Hybrid,7,0,2,1,1
X7,2010,3000,Automatic,49397,Petrol,295,33.8,2.5,13,1,0,0,Petrol,13,0,4,0,0
1 Series,2022,79778,Manual,52275,Petrol,197,21.9,5.0,1,0,1,0,Petrol,0,1,4,2,1
1 Series,2014,3000,Automatic,55034,Petrol,57,33.7,1.5,9,1,0,0,Petrol,0,0,4,0,0
1 Series,2022,9538,Manual,148089,Diesel,77,45.9,2.5,1,0,1,0,Diesel,0,1,0,0,1
3 Series,2010,8421,Manual,80372,Hybrid,241,40.7,2.0,13,0,1,0,Hybrid,2,1,2,0,0
7 Series,2016,43139,Automatic,80722,Diesel,98,48.1,3.0,7,1,0,0,Diesel,6,0,0,1,1
X1,2017,32868,Manual,35432,Hybrid,5,42.1,3.5,6,0,1,0,Hybrid,7,1,2,1,1
1 Series,2012,63954,Automatic,48188,Diesel,278,42.2,3.5,11,1,0,0,Diesel,0,0,0,2,0
X4,2012,3000,Automatic,129161,Diesel,211,40.4,2.0,11,1,0,0,Diesel,10,0,0,0,0
2 Series,2016,90845,Automatic,32116,Petrol,272,34.6,2.0,7,1,0,0,Petrol,1,0,4,2,1
3 Series,2013,64751,Semi-Auto,59738,Petrol,83,37.9,3.0,10,0,0,1,Petrol,2,2,4,2,0
1 Series,2012,56461,Automatic,21456,Petrol,111,24.5,4.4,11,1,0,0,Petrol,0,0,4,2,0
3 Series,2017,46989,Automatic,135706,Petrol,197,53.4,2.0,6,1,0,0,Petrol,2,0,4,1,1
1 Series,2012,75744,Automatic,50366,Petrol,27,55.6,4.4,11,1,0,0,Petrol,0,0,4,2,0
1 Series,2022,62563,Automatic,127934,Petrol,140,50.7,3.0,1,1,0,0,Petrol,0,0,4,2,1
7 Series,2016,87128,Automatic,21856,Diesel,172,43.3,3.0,7,1,0,0,Diesel,6,0,0,2,1
3 Series,2011,45599,Automatic,61615,Diesel,19,42.8,2.5,12,1,0,0,Diesel,2,0,0,1,0
5 Series,2020,62237,Automatic,84126,Petrol,116,38.8,3.5,3,1,0,0,Petrol,4,0,4,2,1
i3,2020,16692,Automatic,75137,Diesel,53,29.3,5.0,3,1,0,0,Diesel,15,0,0,0,1
X3,2010,57857,Automatic,70005,Diesel,226,35.4,2.0,13,1,0,0,Diesel,9,0,0,2,0
X4,2021,35009,Automatic,38615,Diesel,108,59.6,2.5,2,1,0,0,Diesel,10,0,0,1,1
1 Series,2015,69349,Manual,1348,Diesel,230,25.8,4.0,8,0,1,0,Diesel,0,1,0,2,1
5 Series,2017,7776,Semi-Auto,37419,Diesel,228,41.7,2.0,6,0,0,1,Diesel,4,2,0,0,1
X1,2010,20619,Automatic,134950,Hybrid,298,54.7,2.5,13,1,0,0,Hybrid,7,0,2,0,0
1 Series,2022,38007,Automatic,12857,Petrol,86,38.1,2.0,1,1,0,0,Petrol,0,0,4,1,1
1 Series,2019,26064,Semi-Auto,104053,Petrol,273,44.2,3.0,4,0,0,1,Petrol,0,2,4,1,1
X3,2021,50196,Manual,110608,Petrol,227,53.1,2.0,2,0,1,0,Petrol,9,1,4,2,1
X1,2018,50805,Automatic,26658,Diesel,70,41.9,2.5,5,1,0,0,Diesel,7,0,0,2,1
5 Series,2012,81901,Automatic,24267,Petrol,227,49.3,2.5,11,1,0,0,Petrol,4,0,4,2,0
5 Series,2012,3000,Automatic,111998,Diesel,112,33.9,2.0,11,1,0,0,Diesel,4,0,0,0,0
5 Series,2013,45344,Automatic,80889,Petrol,292,49.3,3.0,10,1,0,0,Petrol,4,0,4,1,0
1 Series,2020,3000,Automatic,126513,Diesel,290,21.6,2.0,3,1,0,0,Diesel,0,0,0,0,1
3 Series,2010,22553,Semi-Auto,124892,Diesel,104,26.1,4.0,13,0,0,1,Diesel,2,2,0,1,0
3 Series,2018,80816,Automatic,54416,Petrol,290,45.5,2.5,5,1,0,0,Petrol,2,0,4,2,1
1 Series,2020,51705,Automatic,149304,Diesel,8,38.0,3.0,3,1,0,0,Diesel,0,0,0,2,1
X7,2012,49062,Manual,60048,Diesel,164,53.1,3.0,11,0,1,0,Diesel,13,1,0,1,0
X1,2022,34822,Manual,50357,Diesel,59,33.7,1.5,1,0,1,0,Diesel,7,1,0,1,1
X3,2019,65089,Manual,22497,Petrol,105,50.7,3.5,4,0,1,0,Petrol,9,1,4,2,1
3 Series,2013,3000,Semi-Auto,115009,Diesel,110,25.6,4.4,10,0,0,1,Diesel,2,2,0,0,0
5 Series,2010,17558,Automatic,7258,Petrol,88,57.2,2.5,13,1,0,0,Petrol,4,0,4,0,0
3 Series,2013,43085,Semi-Auto,56959,Diesel,267,36.7,2.5,10,0,0,1,Diesel,2,2,0,1,0
1 Series,2022,77489,Manual,35902,Petrol,229,29.2,3.5,1,0,1,0,Petrol,0,1,4,2,1
3 Series,2010,24081,Automatic,16454,Hybrid,70,51.6,3.0,13,1,0,0,Hybrid,2,0,2,1,0
X6,2014,34662,Automatic,38606,Petrol,118,57.9,3.0,9,1,0,0,Petrol,12,0,4,1,0
X3,2014,19725,Automatic,55969,Petrol,102,56.7,5.0,9,1,0,0,Petrol,9,0,4,0,0
7 Series,2020,10066,Semi-Auto,87465,Hybrid,201,29.5,3.0,3,0,0,1,Hybrid,6,2,2,0,1
5 Series,2016,15449,Automatic,132857,Diesel,22,46.9,2.0,7,1,0,0,Diesel,4,0,0,0,0
X2,2017,17130,Automatic,74679,Diesel,89,41.9,1.5,6,1,0,0,Diesel,8,0,0,0,1
1 Series,2013,67573,Automatic,90628,Petrol,92,49.0,2.5,10,1,0,0,Petrol,0,0,4,2,0
3 Series,2016,14529,Automatic,119785,Diesel,263,39.5,3.0,7,1,0,0,Diesel,2,0,0,0,0
3 Series,2013,41952,Automatic,14635,Other,284,38.8,2.0,10,1,0,0,Other,2,0,3,1,0
X5,2012,3000,Automatic,77518,Diesel,170,55.3,1.5,11,1,0,0,Diesel,11,0,0,0,0
i8,2015,45128,Manual,14409,Diesel,220,54.9,4.4,8,0,1,0,Diesel,16,1,0,1,0
3 Series,2013,39519,Automatic,19541,Electric,23,51.5,2.5,10,1,0,0,Electric,2,0,1,1,0
4 Series,2012,61336,Automatic,59022,Diesel,201,48.2,2.5,11,1,0,0,Diesel,3,0,0,2,0
2 Series,2018,31451,Automatic,70064,Petrol,123,47.1,1.5,5,1,0,0,Petrol,1,0,4,1,1
3 Series,2014,88259,Automatic,25946,Petrol,141,22.2,2.5,9,1,0,0,Petrol,2,0,4,2,0
5 Series,2022,43139,Automatic,98616,Petrol,51,50.0,2.5,1,1,0,0,Petrol,4,0,4,1,1
5 Series,2016,28060,Automatic,102241,Diesel,69,45.5,4.4,7,1,0,0,Diesel,4,0,0,1,0
Z4,2021,47348,Automatic,130622,Hybrid,259,32.1,4.0,2,1,0,0,Hybrid,14,0,2,1,1
3 Series,2015,30488,Automatic,104445,Diesel,185,52.8,2.0,8,1,0,0,Diesel,2,0,0,1,0
X6,2019,63026,Automatic,116409,Hybrid,206,53.3,3.0,4,1,0,0,Hybrid,12,0,2,2,1
3 Series,2014,3000,Automatic,128280,Diesel,292,57.3,3.0,9,1,0,0,Diesel,2,0,0,0,0
X5,2016,5839,Automatic,116611,Other,38,36.7,2.0,7,1,0,0,Other,11,0,3,0,0
5 Series,2020,54447,Automatic,22775,Hybrid,65,42.0,2.5,3,1,0,0,Hybrid,4,0,2,2,1
X1,2015,42867,Automatic,132907,Diesel,12,56.2,6.0,8,1,0,0,Diesel,7,0,0,1,0
2 Series,2019,42068,Manual,148176,Diesel,193,32.7,3.5,4,0,1,0,Diesel,1,1,0,1,1
X6,2011,20132,Manual,15927,Diesel,287,51.9,2.5,12,0,1,0,Diesel,12,1,0,0,0
4 Series,2022,50509,Automatic,136593,Diesel,132,59.7,2.5,1,1,0,0,Diesel,3,0,0,2,1
1 Series,2022,53971,Automatic,45086,Diesel,194,46.1,3.0,1,1,0,0,Diesel,0,0,0,2,1
X3,2022,55065,Automatic,146352,Diesel,77,59.3,2.5,1,1,0,0,Diesel,9,0,0,2,1
1 Series,2012,62377,Automatic,64266,Petrol,249,40.6,2.5,11,1,0,0,Petrol,0,0,4,2,0
5 Series,2011,15571,Manual,95971,Diesel,231,26.1,2.5,12,0,1,0,Diesel,4,1,0,0,0
7 Series,2021,4423,Semi-Auto,116210,Petrol,179,27.0,2.0,2,0,0,1,Petrol,6,2,4,0,1
5 Series,2012,12983,Manual,49440,Petrol,176,49.3,5.0,11,0,1,0,Petrol,4,1,4,0,0
7 Series,2010,3000,Manual,118771,Diesel,28,20.0,1.5,13,0,1,0,Diesel,6,1,0,0,0
i8,2017,12198,Manual,72466,Diesel,165,46.5,3.0,6,0,1,0,Diesel,16,1,0,0,1
1 Series,2015,30993,Automatic,79924,Diesel,225,26.1,5.0,8,1,0,0,Diesel,0,0,0,1,0
X3,2022,14465,Automatic,122411,Petrol,135,59.4,2.5,1,1,0,0,Petrol,9,0,4,0,1
5 Series,2011,49567,Manual,54965,Diesel,186,26.5,2.0,12,0,1,0,Diesel,4,1,0,2,0
1 Series,2017,54196,Automatic,20691,Hybrid,54,42.1,5.0,6,1,0,0,Hybrid,0,0,2,2,1
3 Series,2015,74315,Automatic,70178,Diesel,1,46.8,3.5,8,1,0,0,Diesel,2,0,0,2,0
X4,2016,65434,Automatic,20201,Diesel,16,52.8,3.0,7,1,0,0,Diesel,10,0,0,2,1
4 Series,2020,76187,Manual,8421,Petrol,58,38.4,3.0,3,0,1,0,Petrol,3,1,4,2,1
6 Series,2010,51899,Automatic,106351,Petrol,87,57.4,2.5,13,1,0,0,Petrol,5,0,4,2,0
i8,2016,3000,Automatic,145626,Diesel,222,39.2,3.0,7,1,0,0,Diesel,16,0,0,0,0
3 Series,2012,16451,Semi-Auto,72124,Petrol,271,30.1,3.0,11,0,0,1,Petrol,2,2,4,0,0
5 Series,2020,69069,Manual,90307,Petrol,57,43.7,1.5,3,0,1,0,Petrol,4,1,4,2,1
X3,2021,53623,Semi-Auto,92360,Hybrid,191,46.3,2.0,2,0,0,1,Hybrid,9,2,2,2,1
5 Series,2017,31557,Automatic,75852,Diesel,49,40.3,2.5,6,1,0,0,Diesel,4,0,0,1,1
5 Series,2015,58726,Automatic,61245,Petrol,212,49.3,2.5,8,1,0,0,Petrol,4,0,4,2,0
5 Series,2013,22030,Manual,109153,Petrol,229,36.8,4.4,10,0,1,0,Petrol,4,1,4,1,0
X1,2020,44061,Automatic,46562,Petrol,153,20.2,3.0,3,1,0,0,Petrol,7,0,4,1,1
X1,2017,3000,Automatic,86322,Petrol,272,30.6,2.5,6,1,0,0,Petrol,7,0,4,0,1
3 Series,2018,22829,Automatic,147401,Diesel,45,57.8,3.5,5,1,0,0,Diesel,2,0,0,1,1
5 Series,2019,30087,Automatic,147770,Petrol,117,50.5,2.5,4,1,0,0,Petrol,4,0,4,1,1
X1,2011,78798,Automatic,17548,Diesel,175,27.6,6.0,12,1,0,0,Diesel,7,0,0,2,0
X1,2015,15798,Automatic,66234,Diesel,67,22.7,3.5,8,1,0,0,Diesel,7,0,0,0,0
3 Series,2014,23973,Automatic,19340,Diesel,250,34.0,3.5,9,1,0,0,Diesel,2,0,0,1,0
X5,2014,19302,Manual,70396,Diesel,229,53.5,2.0,9,0,1,0,Diesel,11,1,0,0,0
1 Series,2019,56335,Automatic,85695,Petrol,199,24.2,2.0,4,1,0,0,Petrol,0,0,4,2,1
5 Series,2020,30574,Automatic,145815,Diesel,145,41.7,2.5,3,1,0,0,Diesel,4,0,0,1,1
X5,2012,46288,Automatic,79254,Diesel,50,31.0,2.5,11,1,0,0,Diesel,11,0,0,1,0
X1,2021,15072,Automatic,111192,Diesel,185,49.1,3.5,2,1,0,0,Diesel,7,0,0,0,1
3 Series,2017,6438,Semi-Auto,127658,Petrol,198,20.0,2.0,6,0,0,1,Petrol,2,2,4,0,1
X3,2017,21572,Automatic,26530,Petrol,144,31.1,2.5,6,1,0,0,Petrol,9,0,4,0,1
X1,2021,59391,Manual,60003,Petrol,58,47.2,3.0,2,0,1,0,Petrol,7,1,4,2,1
X6,2014,82653,Automatic,33908,Diesel,194,41.9,2.5,9,1,0,0,Diesel,12,0,0,2,0
X5,2017,50337,Automatic,116407,Diesel,142,51.2,2.0,6,1,0,0,Diesel,11,0,0,2,1
X1,2019,17874,Automatic,68186,Diesel,222,26.3,4.0,4,1,0,0,Diesel,7,0,0,0,1
5 Series,2017,61349,Automatic,41653,Diesel,99,41.2,2.0,6,1,0,0,Diesel,4,0,0,2,1
1 Series,2012,3000,Automatic,131503,Petrol,25,27.8,2.5,11,1,0,0,Petrol,0,0,4,0,0
3 Series,2011,41588,Automatic,34783,Diesel,13,45.6,3.5,12,1,0,0,Diesel,2,0,0,1,0
5 Series,2018,12010,Automatic,54535,Diesel,121,25.3,3.0,5,1,0,0,Diesel,4,0,0,0,1
X1,2011,39626,Manual,107838,Petrol,264,25.9,3.0,12,0,1,0,Petrol,7,1,4,1,0
7 Series,2018,49045,Manual,89273,Diesel,6,33.1,3.5,5,0,1,0,Diesel,6,1,0,1,1
3 Series,2013,71567,Automatic,26551,Diesel,218,36.1,4.0,10,1,0,0,Diesel,2,0,0,2,0
1 Series,2021,35086,Automatic,44543,Petrol,219,39.9,2.5,2,1,0,0,Petrol,0,0,4,1,1
5 Series,2022,29931,Automatic,148443,Diesel,182,43.2,2.5,1,1,0,0,Diesel,4,0,0,1,1
3 Series,2011,46996,Semi-Auto,51975,Hybrid,107,38.8,3.0,12,0,0,1,Hybrid,2,2,2,1,0
X5,2019,26614,Automatic,30036,Petrol,123,21.8,3.5,4,1,0,0,Petrol,11,0,4,1,1
1 Series,2010,18273,Automatic,82083,Diesel,169,33.7,3.0,13,1,0,0,Diesel,0,0,0,0,0
X1,2013,62346,Automatic,54756,Petrol,256,22.5,2.5,10,1,0,0,Petrol,7,0,4,2,0
X4,2018,72188,Automatic,93739,Hybrid,8,24.7,3.0,5,1,0,0,Hybrid,10,0,2,2,1
3 Series,2021,17800,Automatic,125348,Petrol,279,23.7,2.5,2,1,0,0,Petrol,2,0,4,0,1
5 Series,2018,32508,Automatic,10305,Petrol,124,26.3,4.0,5,1,0,0,Petrol,4,0,4,1,1
1 Series,2013,42513,Manual,67436,Diesel,161,52.5,2.0,10,0,1,0,Diesel,0,1,0,1,0
X1,2018,27318,Manual,4747,Petrol,35,45.1,4.0,5,0,1,0,Petrol,7,1,4,1,1
X1,2021,31493,Automatic,24245,Petrol,3,40.3,3.0,2,1,0,0,Petrol,7,0,4,1,1
5 Series,2015,11613,Automatic,135175,Petrol,86,49.3,3.0,8,1,0,0,Petrol,4,0,4,0,0
7 Series,2010,3000,Automatic,115938,Petrol,263,58.4,2.5,13,1,0,0,Petrol,6,0,4,0,0
6 Series,2019,3000,Semi-Auto,140559,Petrol,90,36.7,2.0,4,0,0,1,Petrol,5,2,4,0,1
3 Series,2022,65738,Manual,96559,Diesel,294,34.7,4.0,1,0,1,0,Diesel,2,1,0,2,1
1 Series,2015,50459,Automatic,46567,Hybrid,57,59.1,1.5,8,1,0,0,Hybrid,0,0,2,2,0
4 Series,2018,11987,Automatic,112709,Diesel,139,50.9,2.0,5,1,0,0,Diesel,3,0,0,0,1
X1,2022,3000,Automatic,117322,Diesel,171,51.1,2.0,1,1,0,0,Diesel,7,0,0,0,1
6 Series,2011,45640,Automatic,121717,Diesel,259,44.0,2.0,12,1,0,0,Diesel,5,0,0,1,0
X1,2015,3000,Automatic,137687,Petrol,24,40.3,2.5,8,1,0,0,Petrol,7,0,4,0,0
X6,2011,3000,Semi-Auto,77004,Petrol,197,42.0,2.0,12,0,0,1,Petrol,12,2,4,0,0
5 Series,2013,18091,Automatic,11879,Diesel,66,46.1,3.0,10,1,0,0,Diesel,4,0,0,0,0
X5,2017,69879,Automatic,98491,Petrol,117,35.1,3.0,6,1,0,0,Petrol,11,0,4,2,1
X2,2022,35722,Manual,145150,Diesel,279,51.3,4.0,1,0,1,0,Diesel,8,1,0,1,1
X1,2016,23738,Automatic,5590,Diesel,5,56.4,2.0,7,1,0,0,Diesel,7,0,0,1,0
3 Series,2020,79461,Semi-Auto,11910,Diesel,96,42.9,2.5,3,0,0,1,Diesel,2,2,0,2,1
3 Series,2021,61342,Automatic,22574,Diesel,71,35.3,2.0,2,1,0,0,Diesel,2,0,0,2,1
3 Series,2022,41333,Semi-Auto,34430,Diesel,257,47.8,3.5,1,0,0,1,Diesel,2,2,0,1,1
3 Series,2018,31141,Automatic,56627,Electric,37,27.3,2.5,5,1,0,0,Electric,2,0,1,1,1
3 Series,2016,54943,Automatic,53239,Diesel,295,58.7,3.0,7,1,0,0,Diesel,2,0,0,2,1
X1,2010,14342,Automatic,54913,Petrol,55,46.3,2.5,13,1,0,0,Petrol,7,0,4,0,0
X1,2011,3000,Automatic,99972,Diesel,102,22.7,2.0,12,1,0,0,Diesel,7,0,0,0,0
5 Series,2015,3000,Automatic,94276,Diesel,102,41.2,2.0,8,1,0,0,Diesel,4,0,0,0,0
X1,2016,3976,Semi-Auto,141549,Diesel,215,50.0,4.0,7,0,0,1,Diesel,7,2,0,0,0
1 Series,2012,51487,Manual,53772,Diesel,20,31.1,2.0,11,0,1,0,Diesel,0,1,0,2,0
1 Series,2018,47096,Automatic,66696,Petrol,114,22.0,4.4,5,1,0,0,Petrol,0,0,4,1,1
3 Series,2022,39885,Automatic,101837,Electric,209,39.6,4.4,1,1,0,0,Electric,2,0,1,1,1
7 Series,2016,8979,Manual,103750,Diesel,290,53.3,2.5,7,0,1,0,Diesel,6,1,0,0,0
3 Series,2015,8697,Manual,114572,Diesel,202,30.1,5.0,8,0,1,0,Diesel,2,1,0,0,0
3 Series,2022,106483,Automatic,3918,Petrol,187,48.7,1.5,1,1,0,0,Petrol,2,0,4,2,1
5 Series,2015,28874,Semi-Auto,112683,Diesel,150,36.3,1.5,8,0,0,1,Diesel,4,2,0,1,0
X6,2010,53598,Automatic,26629,Diesel,190,22.4,2.0,13,1,0,0,Diesel,12,0,0,2,0
1 Series,2022,60762,Automatic,17699,Petrol,213,32.2,2.0,1,1,0,0,Petrol,0,0,4,2,1
X1,2014,32597,Automatic,113436,Diesel,41,32.6,2.0,9,1,0,0,Diesel,7,0,0,1,0
X3,2019,27597,Manual,54984,Diesel,193,56.2,2.5,4,0,1,0,Diesel,9,1,0,1,1
X6,2012,21135,Automatic,52363,Petrol,249,59.3,1.5,11,1,0,0,Petrol,12,0,4,0,0
X4,2016,89054,Automatic,8069,Diesel,80,28.4,3.0,7,1,0,0,Diesel,10,0,0,2,1
1 Series,2019,52943,Automatic,107815,Diesel,40,37.2,2.5,4,1,0,0,Diesel,0,0,0,2,1
3 Series,2012,20352,Automatic,105726,Diesel,19,59.1,1.5,11,1,0,0,Diesel,2,0,0,0,0
4 Series,2014,28594,Automatic,71063,Petrol,8,36.3,3.5,9,1,0,0,Petrol,3,0,4,1,0
5 Series,2016,39179,Automatic,20099,Petrol,123,34.0,3.0,7,1,0,0,Petrol,4,0,4,1,1
X1,2012,91796,Automatic,16622,Petrol,202,24.4,3.5,11,1,0,0,Petrol,7,0,4,2,0
X3,2022,66020,Automatic,40433,Petrol,77,50.1,4.4,1,1,0,0,Petrol,9,0,4,2,1
X3,2022,25126,Manual,40875,Petrol,209,37.9,3.0,1,0,1,0,Petrol,9,1,4,1,1
X4,2019,3868,Automatic,130381,Diesel,17,45.5,3.5,4,1,0,0,Diesel,10,0,0,0,1
i8,2011,3000,Manual,137204,Petrol,235,40.4,2.0,12,0,1,0,Petrol,16,1,4,0,0
X3,2015,23630,Automatic,95932,Petrol,199,27.0,2.5,8,1,0,0,Petrol,9,0,4,1,0
3 Series,2017,81460,Automatic,59016,Petrol,281,27.1,2.5,6,1,0,0,Petrol,2,0,4,2,1
4 Series,2013,60636,Automatic,61891,Petrol,251,57.6,2.5,10,1,0,0,Petrol,3,0,4,2,0
1 Series,2018,50953,Automatic,107966,Diesel,238,55.6,3.0,5,1,0,0,Diesel,0,0,0,2,1
3 Series,2021,59316,Automatic,94343,Diesel,268,44.4,3.5,2,1,0,0,Diesel,2,0,0,2,1
6 Series,2021,56046,Manual,40550,Petrol,118,20.0,3.0,2,0,1,0,Petrol,5,1,4,2,1
3 Series,2017,3000,Semi-Auto,118295,Petrol,281,37.3,1.5,6,0,0,1,Petrol,2,2,4,0,1
3 Series,2016,45780,Automatic,28196,Diesel,6,41.2,2.5,7,1,0,0,Diesel,2,0,0,1,1
1 Series,2016,79151,Automatic,54849,Petrol,272,38.0,3.0,7,1,0,0,Petrol,0,0,4,2,1
2 Series,2012,58852,Semi-Auto,48358,Hybrid,252,57.0,2.5,11,0,0,1,Hybrid,1,2,2,2,0
7 Series,2015,14067,Automatic,40513,Diesel,127,21.6,1.5,8,1,0,0,Diesel,6,0,0,0,0
X3,2022,80443,Automatic,81481,Petrol,91,46.2,6.0,1,1,0,0,Petrol,9,0,4,2,1
3 Series,2022,34660,Semi-Auto,89915,Diesel,5,32.6,5.0,1,0,0,1,Diesel,2,2,0,1,1
X5,2014,9542,Semi-Auto,125790,Diesel,73,42.4,3.5,9,0,0,1,Diesel,11,2,0,0,0
X5,2010,53287,Automatic,39877,Petrol,55,46.2,1.5,13,1,0,0,Petrol,11,0,4,2,0
3 Series,2020,9028,Automatic,67451,Petrol,294,37.6,2.5,3,1,0,0,Petrol,2,0,4,0,1
5 Series,2012,21119,Automatic,24848,Diesel,237,25.9,2.5,11,1,0,0,Diesel,4,0,0,0,0
3 Series,2022,3000,Manual,145741,Hybrid,21,40.8,3.0,1,0,1,0,Hybrid,2,1,2,0,1
Z4,2021,28644,Semi-Auto,10875,Petrol,40,57.3,1.5,2,0,0,1,Petrol,14,2,4,1,1
X1,2010,19794,Automatic,81389,Diesel,265,41.4,2.5,13,1,0,0,Diesel,7,0,0,0,0
X4,2013,20746,Manual,68961,Petrol,257,24.9,3.5,10,0,1,0,Petrol,10,1,4,0,0
3 Series,2019,44897,Manual,98976,Diesel,47,53.0,6.0,4,0,1,0,Diesel,2,1,0,1,1
X5,2012,18406,Automatic,101091,Diesel,297,28.9,3.0,11,1,0,0,Diesel,11,0,0,0,0
X5,2020,72075,Manual,17552,Diesel,138,34.8,4.4,3,0,1,0,Diesel,11,1,0,2,1
X3,2013,23971,Automatic,129682,Diesel,201,37.2,6.0,10,1,0,0,Diesel,9,0,0,1,0
X7,2018,13893,Automatic,97338,Petrol,139,33.6,2.5,5,1,0,0,Petrol,13,0,4,0,1
5 Series,2012,59345,Automatic,77105,Diesel,141,36.2,3.0,11,1,0,0,Diesel,4,0,0,2,0
1 Series,2021,36192,Manual,91802,Petrol,285,51.8,2.0,2,0,1,0,Petrol,0,1,4,1,1
X3,2015,19947,Automatic,69740,Diesel,232,28.9,2.5,8,1,0,0,Diesel,9,0,0,0,0
X3,2015,37201,Automatic,74301,Diesel,157,38.8,1.5,8,1,0,0,Diesel,9,0,0,1,0
X1,2016,12421,Manual,15679,Diesel,37,20.8,1.5,7,0,1,0,Diesel,7,1,0,0,0
3 Series,2018,3000,Automatic,100421,Petrol,74,40.3,4.0,5,1,0,0,Petrol,2,0,4,0,1
7 Series,2021,60890,Semi-Auto,35173,Diesel,174,24.5,4.0,2,0,0,1,Diesel,6,2,0,2,1
3 Series,2016,50553,Automatic,45899,Diesel,38,31.3,2.5,7,1,0,0,Diesel,2,0,0,2,1
5 Series,2010,3000,Automatic,48865,Other,72,33.0,2.5,13,1,0,0,Other,4,0,3,0,0
X1,2017,32897,Automatic,39182,Petrol,57,23.3,2.5,6,1,0,0,Petrol,7,0,4,1,1
X5,2014,25283,Semi-Auto,40109,Diesel,88,34.4,2.5,9,0,0,1,Diesel,11,2,0,1,0
3 Series,2018,3000,Automatic,136246,Petrol,272,39.9,2.0,5,1,0,0,Petrol,2,0,4,0,1
5 Series,2019,57676,Automatic,149133,Petrol,133,37.2,3.5,4,1,0,0,Petrol,4,0,4,2,1
3 Series,2022,22257,Manual,108046,Petrol,142,31.2,2.5,1,0,1,0,Petrol,2,1,4,1,1
3 Series,2021,79413,Automatic,66524,Petrol,94,31.8,1.5,2,1,0,0,Petrol,2,0,4,2,1
X5,2014,37194,Semi-Auto,79812,Petrol,155,45.3,3.0,9,0,0,1,Petrol,11,2,4,1,0
6 Series,2014,35437,Manual,119942,Petrol,200,48.7,3.5,9,0,1,0,Petrol,5,1,4,1,0
5 Series,2021,74655,Automatic,111572,Petrol,159,43.1,4.4,2,1,0,0,Petrol,4,0,4,2,1
X5,2021,28056,Automatic,52938,Diesel,210,59.0,3.0,2,1,0,0,Diesel,11,0,0,1,1
6 Series,2011,52302,Automatic,65850,Diesel,171,57.8,2.0,12,1,0,0,Diesel,5,0,0,2,0
2 Series,2021,61341,Automatic,127193,Diesel,69,23.9,3.0,2,1,0,0,Diesel,1,0,0,2,1
3 Series,2020,56795,Manual,51324,Diesel,144,30.5,4.4,3,0,1,0,Diesel,2,1,0,2,1
X7,2012,42390,Semi-Auto,80426,Diesel,166,54.7,2.5,11,0,0,1,Diesel,13,2,0,1,0
5 Series,2019,19039,Automatic,43852,Diesel,116,21.2,5.0,4,1,0,0,Diesel,4,0,0,0,1
3 Series,2018,25919,Automatic,118503,Petrol,184,43.7,1.5,5,1,0,0,Petrol,2,0,4,1,1
1 Series,2016,24848,Automatic,82657,Diesel,202,58.2,3.0,7,1,0,0,Diesel,0,0,0,1,0
5 Series,2010,22984,Automatic,104500,Diesel,161,47.1,2.0,13,1,0,0,Diesel,4,0,0,1,0
1 Series,2012,6261,Automatic,38352,Diesel,187,23.7,3.5,11,1,0,0,Diesel,0,0,0,0,0
3 Series,2021,75487,Automatic,6021,Diesel,42,49.9,1.5,2,1,0,0,Diesel,2,0,0,2,1
3 Series,2011,72874,Automatic,23614,Diesel,200,35.1,2.5,12,1,0,0,Diesel,2,0,0,2,0
X6,2010,10377,Automatic,60131,Diesel,230,56.9,3.5,13,1,0,0,Diesel,12,0,0,0,0
4 Series,2018,3000,Manual,111813,Diesel,3,31.5,2.5,5,0,1,0,Diesel,3,1,0,0,1
3 Series,2017,29719,Automatic,3631,Diesel,239,38.9,4.0,6,1,0,0,Diesel,2,0,0,1,1
2 Series,2014,17441,Manual,138417,Petrol,205,49.9,2.5,9,0,1,0,Petrol,1,1,4,0,0
2 Series,2020,41650,Automatic,107400,Diesel,93,30.3,6.0,3,1,0,0,Diesel,1,0,0,1,1
X5,2021,73558,Manual,48674,Diesel,231,27.3,1.5,2,0,1,0,Diesel,11,1,0,2,1
1 Series,2011,24072,Automatic,131323,Diesel,159,20.1,3.0,12,1,0,0,Diesel,0,0,0,1,0
X3,2010,8035,Manual,27844,Hybrid,112,39.5,4.4,13,0,1,0,Hybrid,9,1,2,0,0
X4,2016,34227,Manual,72836,Petrol,251,57.1,2.5,7,0,1,0,Petrol,10,1,4,1,0
X3,2022,60416,Automatic,105148,Diesel,221,31.3,6.0,1,1,0,0,Diesel,9,0,0,2,1
3 Series,2020,39011,Automatic,6362,Diesel,93,21.7,3.0,3,1,0,0,Diesel,2,0,0,1,1
7 Series,2020,26983,Semi-Auto,9097,Diesel,166,44.8,2.5,3,0,0,1,Diesel,6,2,0,1,1
X1,2011,29628,Manual,137671,Petrol,137,22.2,2.5,12,0,1,0,Petrol,7,1,4,1,0
7 Series,2010,74749,Semi-Auto,5258,Petrol,209,40.3,4.0,13,0,0,1,Petrol,6,2,4,2,0
1 Series,2011,3000,Manual,92066,Diesel,255,35.3,5.0,12,0,1,0,Diesel,0,1,0,0,0
3 Series,2016,77719,Automatic,73176,Petrol,72,39.0,3.0,7,1,0,0,Petrol,2,0,4,2,1
X6,2016,45290,Automatic,38056,Diesel,213,26.5,2.5,7,1,0,0,Diesel,12,0,0,1,1
4 Series,2019,67564,Automatic,18261,Petrol,265,23.6,2.0,4,1,0,0,Petrol,3,0,4,2,1
1 Series,2015,3000,Semi-Auto,120173,Diesel,150,50.0,2.5,8,0,0,1,Diesel,0,2,0,0,0
X7,2014,5912,Automatic,52696,Petrol,234,29.8,2.0,9,1,0,0,Petrol,13,0,4,0,0
3 Series,2012,84527,Automatic,16141,Diesel,215,52.0,2.5,11,1,0,0,Diesel,2,0,0,2,0
X3,2021,49035,Manual,90084,Diesel,108,50.3,3.5,2,0,1,0,Diesel,9,1,0,1,1
X5,2012,5826,Manual,101904,Petrol,299,27.9,2.5,11,0,1,0,Petrol,11,1,4,0,0
X6,2020,23816,Automatic,94219,Diesel,295,56.3,3.0,3,1,0,0,Diesel,12,0,0,1,1
X4,2022,42155,Automatic,53680,Petrol,119,26.5,1.5,1,1,0,0,Petrol,10,0,4,1,1
3 Series,2021,90042,Automatic,19792,Diesel,97,51.9,3.5,2,1,0,0,Diesel,2,0,0,2,1
2 Series,2018,54961,Automatic,109469,Diesel,209,36.8,2.5,5,1,0,0,Diesel,1,0,0,2,1
1 Series,2013,29803,Manual,54100,Petrol,31,27.3,2.5,10,0,1,0,Petrol,0,1,4,1,0
X3,2018,66661,Automatic,125118,Petrol,225,57.5,3.0,5,1,0,0,Petrol,9,0,4,2,1
X5,2013,41194,Manual,132839,Diesel,214,58.5,2.0,10,0,1,0,Diesel,11,1,0,1,0
X3,2011,25982,Manual,27992,Petrol,122,40.5,2.5,12,0,1,0,Petrol,9,1,4,1,0
3 Series,2013,55529,Automatic,129468,Petrol,146,38.8,3.5,10,1,0,0,Petrol,2,0,4,2,0
4 Series,2015,50799,Automatic,30570,Diesel,51,56.0,2.0,8,1,0,0,Diesel,3,0,0,2,0
3 Series,2015,3000,Automatic,120571,Petrol,179,43.8,4.4,8,1,0,0,Petrol,2,0,4,0,0
1 Series,2014,45609,Automatic,87126,Diesel,289,30.6,3.0,9,1,0,0,Diesel,0,0,0,1,0
X3,2010,39219,Automatic,106389,Diesel,186,37.0,2.5,13,1,0,0,Diesel,9,0,0,1,0
5 Series,2012,58708,Manual,62580,Petrol,107,53.4,2.5,11,0,1,0,Petrol,4,1,4,2,0
2 Series,2014,98519,Automatic,1744,Petrol,125,54.4,3.0,9,1,0,0,Petrol,1,0,4,2,0
5 Series,2015,33167,Manual,33259,Diesel,260,57.6,3.0,8,0,1,0,Diesel,4,1,0,1,0
3 Series,2010,12367,Automatic,57949,Petrol,193,31.5,3.5,13,1,0,0,Petrol,2,0,4,0,0
2 Series,2018,46805,Automatic,47589,Petrol,296,47.2,2.5,5,1,0,0,Petrol,1,0,4,1,1
7 Series,2012,3000,Semi-Auto,76122,Diesel,33,22.7,3.0,11,0,0,1,Diesel,6,2,0,0,0
3 Series,2019,28464,Automatic,132358,Diesel,275,49.0,4.4,4,1,0,0,Diesel,2,0,0,1,1
X3,2022,99203,Automatic,17387,Petrol,181,42.5,2.0,1,1,0,0,Petrol,9,0,4,2,1
7 Series,2012,35624,Automatic,115365,Diesel,238,30.0,6.0,11,1,0,0,Diesel,6,0,0,1,0
X1,2020,40709,Automatic,23319,Diesel,145,46.2,2.5,3,1,0,0,Diesel,7,0,0,1,1
5 Series,2011,5840,Manual,132483,Diesel,43,25.4,1.5,12,0,1,0,Diesel,4,1,0,0,0
X6,2017,58806,Automatic,21729,Diesel,290,33.4,2.5,6,1,0,0,Diesel,12,0,0,2,1
X6,2022,86663,Automatic,86647,Hybrid,294,36.0,2.0,1,1,0,0,Hybrid,12,0,2,2,1
X3,2012,52733,Automatic,113102,Petrol,258,51.1,2.5,11,1,0,0,Petrol,9,0,4,2,0
1 Series,2015,15246,Semi-Auto,16704,Petrol,18,32.4,1.5,8,0,0,1,Petrol,0,2,4,0,0
2 Series,2011,40876,Automatic,142181,Petrol,214,22.0,2.0,12,1,0,0,Petrol,1,0,4,1,0
X3,2016,3425,Automatic,122845,Petrol,210,27.2,2.0,7,1,0,0,Petrol,9,0,4,0,0
X3,2022,3000,Automatic,131317,Petrol,230,44.3,1.5,1,1,0,0,Petrol,9,0,4,0,1
5 Series,2013,58109,Automatic,45449,Petrol,4,20.6,2.0,10,1,0,0,Petrol,4,0,4,2,0
4 Series,2018,32382,Automatic,121247,Diesel,268,51.7,4.4,5,1,0,0,Diesel,3,0,0,1,1
X3,2019,6034,Automatic,139268,Petrol,161,56.0,4.4,4,1,0,0,Petrol,9,0,4,0,1
1 Series,2018,49780,Automatic,52534,Diesel,215,39.8,3.5,5,1,0,0,Diesel,0,0,0,2,1
5 Series,2016,46941,Automatic,14549,Petrol,273,48.3,1.5,7,1,0,0,Petrol,4,0,4,1,1
4 Series,2021,46222,Automatic,10821,Electric,99,38.5,1.5,2,1,0,0,Electric,3,0,1,1,1
1 Series,2017,11529,Semi-Auto,36564,Diesel,170,32.4,1.5,6,0,0,1,Diesel,0,2,0,0,1
X7,2012,10387,Manual,12073,Diesel,251,26.6,2.5,11,0,1,0,Diesel,13,1,0,0,0
X3,2020,49597,Automatic,8282,Diesel,168,40.7,6.0,3,1,0,0,Diesel,9,0,0,2,1
X1,2014,3000,Automatic,110966,Diesel,37,57.2,4.0,9,1,0,0,Diesel,7,0,0,0,0
3 Series,2011,64230,Automatic,11771,Diesel,227,55.6,2.0,12,1,0,0,Diesel,2,0,0,2,0
3 Series,2019,27268,Manual,62492,Petrol,124,56.8,2.5,4,0,1,0,Petrol,2,1,4,1,1
X4,2016,21677,Automatic,35096,Diesel,277,58.7,3.5,7,1,0,0,Diesel,10,0,0,1,0
3 Series,2022,65234,Manual,13236,Diesel,284,26.6,3.5,1,0,1,0,Diesel,2,1,0,2,1
X5,2017,53206,Automatic,52544,Petrol,136,25.9,2.0,6,1,0,0,Petrol,11,0,4,2,1
5 Series,2018,90855,Automatic,36921,Petrol,107,37.1,2.0,5,1,0,0,Petrol,4,0,4,2,1
1 Series,2020,42125,Semi-Auto,25576,Petrol,67,47.6,2.5,3,0,0,1,Petrol,0,2,4,1,1
1 Series,2020,3000,Manual,132238,Petrol,103,37.6,2.0,3,0,1,0,Petrol,0,1,4,0,1
7 Series,2016,3000,Manual,146724,Petrol,245,55.7,3.5,7,0,1,0,Petrol,6,1,4,0,0
Z4,2019,74612,Automatic,16233,Diesel,164,48.7,2.0,4,1,0,0,Diesel,14,0,0,2,1
5 Series,2019,100997,Automatic,2885,Petrol,191,45.4,2.0,4,1,0,0,Petrol,4,0,4,2,1
5 Series,2022,19430,Automatic,54520,Diesel,194,22.8,2.0,1,1,0,0,Diesel,4,0,0,0,1
3 Series,2017,11961,Automatic,100203,Diesel,131,27.0,1.5,6,1,0,0,Diesel,2,0,0,0,1
7 Series,2021,3000,Automatic,110759,Diesel,295,37.1,3.0,2,1,0,0,Diesel,6,0,0,0,1
5 Series,2018,5622,Automatic,143841,Electric,143,59.1,2.0,5,1,0,0,Electric,4,0,1,0,1
4 Series,2015,3000,Automatic,138521,Petrol,218,33.4,2.0,8,1,0,0,Petrol,3,0,4,0,0
7 Series,2021,34637,Automatic,107459,Diesel,25,45.2,3.5,2,1,0,0,Diesel,6,0,0,1,1
7 Series,2021,63999,Manual,9136,Petrol,250,59.6,1.5,2,0,1,0,Petrol,6,1,4,2,1
1 Series,2019,61706,Semi-Auto,72986,Hybrid,94,30.6,2.0,4,0,0,1,Hybrid,0,2,2,2,1
i3,2011,6429,Automatic,43999,Petrol,199,26.7,2.0,12,1,0,0,Petrol,15,0,4,0,0
3 Series,2011,3000,Automatic,90567,Diesel,102,41.9,1.5,12,1,0,0,Diesel,2,0,0,0,0
1 Series,2013,76444,Automatic,32052,Petrol,192,42.1,2.5,10,1,0,0,Petrol,0,0,4,2,0
X3,2018,3000,Semi-Auto,143418,Diesel,1,56.9,2.0,5,0,0,1,Diesel,9,2,0,0,1
X1,2016,80080,Automatic,15852,Petrol,246,21.1,3.0,7,1,0,0,Petrol,7,0,4,2,1
5 Series,2011,3000,Manual,116418,Diesel,90,36.3,2.5,12,0,1,0,Diesel,4,1,0,0,0
5 Series,2017,3000,Manual,73603,Diesel,44,32.5,3.0,6,0,1,0,Diesel,4,1,0,0,1
X5,2020,51542,Automatic,107071,Hybrid,2,42.8,6.0,3,1,0,0,Hybrid,11,0,2,2,1
3 Series,2016,84753,Automatic,25272,Diesel,63,20.4,2.0,7,1,0,0,Diesel,2,0,0,2,1
X6,2018,39539,Semi-Auto,135835,Diesel,134,48.4,3.0,5,0,0,1,Diesel,12,2,0,1,1
X1,2017,85895,Automatic,60087,Petrol,290,39.4,3.5,6,1,0,0,Petrol,7,0,4,2,1
5 Series,2012,12833,Automatic,55848,Diesel,277,48.0,5.0,11,1,0,0,Diesel,4,0,0,0,0
5 Series,2010,10724,Semi-Auto,31075,Petrol,175,37.9,3.0,13,0,0,1,Petrol,4,2,4,0,0
3 Series,2011,16472,Automatic,29692,Diesel,281,39.0,2.0,12,1,0,0,Diesel,2,0,0,0,0
X5,2022,35767,Manual,93085,Petrol,119,55.8,1.5,1,0,1,0,Petrol,11,1,4,1,1
7 Series,2011,44105,Semi-Auto,67414,Diesel,261,28.4,2.0,12,0,0,1,Diesel,6,2,0,1,0
3 Series,2013,7416,Manual,121170,Diesel,173,28.7,4.4,10,0,1,0,Diesel,2,1,0,0,0
X1,2015,65010,Automatic,20268,Petrol,117,42.4,2.5,8,1,0,0,Petrol,7,0,4,2,0
i8,2013,17517,Automatic,126887,Diesel,184,46.4,3.0,10,1,0,0,Diesel,16,0,0,0,0
5 Series,2018,56509,Automatic,77323,Petrol,242,34.2,3.0,5,1,0,0,Petrol,4,0,4,2,1
X2,2013,3000,Manual,117985,Petrol,213,40.8,2.5,10,0,1,0,Petrol,8,1,4,0,0
3 Series,2015,23411,Manual,77872,Electric,120,29.1,2.0,8,0,1,0,Electric,2,1,1,1,0
1 Series,2015,23519,Automatic,94274,Petrol,62,25.4,5.0,8,1,0,0,Petrol,0,0,4,1,0
3 Series,2019,82485,Automatic,41139,Diesel,148,29.5,3.5,4,1,0,0,Diesel,2,0,0,2,1
5 Series,2020,48709,Automatic,35037,Diesel,275,56.7,2.5,3,1,0,0,Diesel,4,0,0,1,1
3 Series,2019,57590,Manual,79434,Diesel,28,52.1,2.5,4,0,1,0,Diesel,2,1,0,2,1
1 Series,2010,3000,Manual,149750,Petrol,298,25.6,2.5,13,0,1,0,Petrol,0,1,4,0,0
X2,2017,76779,Semi-Auto,19141,Diesel,224,21.9,1.5,6,0,0,1,Diesel,8,2,0,2,1
2 Series,2021,59305,Manual,25160,Petrol,172,23.7,2.0,2,0,1,0,Petrol,1,1,4,2,1
X5,2012,3000,Manual,144907,Diesel,243,31.7,2.0,11,0,1,0,Diesel,11,1,0,0,0
3 Series,2022,85870,Manual,10383,Electric,130,52.5,2.5,1,0,1,0,Electric,2,1,1,2,1
1 Series,2015,3000,Automatic,105882,Petrol,19,32.9,2.0,8,1,0,0,Petrol,0,0,4,0,0
1 Series,2012,18347,Automatic,108549,Diesel,80,27.4,2.0,11,1,0,0,Diesel,0,0,0,0,0
X3,2020,16483,Semi-Auto,52556,Petrol,292,35.8,3.5,3,0,0,1,Petrol,9,2,4,0,1
X2,2011,23241,Automatic,58596,Petrol,293,25.0,4.0,12,1,0,0,Petrol,8,0,4,1,0
5 Series,2014,19913,Automatic,99236,Petrol,234,38.8,1.5,9,1,0,0,Petrol,4,0,4,0,0
1 Series,2010,12696,Automatic,114424,Petrol,220,47.0,2.0,13,1,0,0,Petrol,0,0,4,0,0
7 Series,2018,74832,Automatic,99145,Petrol,169,34.8,3.5,5,1,0,0,Petrol,6,0,4,2,1
3 Series,2020,74926,Automatic,76287,Petrol,45,26.9,3.5,3,1,0,0,Petrol,2,0,4,2,1
5 Series,2016,58059,Automatic,72678,Diesel,59,38.1,2.5,7,1,0,0,Diesel,4,0,0,2,1
X1,2012,17718,Automatic,46955,Petrol,95,50.5,3.0,11,1,0,0,Petrol,7,0,4,0,0
X3,2013,48348,Automatic,52080,Petrol,268,23.1,1.5,10,1,0,0,Petrol,9,0,4,1,0
1 Series,2022,35069,Automatic,82793,Petrol,30,22.8,3.5,1,1,0,0,Petrol,0,0,4,1,1
1 Series,2015,19021,Manual,104717,Diesel,115,32.7,3.5,8,0,1,0,Diesel,0,1,0,0,0
i8,2012,47670,Automatic,68726,Petrol,61,36.6,3.0,11,1,0,0,Petrol,16,0,4,1,0
3 Series,2021,25646,Automatic,43882,Hybrid,145,28.7,4.4,2,1,0,0,Hybrid,2,0,2,1,1
1 Series,2016,19446,Automatic,24038,Petrol,52,21.1,1.5,7,1,0,0,Petrol,0,0,4,0,0
3 Series,2022,22181,Automatic,74630,Petrol,50,28.8,2.0,1,1,0,0,Petrol,2,0,4,1,1
1 Series,2015,77079,Automatic,23451,Petrol,168,37.4,2.5,8,1,0,0,Petrol,0,0,4,2,1
5 Series,2018,41758,Manual,56352,Petrol,194,23.2,2.0,5,0,1,0,Petrol,4,1,4,1,1
X6,2021,21003,Manual,21521,Diesel,82,48.6,3.5,2,0,1,0,Diesel,12,1,0,0,1
3 Series,2014,21580,Automatic,65308,Diesel,133,42.1,3.5,9,1,0,0,Diesel,2,0,0,0,0
5 Series,2013,33606,Automatic,121631,Petrol,267,37.4,3.5,10,1,0,0,Petrol,4,0,4,1,0
X3,2012,15061,Automatic,38206,Petrol,80,40.7,2.0,11,1,0,0,Petrol,9,0,4,0,0
7 Series,2019,69442,Semi-Auto,70963,Petrol,218,46.2,3.5,4,0,0,1,Petrol,6,2,4,2,1
4 Series,2010,9821,Semi-Auto,127407,Hybrid,1,59.8,2.0,13,0,0,1,Hybrid,3,2,2,0,0
4 Series,2012,3000,Automatic,137628,Diesel,250,51.0,2.0,11,1,0,0,Diesel,3,0,0,0,0
1 Series,2012,57088,Automatic,107836,Diesel,235,41.6,3.0,11,1,0,0,Diesel,0,0,0,2,0
X5,2016,37077,Manual,19772,Diesel,155,50.8,1.5,7,0,1,0,Diesel,11,1,0,1,1
5 Series,2016,3000,Manual,106296,Diesel,36,39.0,4.4,7,0,1,0,Diesel,4,1,0,0,0
i3,2022,71818,Automatic,23709,Diesel,228,32.4,2.5,1,1,0,0,Diesel,15,0,0,2,1
5 Series,2021,12123,Semi-Auto,137455,Diesel,144,30.5,2.5,2,0,0,1,Diesel,4,2,0,0,1
i3,2010,46131,Automatic,2233,Diesel,55,36.0,3.5,13,1,0,0,Diesel,15,0,0,1,0
X5,2012,5306,Automatic,28146,Petrol,120,20.1,2.5,11,1,0,0,Petrol,11,0,4,0,0
3 Series,2022,51399,Manual,130205,Diesel,210,27.1,2.5,1,0,1,0,Diesel,2,1,0,2,1
7 Series,2017,3000,Automatic,129443,Diesel,259,25.1,2.5,6,1,0,0,Diesel,6,0,0,0,1
i8,2018,30109,Manual,52450,Diesel,102,58.4,2.5,5,0,1,0,Diesel,16,1,0,1,1
2 Series,2016,77549,Automatic,81325,Petrol,234,22.6,2.5,7,1,0,0,Petrol,1,0,4,2,1
1 Series,2016,41576,Automatic,13374,Diesel,37,40.0,4.4,7,1,0,0,Diesel,0,0,0,1,1
X3,2021,45269,Automatic,51985,Petrol,107,56.8,4.4,2,1,0,0,Petrol,9,0,4,1,1
3 Series,2020,20780,Automatic,32012,Petrol,223,44.3,2.5,3,1,0,0,Petrol,2,0,4,0,1
1 Series,2017,18425,Automatic,85059,Diesel,292,39.8,2.5,6,1,0,0,Diesel,0,0,0,0,1
5 Series,2015,33687,Semi-Auto,25783,Diesel,183,49.7,3.5,8,0,0,1,Diesel,4,2,0,1,0
3 Series,2020,26396,Automatic,147635,Diesel,154,34.1,3.0,3,1,0,0,Diesel,2,0,0,1,1
X6,2012,4818,Manual,44193,Electric,31,27.7,4.0,11,0,1,0,Electric,12,1,1,0,0
3 Series,2010,75080,Automatic,11042,Diesel,233,53.9,3.0,13,1,0,0,Diesel,2,0,0,2,0
X6,2016,52499,Manual,60031,Diesel,249,22.3,5.0,7,0,1,0,Diesel,12,1,0,2,1
1 Series,2010,38611,Automatic,44163,Diesel,57,52.3,4.0,13,1,0,0,Diesel,0,0,0,1,0
3 Series,2010,47611,Automatic,89356,Petrol,162,24.1,4.0,13,1,0,0,Petrol,2,0,4,1,0
3 Series,2018,25947,Automatic,97788,Diesel,16,45.0,2.5,5,1,0,0,Diesel,2,0,0,1,1
3 Series,2022,56681,Automatic,134280,Petrol,253,39.1,2.5,1,1,0,0,Petrol,2,0,4,2,1
1 Series,2019,62434,Automatic,14796,Diesel,145,59.9,3.0,4,1,0,0,Diesel,0,0,0,2,1
3 Series,2016,14521,Automatic,91962,Petrol,228,35.5,1.5,7,1,0,0,Petrol,2,0,4,0,0
X1,2022,88521,Semi-Auto,25320,Petrol,239,58.3,2.5,1,0,0,1,Petrol,7,2,4,2,1
3 Series,2020,52761,Manual,21074,Petrol,285,36.2,4.4,3,0,1,0,Petrol,2,1,4,2,1
5 Series,2022,35542,Semi-Auto,28931,Diesel,15,47.3,2.5,1,0,0,1,Diesel,4,2,0,1,1
5 Series,2013,25110,Automatic,19993,Petrol,74,45.7,2.0,10,1,0,0,Petrol,4,0,4,1,0
4 Series,2015,31136,Semi-Auto,56330,Petrol,259,23.5,2.5,8,0,0,1,Petrol,3,2,4,1,0
6 Series,2010,34109,Manual,16003,Diesel,3,49.7,2.0,13,0,1,0,Diesel,5,1,0,1,0
5 Series,2016,66462,Automatic,15743,Petrol,250,28.3,3.5,7,1,0,0,Petrol,4,0,4,2,1
3 Series,2021,8613,Automatic,125291,Petrol,84,35.5,4.0,2,1,0,0,Petrol,2,0,4,0,1
1 Series,2015,11904,Automatic,80543,Petrol,62,51.3,3.5,8,1,0,0,Petrol,0,0,4,0,0
X7,2013,28096,Automatic,25300,Diesel,99,57.8,2.0,10,1,0,0,Diesel,13,0,0,1,0
1 Series,2016,53896,Automatic,111888,Diesel,242,42.4,2.5,7,1,0,0,Diesel,0,0,0,2,1
3 Series,2012,26246,Automatic,107818,Diesel,294,40.8,2.0,11,1,0,0,Diesel,2,0,0,1,0
3 Series,2010,28616,Manual,72509,Petrol,161,40.2,1.5,13,0,1,0,Petrol,2,1,4,1,0
3 Series,2013,18325,Automatic,10703,Petrol,177,52.7,3.0,10,1,0,0,Petrol,2,0,4,0,0
3 Series,2012,13552,Automatic,90403,Petrol,251,59.7,2.5,11,1,0,0,Petrol,2,0,4,0,0
X5,2010,39497,Manual,57436,Electric,41,45.3,2.0,13,0,1,0,Electric,11,1,1,1,0
1 Series,2011,17572,Manual,22845,Diesel,241,35.1,2.5,12,0,1,0,Diesel,0,1,0,0,0
X1,2020,7480,Semi-Auto,82777,Diesel,90,28.7,2.0,3,0,0,1,Diesel,7,2,0,0,1
1 Series,2014,29220,Automatic,36055,Hybrid,27,28.0,3.5,9,1,0,0,Hybrid,0,0,2,1,0
1 Series,2017,3000,Automatic,140950,Petrol,154,54.2,2.0,6,1,0,0,Petrol,0,0,4,0,1
6 Series,2010,35369,Automatic,11209,Petrol,118,59.7,2.5,13,1,0,0,Petrol,5,0,4,1,0
3 Series,2013,60150,Automatic,59812,Diesel,219,47.9,1.5,10,1,0,0,Diesel,2,0,0,2,0
X6,2013,44859,Automatic,95035,Diesel,263,58.2,2.5,10,1,0,0,Diesel,12,0,0,1,0
7 Series,2014,48525,Automatic,104139,Diesel,120,34.0,2.5,9,1,0,0,Diesel,6,0,0,1,0
1 Series,2016,54980,Semi-Auto,101838,Diesel,45,45.1,3.0,7,0,0,1,Diesel,0,2,0,2,1
X7,2022,39111,Automatic,143076,Diesel,279,40.5,3.0,1,1,0,0,Diesel,13,0,0,1,1
3 Series,2021,49216,Automatic,97123,Diesel,114,39.3,1.5,2,1,0,0,Diesel,2,0,0,2,1
2 Series,2017,70860,Automatic,29400,Diesel,167,45.3,2.0,6,1,0,0,Diesel,1,0,0,2,1
3 Series,2015,66331,Manual,77511,Petrol,245,32.4,4.4,8,0,1,0,Petrol,2,1,4,2,0
2 Series,2010,32305,Automatic,79121,Diesel,279,45.6,3.5,13,1,0,0,Diesel,1,0,0,1,0
1 Series,2016,18733,Automatic,116763,Diesel,233,46.9,2.5,7,1,0,0,Diesel,0,0,0,0,0
7 Series,2012,3000,Automatic,138948,Diesel,21,53.4,2.0,11,1,0,0,Diesel,6,0,0,0,0
X5,2022,61293,Automatic,124183,Petrol,201,49.2,2.0,1,1,0,0,Petrol,11,0,4,2,1
X4,2022,4061,Automatic,91775,Petrol,67,32.8,3.0,1,1,0,0,Petrol,10,0,4,0,1
6 Series,2022,80379,Automatic,44906,Petrol,135,38.0,4.4,1,1,0,0,Petrol,5,0,4,2,1
X6,2015,14068,Automatic,120925,Other,230,24.8,3.0,8,1,0,0,Other,12,0,3,0,0
4 Series,2017,83238,Manual,21378,Petrol,57,30.3,1.5,6,0,1,0,Petrol,3,1,4,2,1
3 Series,2016,88224,Automatic,27568,Diesel,14,40.8,3.0,7,1,0,0,Diesel,2,0,0,2,1
3 Series,2019,7961,Manual,98046,Diesel,263,24.0,4.4,4,0,1,0,Diesel,2,1,0,0,1
3 Series,2015,51667,Automatic,88332,Diesel,169,42.8,2.5,8,1,0,0,Diesel,2,0,0,2,0
5 Series,2018,15300,Automatic,108014,Diesel,290,35.6,4.4,5,1,0,0,Diesel,4,0,0,0,1
5 Series,2018,33102,Automatic,31796,Hybrid,168,21.4,3.0,5,1,0,0,Hybrid,4,0,2,1,1
7 Series,2010,58106,Automatic,56061,Diesel,47,37.4,2.0,13,1,0,0,Diesel,6,0,0,2,0
3 Series,2010,59822,Automatic,76597,Diesel,95,31.2,2.0,13,1,0,0,Diesel,2,0,0,2,0
X3,2010,39108,Automatic,25401,Petrol,43,22.7,2.0,13,1,0,0,Petrol,9,0,4,1,0
3 Series,2017,25368,Manual,135882,Diesel,239,31.7,3.0,6,0,1,0,Diesel,2,1,0,1,1
3 Series,2021,34679,Manual,100216,Diesel,290,31.8,3.0,2,0,1,0,Diesel,2,1,0,1,1
7 Series,2022,71350,Manual,90362,Petrol,282,34.2,2.5,1,0,1,0,Petrol,6,1,4,2,1
X6,2021,65168,Automatic,5902,Diesel,69,34.7,2.0,2,1,0,0,Diesel,12,0,0,2,1
X5,2019,33815,Automatic,86148,Petrol,252,37.2,4.4,4,1,0,0,Petrol,11,0,4,1,1
X1,2016,29444,Automatic,50723,Petrol,65,23.7,2.0,7,1,0,0,Petrol,7,0,4,1,0
3 Series,2012,74902,Automatic,61599,Petrol,284,20.2,2.0,11,1,0,0,Petrol,2,0,4,2,0
7 Series,2022,45065,Automatic,14967,Diesel,30,49.4,1.5,1,1,0,0,Diesel,6,0,0,1,1
1 Series,2011,57204,Automatic,114312,Petrol,213,33.5,2.0,12,1,0,0,Petrol,0,0,4,2,0
5 Series,2013,3000,Manual,137207,Petrol,180,44.5,4.4,10,0,1,0,Petrol,4,1,4,0,0
5 Series,2012,5478,Automatic,63365,Diesel,201,32.3,2.0,11,1,0,0,Diesel,4,0,0,0,0
1 Series,2016,51196,Automatic,80608,Hybrid,67,59.4,2.0,7,1,0,0,Hybrid,0,0,2,2,1
3 Series,2019,56263,Automatic,86953,Petrol,24,32.6,3.0,4,1,0,0,Petrol,2,0,4,2,1
X7,2017,4742,Automatic,117327,Diesel,247,44.2,3.0,6,1,0,0,Diesel,13,0,0,0,1
X7,2015,30629,Semi-Auto,72979,Diesel,159,28.8,2.0,8,0,0,1,Diesel,13,2,0,1,0
5 Series,2012,3000,Automatic,104146,Petrol,279,40.7,2.0,11,1,0,0,Petrol,4,0,4,0,0
1 Series,2015,3000,Semi-Auto,103331,Diesel,256,43.2,2.0,8,0,0,1,Diesel,0,2,0,0,0
3 Series,2011,73431,Automatic,31993,Diesel,110,27.3,4.0,12,1,0,0,Diesel,2,0,0,2,0
5 Series,2021,24766,Automatic,129238,Diesel,46,24.9,3.0,2,1,0,0,Diesel,4,0,0,1,1
X4,2016,61868,Manual,75663,Diesel,178,58.9,5.0,7,0,1,0,Diesel,10,1,0,2,1
1 Series,2020,72994,Automatic,50483,Diesel,35,55.7,2.0,3,1,0,0,Diesel,0,0,0,2,1
X5,2019,53295,Automatic,117747,Petrol,197,46.4,2.5,4,1,0,0,Petrol,11,0,4,2,1
1 Series,2016,58641,Automatic,38879,Diesel,41,54.4,3.0,7,1,0,0,Diesel,0,0,0,2,1
i3,2013,51470,Automatic,4888,Diesel,89,23.8,2.0,10,1,0,0,Diesel,15,0,0,2,0
5 Series,2022,71308,Manual,66713,Diesel,67,49.2,3.0,1,0,1,0,Diesel,4,1,0,2,1
X5,2017,19750,Manual,124825,Diesel,69,31.4,2.5,6,0,1,0,Diesel,11,1,0,0,1
3 Series,2013,24799,Manual,8426,Diesel,109,41.6,2.5,10,0,1,0,Diesel,2,1,0,1,0
X1,2016,61991,Automatic,71031,Petrol,21,50.6,3.0,7,1,0,0,Petrol,7,0,4,2,1
3 Series,2013,37300,Automatic,11047,Diesel,276,21.3,2.5,10,1,0,0,Diesel,2,0,0,1,0
1 Series,2022,30428,Automatic,22366,Diesel,194,47.8,3.5,1,1,0,0,Diesel,0,0,0,1,1
X4,2021,42326,Manual,143425,Diesel,44,37.4,4.4,2,0,1,0,Diesel,10,1,0,1,1
X2,2014,14251,Semi-Auto,26080,Diesel,110,37.6,3.0,9,0,0,1,Diesel,8,2,0,0,0
4 Series,2016,16446,Automatic,19788,Petrol,208,56.3,2.5,7,1,0,0,Petrol,3,0,4,0,0
X1,2022,27504,Automatic,61633,Diesel,229,54.4,3.5,1,1,0,0,Diesel,7,0,0,1,1
X6,2022,22513,Automatic,128461,Petrol,177,22.3,2.0,1,1,0,0,Petrol,12,0,4,1,1
1 Series,2019,13952,Automatic,137731,Petrol,249,44.7,1.5,4,1,0,0,Petrol,0,0,4,0,1
3 Series,2012,8428,Automatic,34921,Diesel,10,37.4,2.5,11,1,0,0,Diesel,2,0,0,0,0
3 Series,2019,32071,Automatic,136233,Petrol,251,24.7,3.0,4,1,0,0,Petrol,2,0,4,1,1
X1,2014,3000,Automatic,147575,Petrol,234,54.0,3.5,9,1,0,0,Petrol,7,0,4,0,0
5 Series,2020,44208,Manual,25982,Petrol,135,22.9,5.0,3,0,1,0,Petrol,4,1,4,1,1
1 Series,2012,20310,Manual,70014,Diesel,253,21.3,4.0,11,0,1,0,Diesel,0,1,0,0,0
X1,2014,31578,Semi-Auto,53632,Petrol,53,27.9,6.0,9,0,0,1,Petrol,7,2,4,1,0
X6,2012,9034,Automatic,121056,Diesel,128,32.1,2.5,11,1,0,0,Diesel,12,0,0,0,0
5 Series,2020,75522,Automatic,76696,Diesel,225,22.4,2.5,3,1,0,0,Diesel,4,0,0,2,1
1 Series,2019,3000,Automatic,101750,Diesel,19,45.7,2.5,4,1,0,0,Diesel,0,0,0,0,1
3 Series,2020,34793,Automatic,59926,Petrol,99,37.5,3.0,3,1,0,0,Petrol,2,0,4,1,1
3 Series,2016,59064,Automatic,74137,Diesel,289,36.5,2.5,7,1,0,0,Diesel,2,0,0,2,1
3 Series,2022,77710,Manual,70053,Petrol,56,25.8,3.0,1,0,1,0,Petrol,2,1,4,2,1
X1,2010,63040,Automatic,71338,Petrol,225,37.5,4.0,13,1,0,0,Petrol,7,0,4,2,0
X1,2018,3000,Semi-Auto,111694,Petrol,140,35.6,2.0,5,0,0,1,Petrol,7,2,4,0,1
X3,2018,9482,Manual,85295,Petrol,124,35.3,2.0,5,0,1,0,Petrol,9,1,4,0,1
5 Series,2014,3000,Manual,138816,Diesel,51,28.7,2.5,9,0,1,0,Diesel,4,1,0,0,0
X6,2018,3000,Manual,89309,Diesel,133,23.8,6.0,5,0,1,0,Diesel,12,1,0,0,1
3 Series,2019,56915,Automatic,114721,Petrol,291,30.4,1.5,4,1,0,0,Petrol,2,0,4,2,1
5 Series,2022,71449,Manual,51123,Electric,152,46.7,6.0,1,0,1,0,Electric,4,1,1,2,1
X6,2015,8324,Automatic,114732,Petrol,185,22.9,5.0,8,1,0,0,Petrol,12,0,4,0,0
3 Series,2014,21586,Manual,73672,Diesel,238,35.3,2.0,9,0,1,0,Diesel,2,1,0,0,0
1 Series,2022,70534,Automatic,53238,Diesel,182,40.6,4.0,1,1,0,0,Diesel,0,0,0,2,1
4 Series,2012,27478,Automatic,14417,Diesel,2,58.5,1.5,11,1,0,0,Diesel,3,0,0,1,0
3 Series,2020,44009,Automatic,91841,Petrol,283,53.8,2.5,3,1,0,0,Petrol,2,0,4,1,1
X3,2020,76555,Automatic,38719,Diesel,195,56.7,2.5,3,1,0,0,Diesel,9,0,0,2,1
1 Series,2017,52424,Automatic,5002,Petrol,165,52.8,4.4,6,1,0,0,Petrol,0,0,4,2,1
X3,2013,44714,Automatic,134404,Petrol,289,43.6,2.5,10,1,0,0,Petrol,9,0,4,1,0
3 Series,2019,33354,Manual,27149,Diesel,140,54.4,2.5,4,0,1,0,Diesel,2,1,0,1,1
1 Series,2022,72018,Automatic,95994,Diesel,110,42.6,3.0,1,1,0,0,Diesel,0,0,0,2,1
X1,2022,49054,Automatic,99989,Petrol,260,34.3,2.5,1,1,0,0,Petrol,7,0,4,1,1
3 Series,2012,22091,Automatic,86808,Petrol,187,34.9,2.5,11,1,0,0,Petrol,2,0,4,1,0
5 Series,2022,101608,Automatic,59923,Petrol,272,42.6,5.0,1,1,0,0,Petrol,4,0,4,2,1
1 Series,2015,96362,Automatic,18352,Petrol,184,52.4,2.0,8,1,0,0,Petrol,0,0,4,2,1
1 Series,2017,64060,Manual,62081,Petrol,286,25.3,2.5,6,0,1,0,Petrol,0,1,4,2,1
3 Series,2022,69856,Automatic,22645,Hybrid,91,21.6,1.5,1,1,0,0,Hybrid,2,0,2,2,1
1 Series,2018,41906,Automatic,26343,Petrol,193,51.6,3.5,5,1,0,0,Petrol,0,0,4,1,1
X2,2015,64674,Automatic,1645,Petrol,46,45.9,1.5,8,1,0,0,Petrol,8,0,4,2,0
1 Series,2014,59278,Automatic,32775,Diesel,143,52.9,1.5,9,1,0,0,Diesel,0,0,0,2,0
5 Series,2021,83879,Automatic,5121,Diesel,148,59.1,4.0,2,1,0,0,Diesel,4,0,0,2,1
1 Series,2020,27544,Manual,64742,Diesel,119,30.1,2.5,3,0,1,0,Diesel,0,1,0,1,1
3 Series,2011,53358,Automatic,10271,Diesel,133,27.8,3.0,12,1,0,0,Diesel,2,0,0,2,0
X2,2011,13822,Automatic,111821,Petrol,196,33.6,4.0,12,1,0,0,Petrol,8,0,4,0,0
3 Series,2018,20556,Automatic,76828,Diesel,36,55.1,2.5,5,1,0,0,Diesel,2,0,0,0,1
X7,2011,3000,Automatic,96011,Diesel,186,20.6,2.0,12,1,0,0,Diesel,13,0,0,0,0
3 Series,2011,40090,Manual,39682,Diesel,212,20.4,2.0,12,0,1,0,Diesel,2,1,0,1,0
X5,2012,54393,Automatic,74749,Electric,109,28.7,3.0,11,1,0,0,Electric,11,0,1,2,0
7 Series,2012,8798,Automatic,65747,Diesel,186,35.0,2.0,11,1,0,0,Diesel,6,0,0,0,0
4 Series,2013,42829,Manual,2903,Diesel,77,32.1,3.0,10,0,1,0,Diesel,3,1,0,1,0
X1,2016,42743,Automatic,103413,Petrol,297,53.0,2.5,7,1,0,0,Petrol,7,0,4,1,1
7 Series,2018,5211,Manual,87534,Diesel,124,47.6,2.5,5,0,1,0,Diesel,6,1,0,0,1
3 Series,2011,51540,Automatic,123702,Hybrid,1,53.5,2.0,12,1,0,0,Hybrid,2,0,2,2,0
3 Series,2013,12578,Automatic,19319,Diesel,70,35.4,2.5,10,1,0,0,Diesel,2,0,0,0,0
X2,2018,32119,Manual,99919,Petrol,211,43.8,2.0,5,0,1,0,Petrol,8,1,4,1,1
3 Series,2011,15782,Manual,77178,Diesel,7,40.6,2.5,12,0,1,0,Diesel,2,1,0,0,0
5 Series,2019,9851,Automatic,143582,Petrol,183,39.0,3.5,4,1,0,0,Petrol,4,0,4,0,1
X5,2020,23409,Manual,72991,Diesel,163,31.5,2.0,3,0,1,0,Diesel,11,1,0,1,1
3 Series,2022,44845,Automatic,69309,Diesel,268,48.4,4.4,1,1,0,0,Diesel,2,0,0,1,1
X7,2010,54023,Automatic,28377,Diesel,294,41.0,2.5,13,1,0,0,Diesel,13,0,0,2,0
X5,2019,19366,Automatic,59336,Diesel,80,23.1,2.0,4,1,0,0,Diesel,11,0,0,0,1
X1,2017,41739,Automatic,76312,Petrol,261,20.0,4.4,6,1,0,0,Petrol,7,0,4,1,1
4 Series,2018,9566,Manual,95941,Diesel,274,20.8,2.5,5,0,1,0,Diesel,3,1,0,0,1
1 Series,2016,27518,Automatic,60229,Diesel,104,23.0,3.0,7,1,0,0,Diesel,0,0,0,1,0
3 Series,2017,5332,Automatic,66679,Diesel,27,34.8,2.0,6,1,0,0,Diesel,2,0,0,0,1
5 Series,2013,13911,Manual,26698,Diesel,46,32.2,2.5,10,0,1,0,Diesel,4,1,0,0,0
3 Series,2013,3000,Automatic,149155,Petrol,54,26.3,3.0,10,1,0,0,Petrol,2,0,4,0,0
X5,2022,30038,Automatic,46169,Diesel,78,40.6,2.0,1,1,0,0,Diesel,11,0,0,1,1
X2,2011,34835,Automatic,99574,Diesel,0,58.8,3.0,12,1,0,0,Diesel,8,0,0,1,0
5 Series,2017,88205,Automatic,42022,Other,167,26.4,3.0,6,1,0,0,Other,4,0,3,2,1
3 Series,2020,4344,Manual,67543,Petrol,22,30.0,1.5,3,0,1,0,Petrol,2,1,4,0,1
X7,2011,5561,Automatic,93955,Petrol,227,38.5,3.5,12,1,0,0,Petrol,13,0,4,0,0
5 Series,2018,36759,Automatic,109768,Diesel,297,45.6,1.5,5,1,0,0,Diesel,4,0,0,1,1
5 Series,2013,30628,Manual,97416,Diesel,259,44.0,2.0,10,0,1,0,Diesel,4,1,0,1,0
5 Series,2010,48781,Automatic,139275,Petrol,263,40.8,5.0,13,1,0,0,Petrol,4,0,4,1,0
6 Series,2022,99061,Automatic,37492,Other,163,49.5,1.5,1,1,0,0,Other,5,0,3,2,1
X1,2013,3000,Manual,95525,Petrol,9,53.8,3.5,10,0,1,0,Petrol,7,1,4,0,0
X5,2012,14289,Automatic,111230,Petrol,115,60.0,3.0,11,1,0,0,Petrol,11,0,4,0,0
X6,2021,81017,Automatic,89519,Petrol,157,38.6,3.0,2,1,0,0,Petrol,12,0,4,2,1
3 Series,2015,50791,Automatic,59636,Diesel,271,59.8,3.0,8,1,0,0,Diesel,2,0,0,2,0
5 Series,2016,71434,Automatic,56639,Petrol,157,49.2,2.0,7,1,0,0,Petrol,4,0,4,2,1
2 Series,2017,61605,Automatic,41685,Diesel,201,46.3,3.0,6,1,0,0,Diesel,1,0,0,2,1
5 Series,2011,49378,Automatic,16739,Diesel,120,45.6,5.0,12,1,0,0,Diesel,4,0,0,2,0
X6,2015,51507,Manual,21704,Diesel,138,56.4,1.5,8,0,1,0,Diesel,12,1,0,2,0
X4,2015,62533,Automatic,96688,Petrol,161,57.9,2.5,8,1,0,0,Petrol,10,0,4,2,0
X1,2019,11144,Automatic,48383,Diesel,207,27.1,2.5,4,1,0,0,Diesel,7,0,0,0,1
X5,2021,46297,Manual,25307,Petrol,54,39.7,2.0,2,0,1,0,Petrol,11,1,4,1,1
X6,2014,27257,Automatic,5716,Hybrid,259,57.7,3.0,9,1,0,0,Hybrid,12,0,2,1,0
2 Series,2019,59422,Manual,101924,Diesel,43,35.3,3.0,4,0,1,0,Diesel,1,1,0,2,1
5 Series,2019,30759,Automatic,43928,Petrol,158,29.3,2.0,4,1,0,0,Petrol,4,0,4,1,1
1 Series,2016,53329,Automatic,14587,Other,97,24.1,3.0,7,1,0,0,Other,0,0,3,2,1
5 Series,2012,70529,Semi-Auto,2195,Petrol,25,43.9,2.5,11,0,0,1,Petrol,4,2,4,2,0
X3,2013,3000,Automatic,126711,Diesel,197,48.0,2.0,10,1,0,0,Diesel,9,0,0,0,0
5 Series,2019,34642,Semi-Auto,116982,Diesel,96,27.8,3.5,4,0,0,1,Diesel,4,2,0,1,1
X5,2022,89493,Automatic,21009,Diesel,238,46.9,1.5,1,1,0,0,Diesel,11,0,0,2,1
5 Series,2018,28253,Automatic,107172,Petrol,11,56.0,2.5,5,1,0,0,Petrol,4,0,4,1,1
X1,2013,3000,Automatic,102123,Diesel,44,29.7,2.5,10,1,0,0,Diesel,7,0,0,0,0
3 Series,2012,30968,Automatic,14696,Petrol,8,24.9,3.0,11,1,0,0,Petrol,2,0,4,1,0
X5,2011,3000,Manual,129733,Diesel,0,53.4,2.0,12,0,1,0,Diesel,11,1,0,0,0
7 Series,2014,104092,Automatic,8564,Petrol,209,56.7,4.0,9,1,0,0,Petrol,6,0,4,2,0
3 Series,2013,60751,Manual,4637,Diesel,53,28.6,5.0,10,0,1,0,Diesel,2,1,0,2,0
3 Series,2022,54659,Automatic,149862,Diesel,103,48.9,2.5,1,1,0,0,Diesel,2,0,0,2,1
X5,2022,26197,Automatic,94695,Diesel,151,43.6,2.0,1,1,0,0,Diesel,11,0,0,1,1
5 Series,2017,33945,Automatic,13568,Diesel,9,29.6,4.0,6,1,0,0,Diesel,4,0,0,1,1
3 Series,2016,59743,Automatic,94539,Petrol,39,52.9,6.0,7,1,0,0,Petrol,2,0,4,2,1
X7,2015,51652,Automatic,71847,Petrol,43,38.8,3.0,8,1,0,0,Petrol,13,0,4,2,0
X3,2020,70218,Automatic,42596,Petrol,267,48.0,2.5,3,1,0,0,Petrol,9,0,4,2,1
X7,2021,25805,Automatic,39315,Hybrid,277,32.1,2.0,2,1,0,0,Hybrid,13,0,2,1,1
5 Series,2011,15515,Manual,18191,Diesel,154,52.6,2.0,12,0,1,0,Diesel,4,1,0,0,0
5 Series,2012,40923,Manual,118083,Diesel,81,30.6,2.0,11,0,1,0,Diesel,4,1,0,1,0
6 Series,2019,75305,Automatic,21908,Diesel,196,34.6,2.0,4,1,0,0,Diesel,5,0,0,2,1
7 Series,2018,51780,Automatic,133487,Hybrid,51,35.7,5.0,5,1,0,0,Hybrid,6,0,2,2,1
X3,2022,92676,Automatic,41276,Diesel,222,28.3,3.0,1,1,0,0,Diesel,9,0,0,2,1
3 Series,2018,58691,Automatic,48650,Diesel,58,55.0,2.0,5,1,0,0,Diesel,2,0,0,2,1
5 Series,2014,12415,Automatic,65427,Diesel,293,24.5,2.5,9,1,0,0,Diesel,4,0,0,0,0
1 Series,2012,55538,Automatic,85369,Diesel,275,42.5,2.0,11,1,0,0,Diesel,0,0,0,2,0
3 Series,2011,3000,Manual,147478,Diesel,275,52.6,3.0,12,0,1,0,Diesel,2,1,0,0,0
1 Series,2017,9454,Automatic,95957,Diesel,109,43.2,2.5,6,1,0,0,Diesel,0,0,0,0,1
1 Series,2015,33267,Automatic,78316,Diesel,29,33.1,2.0,8,1,0,0,Diesel,0,0,0,1,0
Z4,2019,95336,Automatic,40871,Petrol,106,51.3,2.0,4,1,0,0,Petrol,14,0,4,2,1
3 Series,2020,63239,Semi-Auto,13221,Diesel,296,40.0,3.0,3,0,0,1,Diesel,2,2,0,2,1
X3,2021,54449,Automatic,22116,Diesel,94,26.5,2.5,2,1,0,0,Diesel,9,0,0,2,1
2 Series,2016,21893,Manual,42474,Petrol,284,32.7,2.5,7,0,1,0,Petrol,1,1,4,1,0
X1,2010,9778,Semi-Auto,41100,Petrol,206,43.7,3.5,13,0,0,1,Petrol,7,2,4,0,0
3 Series,2010,44045,Manual,118982,Diesel,171,46.4,3.0,13,0,1,0,Diesel,2,1,0,1,0
X3,2019,51979,Semi-Auto,6416,Diesel,78,41.9,2.5,4,0,0,1,Diesel,9,2,0,2,1
X1,2011,35083,Automatic,16251,Petrol,249,30.9,5.0,12,1,0,0,Petrol,7,0,4,1,0
X5,2019,57676,Automatic,55822,Petrol,217,43.8,2.0,4,1,0,0,Petrol,11,0,4,2,1
X5,2012,46163,Automatic,44655,Diesel,56,33.3,2.0,11,1,0,0,Diesel,11,0,0,1,0
Z4,2021,43724,Automatic,134099,Petrol,146,29.0,4.4,2,1,0,0,Petrol,14,0,4,1,1
X1,2010,3000,Automatic,90091,Diesel,233,57.8,4.0,13,1,0,0,Diesel,7,0,0,0,0
3 Series,2014,28004,Automatic,144016,Diesel,16,32.6,2.0,9,1,0,0,Diesel,2,0,0,1,0
X1,2012,37606,Automatic,1315,Diesel,196,33.4,4.4,11,1,0,0,Diesel,7,0,0,1,0
1 Series,2010,3000,Manual,99834,Hybrid,188,55.9,1.5,13,0,1,0,Hybrid,0,1,2,0,0
6 Series,2017,20570,Automatic,109898,Petrol,131,25.7,3.5,6,1,0,0,Petrol,5,0,4,0,1
1 Series,2021,92451,Automatic,52011,Petrol,247,43.4,2.0,2,1,0,0,Petrol,0,0,4,2,1
3 Series,2020,45064,Semi-Auto,41640,Petrol,149,51.3,2.0,3,0,0,1,Petrol,2,2,4,1,1
X6,2015,51742,Automatic,114802,Petrol,201,30.9,2.5,8,1,0,0,Petrol,12,0,4,2,0
X1,2018,28181,Manual,92331,Petrol,212,53.8,4.0,5,0,1,0,Petrol,7,1,4,1,1
